2025-03-06 17:27:36 [background-preinit] INFO  o.h.validator.internal.util.Version - HV000001: Hibernate Validator 8.0.2.Final
2025-03-06 17:27:36 [restartedMain] INFO  com.yts.revaux.RevAuxApplication - Starting RevAuxApplication using Java 21.0.5 with PID 63896 (/home/yts125/Desktop/LatestNtQuote_March6/rev-aux/target/classes started by yts125 in /home/yts125/Desktop/LatestNtQuote_March6/rev-aux)
2025-03-06 17:27:36 [restartedMain] INFO  com.yts.revaux.RevAuxApplication - The following 1 profile is active: "dev"
2025-03-06 17:27:36 [restartedMain] INFO  o.s.b.d.e.DevToolsPropertyDefaultsPostProcessor - Devtools property defaults active! Set 'spring.devtools.add-properties' to 'false' to disable
2025-03-06 17:27:36 [restartedMain] INFO  o.s.b.d.e.DevToolsPropertyDefaultsPostProcessor - For additional web related logging consider setting the 'logging.level.web' property to 'DEBUG'
2025-03-06 17:27:36 [restartedMain] INFO  o.s.d.r.c.RepositoryConfigurationDelegate - Multiple Spring Data modules found, entering strict repository configuration mode
2025-03-06 17:27:36 [restartedMain] INFO  o.s.d.r.c.RepositoryConfigurationDelegate - Bootstrapping Spring Data JDBC repositories in DEFAULT mode.
2025-03-06 17:27:36 [restartedMain] INFO  o.s.d.r.c.RepositoryConfigurationExtensionSupport - Spring Data JDBC - Could not safely identify store assignment for repository candidate interface com.yts.revaux.admin.repository.AdminRepository; If you want this repository to be a JDBC repository, consider annotating your entities with one of these annotations: org.springframework.data.relational.core.mapping.Table.
2025-03-06 17:27:36 [restartedMain] INFO  o.s.d.r.c.RepositoryConfigurationExtensionSupport - Spring Data JDBC - Could not safely identify store assignment for repository candidate interface com.yts.revaux.admin.repository.UserRepository; If you want this repository to be a JDBC repository, consider annotating your entities with one of these annotations: org.springframework.data.relational.core.mapping.Table.
2025-03-06 17:27:36 [restartedMain] INFO  o.s.d.r.c.RepositoryConfigurationExtensionSupport - Spring Data JDBC - Could not safely identify store assignment for repository candidate interface com.yts.revaux.ntQuote.repository.NTQuoteListRepository; If you want this repository to be a JDBC repository, consider annotating your entities with one of these annotations: org.springframework.data.relational.core.mapping.Table.
2025-03-06 17:27:36 [restartedMain] INFO  o.s.d.r.c.RepositoryConfigurationExtensionSupport - Spring Data JDBC - Could not safely identify store assignment for repository candidate interface com.yts.revaux.ntQuote.repository.NtQuoteComponentDetailRepository; If you want this repository to be a JDBC repository, consider annotating your entities with one of these annotations: org.springframework.data.relational.core.mapping.Table.
2025-03-06 17:27:36 [restartedMain] INFO  o.s.d.r.c.RepositoryConfigurationExtensionSupport - Spring Data JDBC - Could not safely identify store assignment for repository candidate interface com.yts.revaux.ntQuote.repository.NtQuoteContactReviewInformationRepository; If you want this repository to be a JDBC repository, consider annotating your entities with one of these annotations: org.springframework.data.relational.core.mapping.Table.
2025-03-06 17:27:36 [restartedMain] INFO  o.s.d.r.c.RepositoryConfigurationExtensionSupport - Spring Data JDBC - Could not safely identify store assignment for repository candidate interface com.yts.revaux.ntQuote.repository.NtQuoteCostOverviewCustomerInputOutputRepository; If you want this repository to be a JDBC repository, consider annotating your entities with one of these annotations: org.springframework.data.relational.core.mapping.Table.
2025-03-06 17:27:36 [restartedMain] INFO  o.s.d.r.c.RepositoryConfigurationExtensionSupport - Spring Data JDBC - Could not safely identify store assignment for repository candidate interface com.yts.revaux.ntQuote.repository.NtQuoteCustomerProjectRepository; If you want this repository to be a JDBC repository, consider annotating your entities with one of these annotations: org.springframework.data.relational.core.mapping.Table.
2025-03-06 17:27:36 [restartedMain] INFO  o.s.d.r.c.RepositoryConfigurationExtensionSupport - Spring Data JDBC - Could not safely identify store assignment for repository candidate interface com.yts.revaux.ntQuote.repository.NtQuoteProjectConsiderationRepository; If you want this repository to be a JDBC repository, consider annotating your entities with one of these annotations: org.springframework.data.relational.core.mapping.Table.
2025-03-06 17:27:36 [restartedMain] INFO  o.s.d.r.c.RepositoryConfigurationExtensionSupport - Spring Data JDBC - Could not safely identify store assignment for repository candidate interface com.yts.revaux.ntQuote.repository.NtQuoteProjectEstimatedTimingRepository; If you want this repository to be a JDBC repository, consider annotating your entities with one of these annotations: org.springframework.data.relational.core.mapping.Table.
2025-03-06 17:27:36 [restartedMain] INFO  o.s.d.r.c.RepositoryConfigurationExtensionSupport - Spring Data JDBC - Could not safely identify store assignment for repository candidate interface com.yts.revaux.ntQuote.repository.QuoteLabourRateRepository; If you want this repository to be a JDBC repository, consider annotating your entities with one of these annotations: org.springframework.data.relational.core.mapping.Table.
2025-03-06 17:27:36 [restartedMain] INFO  o.s.d.r.c.RepositoryConfigurationExtensionSupport - Spring Data JDBC - Could not safely identify store assignment for repository candidate interface com.yts.revaux.ntQuote.repository.QuoteMachineEfficiencyRepository; If you want this repository to be a JDBC repository, consider annotating your entities with one of these annotations: org.springframework.data.relational.core.mapping.Table.
2025-03-06 17:27:36 [restartedMain] INFO  o.s.d.r.c.RepositoryConfigurationExtensionSupport - Spring Data JDBC - Could not safely identify store assignment for repository candidate interface com.yts.revaux.ntQuote.repository.QuoteMachineSetupRepository; If you want this repository to be a JDBC repository, consider annotating your entities with one of these annotations: org.springframework.data.relational.core.mapping.Table.
2025-03-06 17:27:36 [restartedMain] INFO  o.s.d.r.c.RepositoryConfigurationExtensionSupport - Spring Data JDBC - Could not safely identify store assignment for repository candidate interface com.yts.revaux.ntQuote.repository.QuoteMaterialMarkupRepository; If you want this repository to be a JDBC repository, consider annotating your entities with one of these annotations: org.springframework.data.relational.core.mapping.Table.
2025-03-06 17:27:36 [restartedMain] INFO  o.s.d.r.c.RepositoryConfigurationExtensionSupport - Spring Data JDBC - Could not safely identify store assignment for repository candidate interface com.yts.revaux.ntQuote.repository.QuoteProfitRepository; If you want this repository to be a JDBC repository, consider annotating your entities with one of these annotations: org.springframework.data.relational.core.mapping.Table.
2025-03-06 17:27:36 [restartedMain] INFO  o.s.d.r.c.RepositoryConfigurationExtensionSupport - Spring Data JDBC - Could not safely identify store assignment for repository candidate interface com.yts.revaux.ntQuote.repository.QuoteScrapRateRepository; If you want this repository to be a JDBC repository, consider annotating your entities with one of these annotations: org.springframework.data.relational.core.mapping.Table.
2025-03-06 17:27:36 [restartedMain] INFO  o.s.d.r.c.RepositoryConfigurationExtensionSupport - Spring Data JDBC - Could not safely identify store assignment for repository candidate interface com.yts.revaux.ntQuote.repository.QuoteSgaRateRepository; If you want this repository to be a JDBC repository, consider annotating your entities with one of these annotations: org.springframework.data.relational.core.mapping.Table.
2025-03-06 17:27:36 [restartedMain] INFO  o.s.d.r.c.RepositoryConfigurationDelegate - Finished Spring Data repository scanning in 23 ms. Found 0 JDBC repository interfaces.
2025-03-06 17:27:36 [restartedMain] INFO  o.s.d.r.c.RepositoryConfigurationDelegate - Multiple Spring Data modules found, entering strict repository configuration mode
2025-03-06 17:27:36 [restartedMain] INFO  o.s.d.r.c.RepositoryConfigurationDelegate - Bootstrapping Spring Data JPA repositories in DEFAULT mode.
2025-03-06 17:27:36 [restartedMain] INFO  o.s.d.r.c.RepositoryConfigurationDelegate - Finished Spring Data repository scanning in 65 ms. Found 16 JPA repository interfaces.
2025-03-06 17:27:36 [restartedMain] INFO  o.s.d.r.c.RepositoryConfigurationDelegate - Multiple Spring Data modules found, entering strict repository configuration mode
2025-03-06 17:27:36 [restartedMain] INFO  o.s.d.r.c.RepositoryConfigurationDelegate - Bootstrapping Spring Data Redis repositories in DEFAULT mode.
2025-03-06 17:27:36 [restartedMain] INFO  o.s.d.r.c.RepositoryConfigurationExtensionSupport - Spring Data Redis - Could not safely identify store assignment for repository candidate interface com.yts.revaux.admin.repository.AdminRepository; If you want this repository to be a Redis repository, consider annotating your entities with one of these annotations: org.springframework.data.redis.core.RedisHash (preferred), or consider extending one of the following types with your repository: org.springframework.data.keyvalue.repository.KeyValueRepository
2025-03-06 17:27:36 [restartedMain] INFO  o.s.d.r.c.RepositoryConfigurationExtensionSupport - Spring Data Redis - Could not safely identify store assignment for repository candidate interface com.yts.revaux.admin.repository.UserRepository; If you want this repository to be a Redis repository, consider annotating your entities with one of these annotations: org.springframework.data.redis.core.RedisHash (preferred), or consider extending one of the following types with your repository: org.springframework.data.keyvalue.repository.KeyValueRepository
2025-03-06 17:27:36 [restartedMain] INFO  o.s.d.r.c.RepositoryConfigurationExtensionSupport - Spring Data Redis - Could not safely identify store assignment for repository candidate interface com.yts.revaux.ntQuote.repository.NTQuoteListRepository; If you want this repository to be a Redis repository, consider annotating your entities with one of these annotations: org.springframework.data.redis.core.RedisHash (preferred), or consider extending one of the following types with your repository: org.springframework.data.keyvalue.repository.KeyValueRepository
2025-03-06 17:27:36 [restartedMain] INFO  o.s.d.r.c.RepositoryConfigurationExtensionSupport - Spring Data Redis - Could not safely identify store assignment for repository candidate interface com.yts.revaux.ntQuote.repository.NtQuoteComponentDetailRepository; If you want this repository to be a Redis repository, consider annotating your entities with one of these annotations: org.springframework.data.redis.core.RedisHash (preferred), or consider extending one of the following types with your repository: org.springframework.data.keyvalue.repository.KeyValueRepository
2025-03-06 17:27:36 [restartedMain] INFO  o.s.d.r.c.RepositoryConfigurationExtensionSupport - Spring Data Redis - Could not safely identify store assignment for repository candidate interface com.yts.revaux.ntQuote.repository.NtQuoteContactReviewInformationRepository; If you want this repository to be a Redis repository, consider annotating your entities with one of these annotations: org.springframework.data.redis.core.RedisHash (preferred), or consider extending one of the following types with your repository: org.springframework.data.keyvalue.repository.KeyValueRepository
2025-03-06 17:27:36 [restartedMain] INFO  o.s.d.r.c.RepositoryConfigurationExtensionSupport - Spring Data Redis - Could not safely identify store assignment for repository candidate interface com.yts.revaux.ntQuote.repository.NtQuoteCostOverviewCustomerInputOutputRepository; If you want this repository to be a Redis repository, consider annotating your entities with one of these annotations: org.springframework.data.redis.core.RedisHash (preferred), or consider extending one of the following types with your repository: org.springframework.data.keyvalue.repository.KeyValueRepository
2025-03-06 17:27:36 [restartedMain] INFO  o.s.d.r.c.RepositoryConfigurationExtensionSupport - Spring Data Redis - Could not safely identify store assignment for repository candidate interface com.yts.revaux.ntQuote.repository.NtQuoteCustomerProjectRepository; If you want this repository to be a Redis repository, consider annotating your entities with one of these annotations: org.springframework.data.redis.core.RedisHash (preferred), or consider extending one of the following types with your repository: org.springframework.data.keyvalue.repository.KeyValueRepository
2025-03-06 17:27:36 [restartedMain] INFO  o.s.d.r.c.RepositoryConfigurationExtensionSupport - Spring Data Redis - Could not safely identify store assignment for repository candidate interface com.yts.revaux.ntQuote.repository.NtQuoteProjectConsiderationRepository; If you want this repository to be a Redis repository, consider annotating your entities with one of these annotations: org.springframework.data.redis.core.RedisHash (preferred), or consider extending one of the following types with your repository: org.springframework.data.keyvalue.repository.KeyValueRepository
2025-03-06 17:27:36 [restartedMain] INFO  o.s.d.r.c.RepositoryConfigurationExtensionSupport - Spring Data Redis - Could not safely identify store assignment for repository candidate interface com.yts.revaux.ntQuote.repository.NtQuoteProjectEstimatedTimingRepository; If you want this repository to be a Redis repository, consider annotating your entities with one of these annotations: org.springframework.data.redis.core.RedisHash (preferred), or consider extending one of the following types with your repository: org.springframework.data.keyvalue.repository.KeyValueRepository
2025-03-06 17:27:36 [restartedMain] INFO  o.s.d.r.c.RepositoryConfigurationExtensionSupport - Spring Data Redis - Could not safely identify store assignment for repository candidate interface com.yts.revaux.ntQuote.repository.QuoteLabourRateRepository; If you want this repository to be a Redis repository, consider annotating your entities with one of these annotations: org.springframework.data.redis.core.RedisHash (preferred), or consider extending one of the following types with your repository: org.springframework.data.keyvalue.repository.KeyValueRepository
2025-03-06 17:27:36 [restartedMain] INFO  o.s.d.r.c.RepositoryConfigurationExtensionSupport - Spring Data Redis - Could not safely identify store assignment for repository candidate interface com.yts.revaux.ntQuote.repository.QuoteMachineEfficiencyRepository; If you want this repository to be a Redis repository, consider annotating your entities with one of these annotations: org.springframework.data.redis.core.RedisHash (preferred), or consider extending one of the following types with your repository: org.springframework.data.keyvalue.repository.KeyValueRepository
2025-03-06 17:27:36 [restartedMain] INFO  o.s.d.r.c.RepositoryConfigurationExtensionSupport - Spring Data Redis - Could not safely identify store assignment for repository candidate interface com.yts.revaux.ntQuote.repository.QuoteMachineSetupRepository; If you want this repository to be a Redis repository, consider annotating your entities with one of these annotations: org.springframework.data.redis.core.RedisHash (preferred), or consider extending one of the following types with your repository: org.springframework.data.keyvalue.repository.KeyValueRepository
2025-03-06 17:27:36 [restartedMain] INFO  o.s.d.r.c.RepositoryConfigurationExtensionSupport - Spring Data Redis - Could not safely identify store assignment for repository candidate interface com.yts.revaux.ntQuote.repository.QuoteMaterialMarkupRepository; If you want this repository to be a Redis repository, consider annotating your entities with one of these annotations: org.springframework.data.redis.core.RedisHash (preferred), or consider extending one of the following types with your repository: org.springframework.data.keyvalue.repository.KeyValueRepository
2025-03-06 17:27:36 [restartedMain] INFO  o.s.d.r.c.RepositoryConfigurationExtensionSupport - Spring Data Redis - Could not safely identify store assignment for repository candidate interface com.yts.revaux.ntQuote.repository.QuoteProfitRepository; If you want this repository to be a Redis repository, consider annotating your entities with one of these annotations: org.springframework.data.redis.core.RedisHash (preferred), or consider extending one of the following types with your repository: org.springframework.data.keyvalue.repository.KeyValueRepository
2025-03-06 17:27:36 [restartedMain] INFO  o.s.d.r.c.RepositoryConfigurationExtensionSupport - Spring Data Redis - Could not safely identify store assignment for repository candidate interface com.yts.revaux.ntQuote.repository.QuoteScrapRateRepository; If you want this repository to be a Redis repository, consider annotating your entities with one of these annotations: org.springframework.data.redis.core.RedisHash (preferred), or consider extending one of the following types with your repository: org.springframework.data.keyvalue.repository.KeyValueRepository
2025-03-06 17:27:36 [restartedMain] INFO  o.s.d.r.c.RepositoryConfigurationExtensionSupport - Spring Data Redis - Could not safely identify store assignment for repository candidate interface com.yts.revaux.ntQuote.repository.QuoteSgaRateRepository; If you want this repository to be a Redis repository, consider annotating your entities with one of these annotations: org.springframework.data.redis.core.RedisHash (preferred), or consider extending one of the following types with your repository: org.springframework.data.keyvalue.repository.KeyValueRepository
2025-03-06 17:27:36 [restartedMain] INFO  o.s.d.r.c.RepositoryConfigurationDelegate - Finished Spring Data repository scanning in 4 ms. Found 0 Redis repository interfaces.
2025-03-06 17:27:37 [restartedMain] INFO  o.s.b.w.e.tomcat.TomcatWebServer - Tomcat initialized with port 8080 (http)
2025-03-06 17:27:37 [restartedMain] INFO  o.a.coyote.http11.Http11NioProtocol - Initializing ProtocolHandler ["http-nio-8080"]
2025-03-06 17:27:37 [restartedMain] INFO  o.a.catalina.core.StandardService - Starting service [Tomcat]
2025-03-06 17:27:37 [restartedMain] INFO  o.a.catalina.core.StandardEngine - Starting Servlet engine: [Apache Tomcat/10.1.36]
2025-03-06 17:27:37 [restartedMain] INFO  o.a.c.c.C.[.[localhost].[/rev-aux] - Initializing Spring embedded WebApplicationContext
2025-03-06 17:27:37 [restartedMain] INFO  o.s.b.w.s.c.ServletWebServerApplicationContext - Root WebApplicationContext: initialization completed in 794 ms
2025-03-06 17:27:37 [restartedMain] INFO  o.h.jpa.internal.util.LogHelper - HHH000204: Processing PersistenceUnitInfo [name: default]
2025-03-06 17:27:37 [restartedMain] INFO  org.hibernate.Version - HHH000412: Hibernate ORM core version 6.6.8.Final
2025-03-06 17:27:37 [restartedMain] INFO  o.h.c.i.RegionFactoryInitiator - HHH000026: Second-level cache disabled
2025-03-06 17:27:37 [restartedMain] INFO  o.s.o.j.p.SpringPersistenceUnitInfo - No LoadTimeWeaver setup: ignoring JPA class transformer
2025-03-06 17:27:37 [restartedMain] INFO  com.zaxxer.hikari.HikariDataSource - HikariPool-1 - Starting...
2025-03-06 17:27:37 [restartedMain] INFO  com.zaxxer.hikari.pool.HikariPool - HikariPool-1 - Added connection org.postgresql.jdbc.PgConnection@574774b8
2025-03-06 17:27:37 [restartedMain] INFO  com.zaxxer.hikari.HikariDataSource - HikariPool-1 - Start completed.
2025-03-06 17:27:37 [restartedMain] INFO  o.hibernate.orm.connections.pooling - HHH10001005: Database info:
	Database JDBC URL [Connecting through datasource 'HikariDataSource (HikariPool-1)']
	Database driver: undefined/unknown
	Database version: 14.17
	Autocommit mode: undefined/unknown
	Isolation level: undefined/unknown
	Minimum pool size: undefined/unknown
	Maximum pool size: undefined/unknown
2025-03-06 17:27:38 [restartedMain] INFO  o.h.e.t.j.p.i.JtaPlatformInitiator - HHH000489: No JTA platform available (set 'hibernate.transaction.jta.platform' to enable JTA platform integration)
2025-03-06 17:27:39 [restartedMain] INFO  o.s.o.j.LocalContainerEntityManagerFactoryBean - Initialized JPA EntityManagerFactory for persistence unit 'default'
2025-03-06 17:27:40 [restartedMain] INFO  o.s.d.j.r.query.QueryEnhancerFactory - Hibernate is in classpath; If applicable, HQL parser will be used.
2025-03-06 17:27:40 [restartedMain] WARN  o.s.b.a.o.j.JpaBaseConfiguration$JpaWebConfiguration - spring.jpa.open-in-view is enabled by default. Therefore, database queries may be performed during view rendering. Explicitly configure spring.jpa.open-in-view to disable this warning
2025-03-06 17:27:40 [restartedMain] INFO  o.s.s.c.a.a.c.InitializeUserDetailsBeanManagerConfigurer$InitializeUserDetailsManagerConfigurer - Global AuthenticationManager configured with UserDetailsService bean with name customUserDetailsService
2025-03-06 17:27:41 [restartedMain] INFO  o.s.b.d.a.OptionalLiveReloadServer - LiveReload server is running on port 35729
2025-03-06 17:27:41 [restartedMain] INFO  o.a.coyote.http11.Http11NioProtocol - Starting ProtocolHandler ["http-nio-8080"]
2025-03-06 17:27:41 [restartedMain] INFO  o.s.b.w.e.tomcat.TomcatWebServer - Tomcat started on port 8080 (http) with context path '/rev-aux'
2025-03-06 17:27:41 [restartedMain] INFO  com.yts.revaux.RevAuxApplication - Started RevAuxApplication in 5.154 seconds (process running for 5.464)
2025-03-06 17:27:41 [http-nio-8080-exec-1] INFO  o.a.c.c.C.[.[localhost].[/rev-aux] - Initializing Spring DispatcherServlet 'dispatcherServlet'
2025-03-06 17:27:41 [http-nio-8080-exec-1] INFO  o.s.web.servlet.DispatcherServlet - Initializing Servlet 'dispatcherServlet'
2025-03-06 17:27:41 [http-nio-8080-exec-1] INFO  o.s.web.servlet.DispatcherServlet - Completed initialization in 1 ms
2025-03-06 17:27:41 [http-nio-8080-exec-1] WARN  c.y.r.config.JwtAuthenticationFilter - ❌ No valid JWT token found in cookies!
2025-03-06 17:27:41 [http-nio-8080-exec-2] WARN  c.y.r.config.JwtAuthenticationFilter - ❌ No valid JWT token found in cookies!
2025-03-06 17:27:41 [http-nio-8080-exec-5] WARN  c.y.r.config.JwtAuthenticationFilter - ❌ No valid JWT token found in cookies!
2025-03-06 17:27:41 [http-nio-8080-exec-4] WARN  c.y.r.config.JwtAuthenticationFilter - ❌ No valid JWT token found in cookies!
2025-03-06 17:27:41 [http-nio-8080-exec-3] WARN  c.y.r.config.JwtAuthenticationFilter - ❌ No valid JWT token found in cookies!
2025-03-06 17:27:41 [http-nio-8080-exec-6] WARN  c.y.r.config.JwtAuthenticationFilter - ❌ No valid JWT token found in cookies!
2025-03-06 17:27:41 [http-nio-8080-exec-7] WARN  c.y.r.config.JwtAuthenticationFilter - ❌ No valid JWT token found in cookies!
2025-03-06 17:27:41 [http-nio-8080-exec-8] WARN  c.y.r.config.JwtAuthenticationFilter - ❌ No valid JWT token found in cookies!
2025-03-06 17:27:41 [http-nio-8080-exec-9] WARN  c.y.r.config.JwtAuthenticationFilter - ❌ No valid JWT token found in cookies!
2025-03-06 17:27:41 [http-nio-8080-exec-10] WARN  c.y.r.config.JwtAuthenticationFilter - ❌ No valid JWT token found in cookies!
2025-03-06 17:28:08 [http-nio-8080-exec-1] WARN  c.y.r.config.JwtAuthenticationFilter - ❌ No valid JWT token found in cookies!
2025-03-06 17:28:17 [http-nio-8080-exec-4] WARN  c.y.r.config.JwtAuthenticationFilter - ❌ No valid JWT token found in cookies!
2025-03-06 17:28:17 [http-nio-8080-exec-5] WARN  c.y.r.config.JwtAuthenticationFilter - ❌ No valid JWT token found in cookies!
2025-03-06 17:28:17 [http-nio-8080-exec-2] WARN  c.y.r.config.JwtAuthenticationFilter - ❌ No valid JWT token found in cookies!
2025-03-06 17:28:17 [http-nio-8080-exec-3] WARN  c.y.r.config.JwtAuthenticationFilter - ❌ No valid JWT token found in cookies!
2025-03-06 17:28:17 [http-nio-8080-exec-7] WARN  c.y.r.config.JwtAuthenticationFilter - ❌ No valid JWT token found in cookies!
2025-03-06 17:28:17 [http-nio-8080-exec-6] WARN  c.y.r.config.JwtAuthenticationFilter - ❌ No valid JWT token found in cookies!
2025-03-06 17:28:17 [http-nio-8080-exec-8] WARN  c.y.r.config.JwtAuthenticationFilter - ❌ No valid JWT token found in cookies!
2025-03-06 17:28:17 [http-nio-8080-exec-9] WARN  c.y.r.config.JwtAuthenticationFilter - ❌ No valid JWT token found in cookies!
2025-03-06 17:28:17 [http-nio-8080-exec-10] WARN  c.y.r.config.JwtAuthenticationFilter - ❌ No valid JWT token found in cookies!
2025-03-06 17:28:17 [http-nio-8080-exec-1] WARN  c.y.r.config.JwtAuthenticationFilter - ❌ No valid JWT token found in cookies!
2025-03-06 17:28:17 [http-nio-8080-exec-2] WARN  c.y.r.config.JwtAuthenticationFilter - ❌ No valid JWT token found in cookies!
2025-03-06 17:28:17 [http-nio-8080-exec-5] WARN  c.y.r.config.JwtAuthenticationFilter - ❌ No valid JWT token found in cookies!
2025-03-06 17:28:17 [http-nio-8080-exec-4] WARN  c.y.r.config.JwtAuthenticationFilter - ❌ No valid JWT token found in cookies!
2025-03-06 17:28:17 [http-nio-8080-exec-3] WARN  c.y.r.config.JwtAuthenticationFilter - ❌ No valid JWT token found in cookies!
2025-03-06 17:28:17 [http-nio-8080-exec-6] WARN  c.y.r.config.JwtAuthenticationFilter - ❌ No valid JWT token found in cookies!
2025-03-06 17:28:17 [http-nio-8080-exec-8] WARN  c.y.r.config.JwtAuthenticationFilter - ❌ No valid JWT token found in cookies!
2025-03-06 17:28:17 [http-nio-8080-exec-7] WARN  c.y.r.config.JwtAuthenticationFilter - ❌ No valid JWT token found in cookies!
2025-03-06 17:28:17 [http-nio-8080-exec-9] WARN  c.y.r.config.JwtAuthenticationFilter - ❌ No valid JWT token found in cookies!
2025-03-06 17:28:17 [http-nio-8080-exec-10] WARN  c.y.r.config.JwtAuthenticationFilter - ❌ No valid JWT token found in cookies!
2025-03-06 17:28:17 [http-nio-8080-exec-1] WARN  c.y.r.config.JwtAuthenticationFilter - ❌ No valid JWT token found in cookies!
2025-03-06 17:28:17 [http-nio-8080-exec-5] WARN  c.y.r.config.JwtAuthenticationFilter - ❌ No valid JWT token found in cookies!
2025-03-06 17:28:17 [http-nio-8080-exec-2] WARN  c.y.r.config.JwtAuthenticationFilter - ❌ No valid JWT token found in cookies!
2025-03-06 17:28:17 [http-nio-8080-exec-4] WARN  c.y.r.config.JwtAuthenticationFilter - ❌ No valid JWT token found in cookies!
2025-03-06 17:28:17 [http-nio-8080-exec-3] WARN  c.y.r.config.JwtAuthenticationFilter - ❌ No valid JWT token found in cookies!
2025-03-06 17:28:17 [http-nio-8080-exec-6] WARN  c.y.r.config.JwtAuthenticationFilter - ❌ No valid JWT token found in cookies!
2025-03-06 17:28:17 [http-nio-8080-exec-8] WARN  c.y.r.config.JwtAuthenticationFilter - ❌ No valid JWT token found in cookies!
2025-03-06 17:28:17 [http-nio-8080-exec-7] WARN  c.y.r.config.JwtAuthenticationFilter - ❌ No valid JWT token found in cookies!
2025-03-06 17:28:17 [http-nio-8080-exec-9] WARN  c.y.r.config.JwtAuthenticationFilter - ❌ No valid JWT token found in cookies!
2025-03-06 17:28:17 [http-nio-8080-exec-10] WARN  c.y.r.config.JwtAuthenticationFilter - ❌ No valid JWT token found in cookies!
2025-03-06 17:28:17 [http-nio-8080-exec-4] WARN  c.y.r.config.JwtAuthenticationFilter - ❌ No valid JWT token found in cookies!
2025-03-06 17:28:17 [http-nio-8080-exec-2] WARN  c.y.r.config.JwtAuthenticationFilter - ❌ No valid JWT token found in cookies!
2025-03-06 17:28:17 [http-nio-8080-exec-1] WARN  c.y.r.config.JwtAuthenticationFilter - ❌ No valid JWT token found in cookies!
2025-03-06 17:28:17 [http-nio-8080-exec-5] WARN  c.y.r.config.JwtAuthenticationFilter - ❌ No valid JWT token found in cookies!
2025-03-06 17:28:17 [http-nio-8080-exec-8] WARN  c.y.r.config.JwtAuthenticationFilter - ❌ No valid JWT token found in cookies!
2025-03-06 17:28:17 [http-nio-8080-exec-3] WARN  c.y.r.config.JwtAuthenticationFilter - ❌ No valid JWT token found in cookies!
2025-03-06 17:28:17 [http-nio-8080-exec-6] WARN  c.y.r.config.JwtAuthenticationFilter - ❌ No valid JWT token found in cookies!
2025-03-06 17:28:17 [http-nio-8080-exec-7] WARN  c.y.r.config.JwtAuthenticationFilter - ❌ No valid JWT token found in cookies!
2025-03-06 17:28:17 [http-nio-8080-exec-9] WARN  c.y.r.config.JwtAuthenticationFilter - ❌ No valid JWT token found in cookies!
2025-03-06 17:28:17 [http-nio-8080-exec-10] WARN  c.y.r.config.JwtAuthenticationFilter - ❌ No valid JWT token found in cookies!
2025-03-06 17:28:17 [http-nio-8080-exec-4] WARN  c.y.r.config.JwtAuthenticationFilter - ❌ No valid JWT token found in cookies!
2025-03-06 17:28:17 [http-nio-8080-exec-1] WARN  c.y.r.config.JwtAuthenticationFilter - ❌ No valid JWT token found in cookies!
2025-03-06 17:28:17 [http-nio-8080-exec-2] WARN  c.y.r.config.JwtAuthenticationFilter - ❌ No valid JWT token found in cookies!
2025-03-06 17:28:17 [http-nio-8080-exec-5] WARN  c.y.r.config.JwtAuthenticationFilter - ❌ No valid JWT token found in cookies!
2025-03-06 17:28:17 [http-nio-8080-exec-8] WARN  c.y.r.config.JwtAuthenticationFilter - ❌ No valid JWT token found in cookies!
2025-03-06 17:28:17 [http-nio-8080-exec-3] WARN  c.y.r.config.JwtAuthenticationFilter - ❌ No valid JWT token found in cookies!
2025-03-06 17:28:17 [http-nio-8080-exec-7] WARN  c.y.r.config.JwtAuthenticationFilter - ❌ No valid JWT token found in cookies!
2025-03-06 17:28:17 [http-nio-8080-exec-6] WARN  c.y.r.config.JwtAuthenticationFilter - ❌ No valid JWT token found in cookies!
2025-03-06 17:28:17 [http-nio-8080-exec-9] WARN  c.y.r.config.JwtAuthenticationFilter - ❌ No valid JWT token found in cookies!
2025-03-06 17:28:17 [http-nio-8080-exec-4] WARN  c.y.r.config.JwtAuthenticationFilter - ❌ No valid JWT token found in cookies!
2025-03-06 17:28:17 [http-nio-8080-exec-10] WARN  c.y.r.config.JwtAuthenticationFilter - ❌ No valid JWT token found in cookies!
2025-03-06 17:28:17 [http-nio-8080-exec-1] WARN  c.y.r.config.JwtAuthenticationFilter - ❌ No valid JWT token found in cookies!
2025-03-06 17:28:17 [http-nio-8080-exec-5] WARN  c.y.r.config.JwtAuthenticationFilter - ❌ No valid JWT token found in cookies!
2025-03-06 17:28:22 [http-nio-8080-exec-3] WARN  c.y.r.config.JwtAuthenticationFilter - ❌ No valid JWT token found in cookies!
2025-03-06 17:28:22 [http-nio-8080-exec-8] WARN  c.y.r.config.JwtAuthenticationFilter - ❌ No valid JWT token found in cookies!
2025-03-06 17:28:22 [http-nio-8080-exec-9] WARN  c.y.r.config.JwtAuthenticationFilter - ❌ No valid JWT token found in cookies!
2025-03-06 17:28:22 [http-nio-8080-exec-2] WARN  c.y.r.config.JwtAuthenticationFilter - ❌ No valid JWT token found in cookies!
2025-03-06 17:28:22 [http-nio-8080-exec-4] WARN  c.y.r.config.JwtAuthenticationFilter - ❌ No valid JWT token found in cookies!
2025-03-06 17:28:22 [http-nio-8080-exec-7] WARN  c.y.r.config.JwtAuthenticationFilter - ❌ No valid JWT token found in cookies!
2025-03-06 17:28:22 [http-nio-8080-exec-6] WARN  c.y.r.config.JwtAuthenticationFilter - ❌ No valid JWT token found in cookies!
2025-03-06 17:28:24 [http-nio-8080-exec-10] WARN  c.y.r.config.JwtAuthenticationFilter - ❌ No valid JWT token found in cookies!
2025-03-06 17:28:24 [http-nio-8080-exec-10] INFO  c.y.r.n.w.rest.NtQuoteListController - Fetching all NT Quotes
2025-03-06 17:28:24 [http-nio-8080-exec-1] WARN  c.y.r.config.JwtAuthenticationFilter - ❌ No valid JWT token found in cookies!
2025-03-06 17:28:24 [http-nio-8080-exec-5] WARN  c.y.r.config.JwtAuthenticationFilter - ❌ No valid JWT token found in cookies!
2025-03-06 17:29:10 [http-nio-8080-exec-3] WARN  c.y.r.config.JwtAuthenticationFilter - ❌ No valid JWT token found in cookies!
2025-03-06 17:29:10 [http-nio-8080-exec-3] INFO  c.y.r.n.w.rest.NtQuoteListController - Checking if Mold Mannual  file exists -> id: 7,  fileName: YT.xlsx
2025-03-06 17:29:10 [http-nio-8080-exec-3] INFO  c.y.r.n.w.rest.NtQuoteListController - generate Remote Mold Mannual File Path id = 7 fileName = YT.xlsx
2025-03-06 17:29:10 [http-nio-8080-exec-3] INFO  c.y.r.n.w.rest.NtQuoteListController - currentPath  = /home/CPS/NtQuote/MoldMannual/7
2025-03-06 17:29:10 [http-nio-8080-exec-3] INFO  c.y.r.n.w.rest.NtQuoteListController - Generated remote file path: /home/CPS/NtQuote/MoldMannual/7/YT.xlsx
2025-03-06 17:29:10 [http-nio-8080-exec-3] INFO  c.y.r.a.web.rest.AdminRestController - Checking Mold Manual File Exists - id: 7, remoteFilePath: '/home/CPS/NtQuote/MoldMannual/7/YT.xlsx'
2025-03-06 17:29:10 [http-nio-8080-exec-3] INFO  c.y.r.a.web.rest.AdminRestController - File existence count: 0
2025-03-06 17:29:10 [http-nio-8080-exec-3] INFO  c.y.r.n.w.rest.NtQuoteListController - File existence check result: false
2025-03-06 17:29:10 [http-nio-8080-exec-9] WARN  c.y.r.config.JwtAuthenticationFilter - ❌ No valid JWT token found in cookies!
2025-03-06 17:29:10 [http-nio-8080-exec-9] INFO  c.y.r.n.w.rest.NtQuoteListController - id in uploadMoldManualFile: 7
2025-03-06 17:29:10 [http-nio-8080-exec-9] INFO  c.y.r.n.w.rest.NtQuoteListController - files in uploadMoldManualFile: [org.springframework.web.multipart.support.StandardMultipartHttpServletRequest$StandardMultipartFile@28336e3a]
2025-03-06 17:29:10 [http-nio-8080-exec-9] INFO  c.y.r.a.web.rest.AdminRestController - Upload Mold mannual Attach Files - Service method invoked with fileName: YT.xlsx, id: 7
2025-03-06 17:29:10 [http-nio-8080-exec-9] INFO  c.y.r.a.web.rest.AdminRestController - Data size: 5119 bytes
2025-03-06 17:29:10 [http-nio-8080-exec-9] INFO  c.y.r.a.web.rest.AdminRestController - remoteBasePath = /home/CPS/NtQuote/MoldMannual/7/
2025-03-06 17:29:10 [http-nio-8080-exec-9] INFO  c.y.r.a.web.rest.AdminRestController - fileName = YT.xlsx
2025-03-06 17:29:10 [http-nio-8080-exec-9] INFO  c.y.r.a.web.rest.AdminRestController - Attempting to change directory to: /home
2025-03-06 17:29:10 [http-nio-8080-exec-9] INFO  c.y.r.a.web.rest.AdminRestController - Attempting to change directory to: /home/CPS
2025-03-06 17:29:10 [http-nio-8080-exec-9] INFO  c.y.r.a.web.rest.AdminRestController - Attempting to change directory to: /home/CPS/NtQuote
2025-03-06 17:29:10 [http-nio-8080-exec-9] INFO  c.y.r.a.web.rest.AdminRestController - Attempting to change directory to: /home/CPS/NtQuote/MoldMannual
2025-03-06 17:29:10 [http-nio-8080-exec-9] INFO  c.y.r.a.web.rest.AdminRestController - Attempting to change directory to: /home/CPS/NtQuote/MoldMannual/7
2025-03-06 17:29:10 [http-nio-8080-exec-9] INFO  c.y.r.a.web.rest.AdminRestController - Attempting to upload new Mold Mannual file to: /home/CPS/NtQuote/MoldMannual/7/YT.xlsx
2025-03-06 17:29:10 [http-nio-8080-exec-9] INFO  c.y.r.a.web.rest.AdminRestController - Added Mold Mannual file Path to list: /home/CPS/NtQuote/MoldMannual/7/YT.xlsx
2025-03-06 17:29:10 [http-nio-8080-exec-9] INFO  c.y.r.a.web.rest.AdminRestController - Mold Mannual  File uploaded successfully to: /home/CPS/NtQuote/MoldMannual/7/YT.xlsx
2025-03-06 17:29:15 [http-nio-8080-exec-2] WARN  c.y.r.config.JwtAuthenticationFilter - ❌ No valid JWT token found in cookies!
2025-03-06 17:29:15 [http-nio-8080-exec-4] WARN  c.y.r.config.JwtAuthenticationFilter - ❌ No valid JWT token found in cookies!
2025-03-06 17:29:15 [http-nio-8080-exec-6] WARN  c.y.r.config.JwtAuthenticationFilter - ❌ No valid JWT token found in cookies!
2025-03-06 17:29:15 [http-nio-8080-exec-8] WARN  c.y.r.config.JwtAuthenticationFilter - ❌ No valid JWT token found in cookies!
2025-03-06 17:29:15 [http-nio-8080-exec-1] WARN  c.y.r.config.JwtAuthenticationFilter - ❌ No valid JWT token found in cookies!
2025-03-06 17:29:15 [http-nio-8080-exec-10] WARN  c.y.r.config.JwtAuthenticationFilter - ❌ No valid JWT token found in cookies!
2025-03-06 17:29:15 [http-nio-8080-exec-7] WARN  c.y.r.config.JwtAuthenticationFilter - ❌ No valid JWT token found in cookies!
2025-03-06 17:29:15 [http-nio-8080-exec-9] WARN  c.y.r.config.JwtAuthenticationFilter - ❌ No valid JWT token found in cookies!
2025-03-06 17:29:15 [http-nio-8080-exec-5] WARN  c.y.r.config.JwtAuthenticationFilter - ❌ No valid JWT token found in cookies!
2025-03-06 17:29:15 [http-nio-8080-exec-3] WARN  c.y.r.config.JwtAuthenticationFilter - ❌ No valid JWT token found in cookies!
2025-03-06 17:29:15 [http-nio-8080-exec-2] WARN  c.y.r.config.JwtAuthenticationFilter - ❌ No valid JWT token found in cookies!
2025-03-06 17:29:15 [http-nio-8080-exec-4] WARN  c.y.r.config.JwtAuthenticationFilter - ❌ No valid JWT token found in cookies!
2025-03-06 17:29:15 [http-nio-8080-exec-8] WARN  c.y.r.config.JwtAuthenticationFilter - ❌ No valid JWT token found in cookies!
2025-03-06 17:29:15 [http-nio-8080-exec-1] WARN  c.y.r.config.JwtAuthenticationFilter - ❌ No valid JWT token found in cookies!
2025-03-06 17:29:15 [http-nio-8080-exec-7] WARN  c.y.r.config.JwtAuthenticationFilter - ❌ No valid JWT token found in cookies!
2025-03-06 17:29:15 [http-nio-8080-exec-6] WARN  c.y.r.config.JwtAuthenticationFilter - ❌ No valid JWT token found in cookies!
2025-03-06 17:29:15 [http-nio-8080-exec-10] WARN  c.y.r.config.JwtAuthenticationFilter - ❌ No valid JWT token found in cookies!
2025-03-06 17:29:15 [http-nio-8080-exec-5] WARN  c.y.r.config.JwtAuthenticationFilter - ❌ No valid JWT token found in cookies!
2025-03-06 17:29:15 [http-nio-8080-exec-3] WARN  c.y.r.config.JwtAuthenticationFilter - ❌ No valid JWT token found in cookies!
2025-03-06 17:29:15 [http-nio-8080-exec-2] WARN  c.y.r.config.JwtAuthenticationFilter - ❌ No valid JWT token found in cookies!
2025-03-06 17:29:15 [http-nio-8080-exec-9] WARN  c.y.r.config.JwtAuthenticationFilter - ❌ No valid JWT token found in cookies!
2025-03-06 17:29:15 [http-nio-8080-exec-8] WARN  c.y.r.config.JwtAuthenticationFilter - ❌ No valid JWT token found in cookies!
2025-03-06 17:29:15 [http-nio-8080-exec-4] WARN  c.y.r.config.JwtAuthenticationFilter - ❌ No valid JWT token found in cookies!
2025-03-06 17:29:15 [http-nio-8080-exec-6] WARN  c.y.r.config.JwtAuthenticationFilter - ❌ No valid JWT token found in cookies!
2025-03-06 17:29:15 [http-nio-8080-exec-7] WARN  c.y.r.config.JwtAuthenticationFilter - ❌ No valid JWT token found in cookies!
2025-03-06 17:29:15 [http-nio-8080-exec-1] WARN  c.y.r.config.JwtAuthenticationFilter - ❌ No valid JWT token found in cookies!
2025-03-06 17:29:15 [http-nio-8080-exec-3] WARN  c.y.r.config.JwtAuthenticationFilter - ❌ No valid JWT token found in cookies!
2025-03-06 17:29:15 [http-nio-8080-exec-5] WARN  c.y.r.config.JwtAuthenticationFilter - ❌ No valid JWT token found in cookies!
2025-03-06 17:29:15 [http-nio-8080-exec-10] WARN  c.y.r.config.JwtAuthenticationFilter - ❌ No valid JWT token found in cookies!
2025-03-06 17:29:15 [http-nio-8080-exec-2] WARN  c.y.r.config.JwtAuthenticationFilter - ❌ No valid JWT token found in cookies!
2025-03-06 17:29:15 [http-nio-8080-exec-4] WARN  c.y.r.config.JwtAuthenticationFilter - ❌ No valid JWT token found in cookies!
2025-03-06 17:29:15 [http-nio-8080-exec-9] WARN  c.y.r.config.JwtAuthenticationFilter - ❌ No valid JWT token found in cookies!
2025-03-06 17:29:15 [http-nio-8080-exec-8] WARN  c.y.r.config.JwtAuthenticationFilter - ❌ No valid JWT token found in cookies!
2025-03-06 17:29:15 [http-nio-8080-exec-7] WARN  c.y.r.config.JwtAuthenticationFilter - ❌ No valid JWT token found in cookies!
2025-03-06 17:29:15 [http-nio-8080-exec-6] WARN  c.y.r.config.JwtAuthenticationFilter - ❌ No valid JWT token found in cookies!
2025-03-06 17:29:15 [http-nio-8080-exec-3] WARN  c.y.r.config.JwtAuthenticationFilter - ❌ No valid JWT token found in cookies!
2025-03-06 17:29:15 [http-nio-8080-exec-1] WARN  c.y.r.config.JwtAuthenticationFilter - ❌ No valid JWT token found in cookies!
2025-03-06 17:29:15 [http-nio-8080-exec-4] WARN  c.y.r.config.JwtAuthenticationFilter - ❌ No valid JWT token found in cookies!
2025-03-06 17:29:15 [http-nio-8080-exec-2] WARN  c.y.r.config.JwtAuthenticationFilter - ❌ No valid JWT token found in cookies!
2025-03-06 17:29:15 [http-nio-8080-exec-5] WARN  c.y.r.config.JwtAuthenticationFilter - ❌ No valid JWT token found in cookies!
2025-03-06 17:29:15 [http-nio-8080-exec-9] WARN  c.y.r.config.JwtAuthenticationFilter - ❌ No valid JWT token found in cookies!
2025-03-06 17:29:15 [http-nio-8080-exec-10] WARN  c.y.r.config.JwtAuthenticationFilter - ❌ No valid JWT token found in cookies!
2025-03-06 17:29:15 [http-nio-8080-exec-8] WARN  c.y.r.config.JwtAuthenticationFilter - ❌ No valid JWT token found in cookies!
2025-03-06 17:29:15 [http-nio-8080-exec-7] WARN  c.y.r.config.JwtAuthenticationFilter - ❌ No valid JWT token found in cookies!
2025-03-06 17:29:15 [http-nio-8080-exec-6] WARN  c.y.r.config.JwtAuthenticationFilter - ❌ No valid JWT token found in cookies!
2025-03-06 17:29:15 [http-nio-8080-exec-10] WARN  c.y.r.config.JwtAuthenticationFilter - ❌ No valid JWT token found in cookies!
2025-03-06 17:29:15 [http-nio-8080-exec-3] WARN  c.y.r.config.JwtAuthenticationFilter - ❌ No valid JWT token found in cookies!
2025-03-06 17:29:15 [http-nio-8080-exec-2] WARN  c.y.r.config.JwtAuthenticationFilter - ❌ No valid JWT token found in cookies!
2025-03-06 17:29:15 [http-nio-8080-exec-9] WARN  c.y.r.config.JwtAuthenticationFilter - ❌ No valid JWT token found in cookies!
2025-03-06 17:29:15 [http-nio-8080-exec-1] WARN  c.y.r.config.JwtAuthenticationFilter - ❌ No valid JWT token found in cookies!
2025-03-06 17:29:15 [http-nio-8080-exec-5] WARN  c.y.r.config.JwtAuthenticationFilter - ❌ No valid JWT token found in cookies!
2025-03-06 17:29:15 [http-nio-8080-exec-8] WARN  c.y.r.config.JwtAuthenticationFilter - ❌ No valid JWT token found in cookies!
2025-03-06 17:29:15 [http-nio-8080-exec-4] WARN  c.y.r.config.JwtAuthenticationFilter - ❌ No valid JWT token found in cookies!
2025-03-06 17:29:17 [http-nio-8080-exec-5] WARN  c.y.r.config.JwtAuthenticationFilter - ❌ No valid JWT token found in cookies!
2025-03-06 17:29:17 [http-nio-8080-exec-1] WARN  c.y.r.config.JwtAuthenticationFilter - ❌ No valid JWT token found in cookies!
2025-03-06 17:29:17 [http-nio-8080-exec-6] WARN  c.y.r.config.JwtAuthenticationFilter - ❌ No valid JWT token found in cookies!
2025-03-06 17:29:17 [http-nio-8080-exec-2] WARN  c.y.r.config.JwtAuthenticationFilter - ❌ No valid JWT token found in cookies!
2025-03-06 17:29:17 [http-nio-8080-exec-7] WARN  c.y.r.config.JwtAuthenticationFilter - ❌ No valid JWT token found in cookies!
2025-03-06 17:29:17 [http-nio-8080-exec-9] WARN  c.y.r.config.JwtAuthenticationFilter - ❌ No valid JWT token found in cookies!
2025-03-06 17:29:17 [http-nio-8080-exec-10] WARN  c.y.r.config.JwtAuthenticationFilter - ❌ No valid JWT token found in cookies!
2025-03-06 17:29:18 [http-nio-8080-exec-3] WARN  c.y.r.config.JwtAuthenticationFilter - ❌ No valid JWT token found in cookies!
2025-03-06 17:29:18 [http-nio-8080-exec-8] WARN  c.y.r.config.JwtAuthenticationFilter - ❌ No valid JWT token found in cookies!
2025-03-06 17:29:18 [http-nio-8080-exec-9] WARN  c.y.r.config.JwtAuthenticationFilter - ❌ No valid JWT token found in cookies!
2025-03-06 17:29:18 [http-nio-8080-exec-4] WARN  c.y.r.config.JwtAuthenticationFilter - ❌ No valid JWT token found in cookies!
2025-03-06 17:29:18 [http-nio-8080-exec-7] WARN  c.y.r.config.JwtAuthenticationFilter - ❌ No valid JWT token found in cookies!
2025-03-06 17:29:18 [http-nio-8080-exec-5] WARN  c.y.r.config.JwtAuthenticationFilter - ❌ No valid JWT token found in cookies!
2025-03-06 17:29:18 [http-nio-8080-exec-2] WARN  c.y.r.config.JwtAuthenticationFilter - ❌ No valid JWT token found in cookies!
2025-03-06 17:29:18 [http-nio-8080-exec-1] WARN  c.y.r.config.JwtAuthenticationFilter - ❌ No valid JWT token found in cookies!
2025-03-06 17:29:18 [http-nio-8080-exec-6] WARN  c.y.r.config.JwtAuthenticationFilter - ❌ No valid JWT token found in cookies!
2025-03-06 17:29:18 [http-nio-8080-exec-10] WARN  c.y.r.config.JwtAuthenticationFilter - ❌ No valid JWT token found in cookies!
2025-03-06 17:29:18 [http-nio-8080-exec-3] WARN  c.y.r.config.JwtAuthenticationFilter - ❌ No valid JWT token found in cookies!
2025-03-06 17:29:20 [http-nio-8080-exec-8] WARN  c.y.r.config.JwtAuthenticationFilter - ❌ No valid JWT token found in cookies!
2025-03-06 17:29:20 [http-nio-8080-exec-9] WARN  c.y.r.config.JwtAuthenticationFilter - ❌ No valid JWT token found in cookies!
2025-03-06 17:29:20 [http-nio-8080-exec-5] WARN  c.y.r.config.JwtAuthenticationFilter - ❌ No valid JWT token found in cookies!
2025-03-06 17:29:20 [http-nio-8080-exec-4] WARN  c.y.r.config.JwtAuthenticationFilter - ❌ No valid JWT token found in cookies!
2025-03-06 17:29:20 [http-nio-8080-exec-7] WARN  c.y.r.config.JwtAuthenticationFilter - ❌ No valid JWT token found in cookies!
2025-03-06 17:29:20 [http-nio-8080-exec-2] WARN  c.y.r.config.JwtAuthenticationFilter - ❌ No valid JWT token found in cookies!
2025-03-06 17:29:20 [http-nio-8080-exec-1] WARN  c.y.r.config.JwtAuthenticationFilter - ❌ No valid JWT token found in cookies!
2025-03-06 17:29:20 [http-nio-8080-exec-6] WARN  c.y.r.config.JwtAuthenticationFilter - ❌ No valid JWT token found in cookies!
2025-03-06 17:29:20 [http-nio-8080-exec-8] WARN  c.y.r.config.JwtAuthenticationFilter - ❌ No valid JWT token found in cookies!
2025-03-06 17:29:20 [http-nio-8080-exec-10] WARN  c.y.r.config.JwtAuthenticationFilter - ❌ No valid JWT token found in cookies!
2025-03-06 17:29:20 [http-nio-8080-exec-3] WARN  c.y.r.config.JwtAuthenticationFilter - ❌ No valid JWT token found in cookies!
2025-03-06 17:29:20 [http-nio-8080-exec-5] WARN  c.y.r.config.JwtAuthenticationFilter - ❌ No valid JWT token found in cookies!
2025-03-06 17:29:20 [http-nio-8080-exec-8] WARN  c.y.r.config.JwtAuthenticationFilter - ❌ No valid JWT token found in cookies!
2025-03-06 17:29:20 [http-nio-8080-exec-2] WARN  c.y.r.config.JwtAuthenticationFilter - ❌ No valid JWT token found in cookies!
2025-03-06 17:29:20 [http-nio-8080-exec-7] WARN  c.y.r.config.JwtAuthenticationFilter - ❌ No valid JWT token found in cookies!
2025-03-06 17:29:20 [http-nio-8080-exec-4] WARN  c.y.r.config.JwtAuthenticationFilter - ❌ No valid JWT token found in cookies!
2025-03-06 17:29:20 [http-nio-8080-exec-1] WARN  c.y.r.config.JwtAuthenticationFilter - ❌ No valid JWT token found in cookies!
2025-03-06 17:29:20 [http-nio-8080-exec-3] WARN  c.y.r.config.JwtAuthenticationFilter - ❌ No valid JWT token found in cookies!
2025-03-06 17:29:20 [http-nio-8080-exec-6] WARN  c.y.r.config.JwtAuthenticationFilter - ❌ No valid JWT token found in cookies!
2025-03-06 17:29:20 [http-nio-8080-exec-9] WARN  c.y.r.config.JwtAuthenticationFilter - ❌ No valid JWT token found in cookies!
2025-03-06 17:29:20 [http-nio-8080-exec-5] WARN  c.y.r.config.JwtAuthenticationFilter - ❌ No valid JWT token found in cookies!
2025-03-06 17:29:20 [http-nio-8080-exec-10] WARN  c.y.r.config.JwtAuthenticationFilter - ❌ No valid JWT token found in cookies!
2025-03-06 17:29:20 [http-nio-8080-exec-2] WARN  c.y.r.config.JwtAuthenticationFilter - ❌ No valid JWT token found in cookies!
2025-03-06 17:29:20 [http-nio-8080-exec-8] WARN  c.y.r.config.JwtAuthenticationFilter - ❌ No valid JWT token found in cookies!
2025-03-06 17:29:20 [http-nio-8080-exec-4] WARN  c.y.r.config.JwtAuthenticationFilter - ❌ No valid JWT token found in cookies!
2025-03-06 17:29:20 [http-nio-8080-exec-7] WARN  c.y.r.config.JwtAuthenticationFilter - ❌ No valid JWT token found in cookies!
2025-03-06 17:29:20 [http-nio-8080-exec-3] WARN  c.y.r.config.JwtAuthenticationFilter - ❌ No valid JWT token found in cookies!
2025-03-06 17:29:20 [http-nio-8080-exec-5] WARN  c.y.r.config.JwtAuthenticationFilter - ❌ No valid JWT token found in cookies!
2025-03-06 17:29:20 [http-nio-8080-exec-6] WARN  c.y.r.config.JwtAuthenticationFilter - ❌ No valid JWT token found in cookies!
2025-03-06 17:29:20 [http-nio-8080-exec-9] WARN  c.y.r.config.JwtAuthenticationFilter - ❌ No valid JWT token found in cookies!
2025-03-06 17:29:20 [http-nio-8080-exec-1] WARN  c.y.r.config.JwtAuthenticationFilter - ❌ No valid JWT token found in cookies!
2025-03-06 17:29:20 [http-nio-8080-exec-10] WARN  c.y.r.config.JwtAuthenticationFilter - ❌ No valid JWT token found in cookies!
2025-03-06 17:29:20 [http-nio-8080-exec-2] WARN  c.y.r.config.JwtAuthenticationFilter - ❌ No valid JWT token found in cookies!
2025-03-06 17:29:20 [http-nio-8080-exec-8] WARN  c.y.r.config.JwtAuthenticationFilter - ❌ No valid JWT token found in cookies!
2025-03-06 17:29:20 [http-nio-8080-exec-7] WARN  c.y.r.config.JwtAuthenticationFilter - ❌ No valid JWT token found in cookies!
2025-03-06 17:29:20 [http-nio-8080-exec-4] WARN  c.y.r.config.JwtAuthenticationFilter - ❌ No valid JWT token found in cookies!
2025-03-06 17:29:22 [http-nio-8080-exec-10] WARN  c.y.r.config.JwtAuthenticationFilter - ❌ No valid JWT token found in cookies!
2025-03-06 17:29:22 [http-nio-8080-exec-1] WARN  c.y.r.config.JwtAuthenticationFilter - ❌ No valid JWT token found in cookies!
2025-03-06 17:29:22 [http-nio-8080-exec-5] WARN  c.y.r.config.JwtAuthenticationFilter - ❌ No valid JWT token found in cookies!
2025-03-06 17:29:22 [http-nio-8080-exec-9] WARN  c.y.r.config.JwtAuthenticationFilter - ❌ No valid JWT token found in cookies!
2025-03-06 17:29:22 [http-nio-8080-exec-3] WARN  c.y.r.config.JwtAuthenticationFilter - ❌ No valid JWT token found in cookies!
2025-03-06 17:29:22 [http-nio-8080-exec-6] WARN  c.y.r.config.JwtAuthenticationFilter - ❌ No valid JWT token found in cookies!
2025-03-06 17:29:22 [http-nio-8080-exec-2] WARN  c.y.r.config.JwtAuthenticationFilter - ❌ No valid JWT token found in cookies!
2025-03-06 17:29:23 [http-nio-8080-exec-8] WARN  c.y.r.config.JwtAuthenticationFilter - ❌ No valid JWT token found in cookies!
2025-03-06 17:29:23 [http-nio-8080-exec-8] INFO  c.y.r.n.w.rest.NtQuoteListController - Fetching all NT Quotes
2025-03-06 17:29:23 [http-nio-8080-exec-7] WARN  c.y.r.config.JwtAuthenticationFilter - ❌ No valid JWT token found in cookies!
2025-03-06 17:29:23 [http-nio-8080-exec-4] WARN  c.y.r.config.JwtAuthenticationFilter - ❌ No valid JWT token found in cookies!
2025-03-06 17:29:31 [http-nio-8080-exec-1] WARN  c.y.r.config.JwtAuthenticationFilter - ❌ No valid JWT token found in cookies!
2025-03-06 17:29:31 [http-nio-8080-exec-1] INFO  c.y.r.n.w.rest.NtQuoteListController - Checking if Mold Mannual  file exists -> id: 9,  fileName: YT.xlsx
2025-03-06 17:29:31 [http-nio-8080-exec-1] INFO  c.y.r.n.w.rest.NtQuoteListController - generate Remote Mold Mannual File Path id = 9 fileName = YT.xlsx
2025-03-06 17:29:31 [http-nio-8080-exec-1] INFO  c.y.r.n.w.rest.NtQuoteListController - currentPath  = /home/CPS/NtQuote/MoldMannual/9
2025-03-06 17:29:31 [http-nio-8080-exec-1] INFO  c.y.r.n.w.rest.NtQuoteListController - Generated remote file path: /home/CPS/NtQuote/MoldMannual/9/YT.xlsx
2025-03-06 17:29:31 [http-nio-8080-exec-1] INFO  c.y.r.a.web.rest.AdminRestController - Checking Mold Manual File Exists - id: 9, remoteFilePath: '/home/CPS/NtQuote/MoldMannual/9/YT.xlsx'
2025-03-06 17:29:31 [http-nio-8080-exec-1] INFO  c.y.r.a.web.rest.AdminRestController - File existence count: 0
2025-03-06 17:29:31 [http-nio-8080-exec-1] INFO  c.y.r.n.w.rest.NtQuoteListController - File existence check result: false
2025-03-06 17:29:31 [http-nio-8080-exec-6] WARN  c.y.r.config.JwtAuthenticationFilter - ❌ No valid JWT token found in cookies!
2025-03-06 17:29:31 [http-nio-8080-exec-6] INFO  c.y.r.n.w.rest.NtQuoteListController - id in uploadMoldManualFile: 9
2025-03-06 17:29:31 [http-nio-8080-exec-6] INFO  c.y.r.n.w.rest.NtQuoteListController - files in uploadMoldManualFile: [org.springframework.web.multipart.support.StandardMultipartHttpServletRequest$StandardMultipartFile@3950eb44]
2025-03-06 17:29:31 [http-nio-8080-exec-6] INFO  c.y.r.a.web.rest.AdminRestController - Upload Mold mannual Attach Files - Service method invoked with fileName: YT.xlsx, id: 9
2025-03-06 17:29:31 [http-nio-8080-exec-6] INFO  c.y.r.a.web.rest.AdminRestController - Data size: 5119 bytes
2025-03-06 17:29:31 [http-nio-8080-exec-6] INFO  c.y.r.a.web.rest.AdminRestController - remoteBasePath = /home/CPS/NtQuote/MoldMannual/9/
2025-03-06 17:29:31 [http-nio-8080-exec-6] INFO  c.y.r.a.web.rest.AdminRestController - fileName = YT.xlsx
2025-03-06 17:29:31 [http-nio-8080-exec-6] INFO  c.y.r.a.web.rest.AdminRestController - Attempting to change directory to: /home
2025-03-06 17:29:31 [http-nio-8080-exec-6] INFO  c.y.r.a.web.rest.AdminRestController - Attempting to change directory to: /home/CPS
2025-03-06 17:29:31 [http-nio-8080-exec-6] INFO  c.y.r.a.web.rest.AdminRestController - Attempting to change directory to: /home/CPS/NtQuote
2025-03-06 17:29:31 [http-nio-8080-exec-6] INFO  c.y.r.a.web.rest.AdminRestController - Attempting to change directory to: /home/CPS/NtQuote/MoldMannual
2025-03-06 17:29:31 [http-nio-8080-exec-6] INFO  c.y.r.a.web.rest.AdminRestController - Attempting to change directory to: /home/CPS/NtQuote/MoldMannual/9
2025-03-06 17:29:31 [http-nio-8080-exec-6] INFO  c.y.r.a.web.rest.AdminRestController - Attempting to upload new Mold Mannual file to: /home/CPS/NtQuote/MoldMannual/9/YT.xlsx
2025-03-06 17:29:31 [http-nio-8080-exec-6] INFO  c.y.r.a.web.rest.AdminRestController - Added Mold Mannual file Path to list: /home/CPS/NtQuote/MoldMannual/9/YT.xlsx
2025-03-06 17:29:31 [http-nio-8080-exec-6] INFO  c.y.r.a.web.rest.AdminRestController - Mold Mannual  File uploaded successfully to: /home/CPS/NtQuote/MoldMannual/9/YT.xlsx
2025-03-06 17:29:36 [http-nio-8080-exec-10] WARN  c.y.r.config.JwtAuthenticationFilter - ❌ No valid JWT token found in cookies!
2025-03-06 17:29:36 [http-nio-8080-exec-9] WARN  c.y.r.config.JwtAuthenticationFilter - ❌ No valid JWT token found in cookies!
2025-03-06 17:29:36 [http-nio-8080-exec-3] WARN  c.y.r.config.JwtAuthenticationFilter - ❌ No valid JWT token found in cookies!
2025-03-06 17:29:36 [http-nio-8080-exec-2] WARN  c.y.r.config.JwtAuthenticationFilter - ❌ No valid JWT token found in cookies!
2025-03-06 17:29:36 [http-nio-8080-exec-5] WARN  c.y.r.config.JwtAuthenticationFilter - ❌ No valid JWT token found in cookies!
2025-03-06 17:29:36 [http-nio-8080-exec-7] WARN  c.y.r.config.JwtAuthenticationFilter - ❌ No valid JWT token found in cookies!
2025-03-06 17:29:36 [http-nio-8080-exec-8] WARN  c.y.r.config.JwtAuthenticationFilter - ❌ No valid JWT token found in cookies!
2025-03-06 17:29:36 [http-nio-8080-exec-6] WARN  c.y.r.config.JwtAuthenticationFilter - ❌ No valid JWT token found in cookies!
2025-03-06 17:29:36 [http-nio-8080-exec-1] WARN  c.y.r.config.JwtAuthenticationFilter - ❌ No valid JWT token found in cookies!
2025-03-06 17:29:36 [http-nio-8080-exec-4] WARN  c.y.r.config.JwtAuthenticationFilter - ❌ No valid JWT token found in cookies!
2025-03-06 17:29:36 [http-nio-8080-exec-10] WARN  c.y.r.config.JwtAuthenticationFilter - ❌ No valid JWT token found in cookies!
2025-03-06 17:29:36 [http-nio-8080-exec-9] WARN  c.y.r.config.JwtAuthenticationFilter - ❌ No valid JWT token found in cookies!
2025-03-06 17:29:36 [http-nio-8080-exec-3] WARN  c.y.r.config.JwtAuthenticationFilter - ❌ No valid JWT token found in cookies!
2025-03-06 17:29:36 [http-nio-8080-exec-7] WARN  c.y.r.config.JwtAuthenticationFilter - ❌ No valid JWT token found in cookies!
2025-03-06 17:29:36 [http-nio-8080-exec-8] WARN  c.y.r.config.JwtAuthenticationFilter - ❌ No valid JWT token found in cookies!
2025-03-06 17:29:36 [http-nio-8080-exec-5] WARN  c.y.r.config.JwtAuthenticationFilter - ❌ No valid JWT token found in cookies!
2025-03-06 17:29:36 [http-nio-8080-exec-2] WARN  c.y.r.config.JwtAuthenticationFilter - ❌ No valid JWT token found in cookies!
2025-03-06 17:29:36 [http-nio-8080-exec-6] WARN  c.y.r.config.JwtAuthenticationFilter - ❌ No valid JWT token found in cookies!
2025-03-06 17:29:36 [http-nio-8080-exec-1] WARN  c.y.r.config.JwtAuthenticationFilter - ❌ No valid JWT token found in cookies!
2025-03-06 17:29:36 [http-nio-8080-exec-4] WARN  c.y.r.config.JwtAuthenticationFilter - ❌ No valid JWT token found in cookies!
2025-03-06 17:29:36 [http-nio-8080-exec-10] WARN  c.y.r.config.JwtAuthenticationFilter - ❌ No valid JWT token found in cookies!
2025-03-06 17:29:36 [http-nio-8080-exec-9] WARN  c.y.r.config.JwtAuthenticationFilter - ❌ No valid JWT token found in cookies!
2025-03-06 17:29:36 [http-nio-8080-exec-8] WARN  c.y.r.config.JwtAuthenticationFilter - ❌ No valid JWT token found in cookies!
2025-03-06 17:29:36 [http-nio-8080-exec-7] WARN  c.y.r.config.JwtAuthenticationFilter - ❌ No valid JWT token found in cookies!
2025-03-06 17:29:36 [http-nio-8080-exec-3] WARN  c.y.r.config.JwtAuthenticationFilter - ❌ No valid JWT token found in cookies!
2025-03-06 17:29:36 [http-nio-8080-exec-5] WARN  c.y.r.config.JwtAuthenticationFilter - ❌ No valid JWT token found in cookies!
2025-03-06 17:29:36 [http-nio-8080-exec-2] WARN  c.y.r.config.JwtAuthenticationFilter - ❌ No valid JWT token found in cookies!
2025-03-06 17:29:36 [http-nio-8080-exec-6] WARN  c.y.r.config.JwtAuthenticationFilter - ❌ No valid JWT token found in cookies!
2025-03-06 17:29:36 [http-nio-8080-exec-4] WARN  c.y.r.config.JwtAuthenticationFilter - ❌ No valid JWT token found in cookies!
2025-03-06 17:29:36 [http-nio-8080-exec-1] WARN  c.y.r.config.JwtAuthenticationFilter - ❌ No valid JWT token found in cookies!
2025-03-06 17:29:36 [http-nio-8080-exec-9] WARN  c.y.r.config.JwtAuthenticationFilter - ❌ No valid JWT token found in cookies!
2025-03-06 17:29:36 [http-nio-8080-exec-7] WARN  c.y.r.config.JwtAuthenticationFilter - ❌ No valid JWT token found in cookies!
2025-03-06 17:29:36 [http-nio-8080-exec-8] WARN  c.y.r.config.JwtAuthenticationFilter - ❌ No valid JWT token found in cookies!
2025-03-06 17:29:36 [http-nio-8080-exec-3] WARN  c.y.r.config.JwtAuthenticationFilter - ❌ No valid JWT token found in cookies!
2025-03-06 17:29:36 [http-nio-8080-exec-10] WARN  c.y.r.config.JwtAuthenticationFilter - ❌ No valid JWT token found in cookies!
2025-03-06 17:29:36 [http-nio-8080-exec-5] WARN  c.y.r.config.JwtAuthenticationFilter - ❌ No valid JWT token found in cookies!
2025-03-06 17:29:36 [http-nio-8080-exec-4] WARN  c.y.r.config.JwtAuthenticationFilter - ❌ No valid JWT token found in cookies!
2025-03-06 17:29:36 [http-nio-8080-exec-1] WARN  c.y.r.config.JwtAuthenticationFilter - ❌ No valid JWT token found in cookies!
2025-03-06 17:29:36 [http-nio-8080-exec-2] WARN  c.y.r.config.JwtAuthenticationFilter - ❌ No valid JWT token found in cookies!
2025-03-06 17:29:36 [http-nio-8080-exec-6] WARN  c.y.r.config.JwtAuthenticationFilter - ❌ No valid JWT token found in cookies!
2025-03-06 17:29:36 [http-nio-8080-exec-5] WARN  c.y.r.config.JwtAuthenticationFilter - ❌ No valid JWT token found in cookies!
2025-03-06 17:29:36 [http-nio-8080-exec-3] WARN  c.y.r.config.JwtAuthenticationFilter - ❌ No valid JWT token found in cookies!
2025-03-06 17:29:36 [http-nio-8080-exec-7] WARN  c.y.r.config.JwtAuthenticationFilter - ❌ No valid JWT token found in cookies!
2025-03-06 17:29:36 [http-nio-8080-exec-8] WARN  c.y.r.config.JwtAuthenticationFilter - ❌ No valid JWT token found in cookies!
2025-03-06 17:29:36 [http-nio-8080-exec-10] WARN  c.y.r.config.JwtAuthenticationFilter - ❌ No valid JWT token found in cookies!
2025-03-06 17:29:36 [http-nio-8080-exec-9] WARN  c.y.r.config.JwtAuthenticationFilter - ❌ No valid JWT token found in cookies!
2025-03-06 17:29:36 [http-nio-8080-exec-2] WARN  c.y.r.config.JwtAuthenticationFilter - ❌ No valid JWT token found in cookies!
2025-03-06 17:29:36 [http-nio-8080-exec-6] WARN  c.y.r.config.JwtAuthenticationFilter - ❌ No valid JWT token found in cookies!
2025-03-06 17:29:36 [http-nio-8080-exec-5] WARN  c.y.r.config.JwtAuthenticationFilter - ❌ No valid JWT token found in cookies!
2025-03-06 17:29:36 [http-nio-8080-exec-4] WARN  c.y.r.config.JwtAuthenticationFilter - ❌ No valid JWT token found in cookies!
2025-03-06 17:29:36 [http-nio-8080-exec-1] WARN  c.y.r.config.JwtAuthenticationFilter - ❌ No valid JWT token found in cookies!
2025-03-06 17:29:36 [http-nio-8080-exec-3] WARN  c.y.r.config.JwtAuthenticationFilter - ❌ No valid JWT token found in cookies!
2025-03-06 17:29:36 [http-nio-8080-exec-7] WARN  c.y.r.config.JwtAuthenticationFilter - ❌ No valid JWT token found in cookies!
2025-03-06 17:29:37 [http-nio-8080-exec-8] WARN  c.y.r.config.JwtAuthenticationFilter - ❌ No valid JWT token found in cookies!
2025-03-06 17:29:37 [http-nio-8080-exec-2] WARN  c.y.r.config.JwtAuthenticationFilter - ❌ No valid JWT token found in cookies!
2025-03-06 17:29:37 [http-nio-8080-exec-4] WARN  c.y.r.config.JwtAuthenticationFilter - ❌ No valid JWT token found in cookies!
2025-03-06 17:29:37 [http-nio-8080-exec-5] WARN  c.y.r.config.JwtAuthenticationFilter - ❌ No valid JWT token found in cookies!
2025-03-06 17:29:37 [http-nio-8080-exec-6] WARN  c.y.r.config.JwtAuthenticationFilter - ❌ No valid JWT token found in cookies!
2025-03-06 17:29:37 [http-nio-8080-exec-10] WARN  c.y.r.config.JwtAuthenticationFilter - ❌ No valid JWT token found in cookies!
2025-03-06 17:29:37 [http-nio-8080-exec-9] WARN  c.y.r.config.JwtAuthenticationFilter - ❌ No valid JWT token found in cookies!
2025-03-06 17:29:38 [http-nio-8080-exec-1] WARN  c.y.r.config.JwtAuthenticationFilter - ❌ No valid JWT token found in cookies!
2025-03-06 17:29:38 [http-nio-8080-exec-3] WARN  c.y.r.config.JwtAuthenticationFilter - ❌ No valid JWT token found in cookies!
2025-03-06 17:29:38 [http-nio-8080-exec-7] WARN  c.y.r.config.JwtAuthenticationFilter - ❌ No valid JWT token found in cookies!
2025-03-06 17:29:38 [http-nio-8080-exec-4] WARN  c.y.r.config.JwtAuthenticationFilter - ❌ No valid JWT token found in cookies!
2025-03-06 17:29:38 [http-nio-8080-exec-8] WARN  c.y.r.config.JwtAuthenticationFilter - ❌ No valid JWT token found in cookies!
2025-03-06 17:29:38 [http-nio-8080-exec-5] WARN  c.y.r.config.JwtAuthenticationFilter - ❌ No valid JWT token found in cookies!
2025-03-06 17:29:38 [http-nio-8080-exec-10] WARN  c.y.r.config.JwtAuthenticationFilter - ❌ No valid JWT token found in cookies!
2025-03-06 17:29:38 [http-nio-8080-exec-2] WARN  c.y.r.config.JwtAuthenticationFilter - ❌ No valid JWT token found in cookies!
2025-03-06 17:29:38 [http-nio-8080-exec-6] WARN  c.y.r.config.JwtAuthenticationFilter - ❌ No valid JWT token found in cookies!
2025-03-06 17:29:38 [http-nio-8080-exec-9] WARN  c.y.r.config.JwtAuthenticationFilter - ❌ No valid JWT token found in cookies!
2025-03-06 17:29:38 [http-nio-8080-exec-1] WARN  c.y.r.config.JwtAuthenticationFilter - ❌ No valid JWT token found in cookies!
2025-03-06 17:29:40 [http-nio-8080-exec-3] WARN  c.y.r.config.JwtAuthenticationFilter - ❌ No valid JWT token found in cookies!
2025-03-06 17:29:40 [http-nio-8080-exec-4] WARN  c.y.r.config.JwtAuthenticationFilter - ❌ No valid JWT token found in cookies!
2025-03-06 17:29:40 [http-nio-8080-exec-10] WARN  c.y.r.config.JwtAuthenticationFilter - ❌ No valid JWT token found in cookies!
2025-03-06 17:29:40 [http-nio-8080-exec-2] WARN  c.y.r.config.JwtAuthenticationFilter - ❌ No valid JWT token found in cookies!
2025-03-06 17:29:40 [http-nio-8080-exec-5] WARN  c.y.r.config.JwtAuthenticationFilter - ❌ No valid JWT token found in cookies!
2025-03-06 17:29:40 [http-nio-8080-exec-7] WARN  c.y.r.config.JwtAuthenticationFilter - ❌ No valid JWT token found in cookies!
2025-03-06 17:29:40 [http-nio-8080-exec-8] WARN  c.y.r.config.JwtAuthenticationFilter - ❌ No valid JWT token found in cookies!
2025-03-06 17:29:40 [http-nio-8080-exec-6] WARN  c.y.r.config.JwtAuthenticationFilter - ❌ No valid JWT token found in cookies!
2025-03-06 17:29:40 [http-nio-8080-exec-4] WARN  c.y.r.config.JwtAuthenticationFilter - ❌ No valid JWT token found in cookies!
2025-03-06 17:29:40 [http-nio-8080-exec-9] WARN  c.y.r.config.JwtAuthenticationFilter - ❌ No valid JWT token found in cookies!
2025-03-06 17:29:40 [http-nio-8080-exec-3] WARN  c.y.r.config.JwtAuthenticationFilter - ❌ No valid JWT token found in cookies!
2025-03-06 17:29:40 [http-nio-8080-exec-1] WARN  c.y.r.config.JwtAuthenticationFilter - ❌ No valid JWT token found in cookies!
2025-03-06 17:29:40 [http-nio-8080-exec-8] WARN  c.y.r.config.JwtAuthenticationFilter - ❌ No valid JWT token found in cookies!
2025-03-06 17:29:40 [http-nio-8080-exec-7] WARN  c.y.r.config.JwtAuthenticationFilter - ❌ No valid JWT token found in cookies!
2025-03-06 17:29:40 [http-nio-8080-exec-2] WARN  c.y.r.config.JwtAuthenticationFilter - ❌ No valid JWT token found in cookies!
2025-03-06 17:29:40 [http-nio-8080-exec-10] WARN  c.y.r.config.JwtAuthenticationFilter - ❌ No valid JWT token found in cookies!
2025-03-06 17:29:40 [http-nio-8080-exec-5] WARN  c.y.r.config.JwtAuthenticationFilter - ❌ No valid JWT token found in cookies!
2025-03-06 17:29:40 [http-nio-8080-exec-6] WARN  c.y.r.config.JwtAuthenticationFilter - ❌ No valid JWT token found in cookies!
2025-03-06 17:29:40 [http-nio-8080-exec-1] WARN  c.y.r.config.JwtAuthenticationFilter - ❌ No valid JWT token found in cookies!
2025-03-06 17:29:40 [http-nio-8080-exec-4] WARN  c.y.r.config.JwtAuthenticationFilter - ❌ No valid JWT token found in cookies!
2025-03-06 17:29:40 [http-nio-8080-exec-9] WARN  c.y.r.config.JwtAuthenticationFilter - ❌ No valid JWT token found in cookies!
2025-03-06 17:29:40 [http-nio-8080-exec-3] WARN  c.y.r.config.JwtAuthenticationFilter - ❌ No valid JWT token found in cookies!
2025-03-06 17:29:40 [http-nio-8080-exec-8] WARN  c.y.r.config.JwtAuthenticationFilter - ❌ No valid JWT token found in cookies!
2025-03-06 17:29:40 [http-nio-8080-exec-2] WARN  c.y.r.config.JwtAuthenticationFilter - ❌ No valid JWT token found in cookies!
2025-03-06 17:29:40 [http-nio-8080-exec-10] WARN  c.y.r.config.JwtAuthenticationFilter - ❌ No valid JWT token found in cookies!
2025-03-06 17:29:40 [http-nio-8080-exec-7] WARN  c.y.r.config.JwtAuthenticationFilter - ❌ No valid JWT token found in cookies!
2025-03-06 17:29:40 [http-nio-8080-exec-5] WARN  c.y.r.config.JwtAuthenticationFilter - ❌ No valid JWT token found in cookies!
2025-03-06 17:29:40 [http-nio-8080-exec-1] WARN  c.y.r.config.JwtAuthenticationFilter - ❌ No valid JWT token found in cookies!
2025-03-06 17:29:40 [http-nio-8080-exec-6] WARN  c.y.r.config.JwtAuthenticationFilter - ❌ No valid JWT token found in cookies!
2025-03-06 17:29:40 [http-nio-8080-exec-8] WARN  c.y.r.config.JwtAuthenticationFilter - ❌ No valid JWT token found in cookies!
2025-03-06 17:29:40 [http-nio-8080-exec-3] WARN  c.y.r.config.JwtAuthenticationFilter - ❌ No valid JWT token found in cookies!
2025-03-06 17:29:40 [http-nio-8080-exec-4] WARN  c.y.r.config.JwtAuthenticationFilter - ❌ No valid JWT token found in cookies!
2025-03-06 17:29:40 [http-nio-8080-exec-9] WARN  c.y.r.config.JwtAuthenticationFilter - ❌ No valid JWT token found in cookies!
2025-03-06 17:29:40 [http-nio-8080-exec-3] WARN  c.y.r.config.JwtAuthenticationFilter - ❌ No valid JWT token found in cookies!
2025-03-06 17:29:40 [http-nio-8080-exec-10] WARN  c.y.r.config.JwtAuthenticationFilter - ❌ No valid JWT token found in cookies!
2025-03-06 17:29:40 [http-nio-8080-exec-7] WARN  c.y.r.config.JwtAuthenticationFilter - ❌ No valid JWT token found in cookies!
2025-03-06 17:29:40 [http-nio-8080-exec-5] WARN  c.y.r.config.JwtAuthenticationFilter - ❌ No valid JWT token found in cookies!
2025-03-06 17:29:40 [http-nio-8080-exec-1] WARN  c.y.r.config.JwtAuthenticationFilter - ❌ No valid JWT token found in cookies!
2025-03-06 17:29:41 [http-nio-8080-exec-9] WARN  c.y.r.config.JwtAuthenticationFilter - ❌ No valid JWT token found in cookies!
2025-03-06 17:29:41 [http-nio-8080-exec-3] WARN  c.y.r.config.JwtAuthenticationFilter - ❌ No valid JWT token found in cookies!
2025-03-06 17:29:41 [http-nio-8080-exec-6] WARN  c.y.r.config.JwtAuthenticationFilter - ❌ No valid JWT token found in cookies!
2025-03-06 17:29:41 [http-nio-8080-exec-4] WARN  c.y.r.config.JwtAuthenticationFilter - ❌ No valid JWT token found in cookies!
2025-03-06 17:29:41 [http-nio-8080-exec-8] WARN  c.y.r.config.JwtAuthenticationFilter - ❌ No valid JWT token found in cookies!
2025-03-06 17:29:41 [http-nio-8080-exec-2] WARN  c.y.r.config.JwtAuthenticationFilter - ❌ No valid JWT token found in cookies!
2025-03-06 17:29:41 [http-nio-8080-exec-10] WARN  c.y.r.config.JwtAuthenticationFilter - ❌ No valid JWT token found in cookies!
2025-03-06 17:29:42 [http-nio-8080-exec-7] WARN  c.y.r.config.JwtAuthenticationFilter - ❌ No valid JWT token found in cookies!
2025-03-06 17:29:42 [http-nio-8080-exec-7] INFO  c.y.r.n.w.rest.NtQuoteListController - Fetching all NT Quotes
2025-03-06 17:29:42 [http-nio-8080-exec-5] WARN  c.y.r.config.JwtAuthenticationFilter - ❌ No valid JWT token found in cookies!
2025-03-06 17:29:42 [http-nio-8080-exec-1] WARN  c.y.r.config.JwtAuthenticationFilter - ❌ No valid JWT token found in cookies!
2025-03-06 17:30:42 [http-nio-8080-exec-4] WARN  c.y.r.config.JwtAuthenticationFilter - ❌ No valid JWT token found in cookies!
2025-03-06 17:30:42 [http-nio-8080-exec-4] INFO  c.y.r.n.w.rest.NtQuoteListController - Checking if Mold Mannual  file exists -> id: 4,  fileName: ntdemo.xlsx
2025-03-06 17:30:42 [http-nio-8080-exec-4] INFO  c.y.r.n.w.rest.NtQuoteListController - generate Remote Mold Mannual File Path id = 4 fileName = ntdemo.xlsx
2025-03-06 17:30:42 [http-nio-8080-exec-4] INFO  c.y.r.n.w.rest.NtQuoteListController - currentPath  = /home/CPS/NtQuote/MoldMannual/4
2025-03-06 17:30:42 [http-nio-8080-exec-4] INFO  c.y.r.n.w.rest.NtQuoteListController - Generated remote file path: /home/CPS/NtQuote/MoldMannual/4/ntdemo.xlsx
2025-03-06 17:30:42 [http-nio-8080-exec-4] INFO  c.y.r.a.web.rest.AdminRestController - Checking Mold Manual File Exists - id: 4, remoteFilePath: '/home/CPS/NtQuote/MoldMannual/4/ntdemo.xlsx'
2025-03-06 17:30:42 [http-nio-8080-exec-4] INFO  c.y.r.a.web.rest.AdminRestController - File existence count: 0
2025-03-06 17:30:42 [http-nio-8080-exec-4] INFO  c.y.r.n.w.rest.NtQuoteListController - File existence check result: false
2025-03-06 17:30:42 [http-nio-8080-exec-2] WARN  c.y.r.config.JwtAuthenticationFilter - ❌ No valid JWT token found in cookies!
2025-03-06 17:30:42 [http-nio-8080-exec-2] INFO  c.y.r.n.w.rest.NtQuoteListController - id in uploadMoldManualFile: 4
2025-03-06 17:30:42 [http-nio-8080-exec-2] INFO  c.y.r.n.w.rest.NtQuoteListController - files in uploadMoldManualFile: [org.springframework.web.multipart.support.StandardMultipartHttpServletRequest$StandardMultipartFile@c59bbe2]
2025-03-06 17:30:42 [http-nio-8080-exec-2] INFO  c.y.r.a.web.rest.AdminRestController - Upload Mold mannual Attach Files - Service method invoked with fileName: ntdemo.xlsx, id: 4
2025-03-06 17:30:42 [http-nio-8080-exec-2] INFO  c.y.r.a.web.rest.AdminRestController - Data size: 5099 bytes
2025-03-06 17:30:42 [http-nio-8080-exec-2] INFO  c.y.r.a.web.rest.AdminRestController - remoteBasePath = /home/CPS/NtQuote/MoldMannual/4/
2025-03-06 17:30:42 [http-nio-8080-exec-2] INFO  c.y.r.a.web.rest.AdminRestController - fileName = ntdemo.xlsx
2025-03-06 17:30:42 [http-nio-8080-exec-2] INFO  c.y.r.a.web.rest.AdminRestController - Attempting to change directory to: /home
2025-03-06 17:30:42 [http-nio-8080-exec-2] INFO  c.y.r.a.web.rest.AdminRestController - Attempting to change directory to: /home/CPS
2025-03-06 17:30:42 [http-nio-8080-exec-2] INFO  c.y.r.a.web.rest.AdminRestController - Attempting to change directory to: /home/CPS/NtQuote
2025-03-06 17:30:42 [http-nio-8080-exec-2] INFO  c.y.r.a.web.rest.AdminRestController - Attempting to change directory to: /home/CPS/NtQuote/MoldMannual
2025-03-06 17:30:42 [http-nio-8080-exec-2] INFO  c.y.r.a.web.rest.AdminRestController - Attempting to change directory to: /home/CPS/NtQuote/MoldMannual/4
2025-03-06 17:30:42 [http-nio-8080-exec-2] INFO  c.y.r.a.web.rest.AdminRestController - Attempting to upload new Mold Mannual file to: /home/CPS/NtQuote/MoldMannual/4/ntdemo.xlsx
2025-03-06 17:30:42 [http-nio-8080-exec-2] INFO  c.y.r.a.web.rest.AdminRestController - Added Mold Mannual file Path to list: /home/CPS/NtQuote/MoldMannual/4/ntdemo.xlsx
2025-03-06 17:30:42 [http-nio-8080-exec-2] INFO  c.y.r.a.web.rest.AdminRestController - Mold Mannual  File uploaded successfully to: /home/CPS/NtQuote/MoldMannual/4/ntdemo.xlsx
2025-03-06 17:30:47 [http-nio-8080-exec-5] WARN  c.y.r.config.JwtAuthenticationFilter - ❌ No valid JWT token found in cookies!
2025-03-06 17:30:47 [http-nio-8080-exec-7] WARN  c.y.r.config.JwtAuthenticationFilter - ❌ No valid JWT token found in cookies!
2025-03-06 17:30:47 [http-nio-8080-exec-8] WARN  c.y.r.config.JwtAuthenticationFilter - ❌ No valid JWT token found in cookies!
2025-03-06 17:30:47 [http-nio-8080-exec-1] WARN  c.y.r.config.JwtAuthenticationFilter - ❌ No valid JWT token found in cookies!
2025-03-06 17:30:47 [http-nio-8080-exec-6] WARN  c.y.r.config.JwtAuthenticationFilter - ❌ No valid JWT token found in cookies!
2025-03-06 17:30:47 [http-nio-8080-exec-9] WARN  c.y.r.config.JwtAuthenticationFilter - ❌ No valid JWT token found in cookies!
2025-03-06 17:30:47 [http-nio-8080-exec-3] WARN  c.y.r.config.JwtAuthenticationFilter - ❌ No valid JWT token found in cookies!
2025-03-06 17:30:47 [http-nio-8080-exec-2] WARN  c.y.r.config.JwtAuthenticationFilter - ❌ No valid JWT token found in cookies!
2025-03-06 17:30:47 [http-nio-8080-exec-4] WARN  c.y.r.config.JwtAuthenticationFilter - ❌ No valid JWT token found in cookies!
2025-03-06 17:30:47 [http-nio-8080-exec-10] WARN  c.y.r.config.JwtAuthenticationFilter - ❌ No valid JWT token found in cookies!
2025-03-06 17:30:47 [http-nio-8080-exec-5] WARN  c.y.r.config.JwtAuthenticationFilter - ❌ No valid JWT token found in cookies!
2025-03-06 17:30:47 [http-nio-8080-exec-7] WARN  c.y.r.config.JwtAuthenticationFilter - ❌ No valid JWT token found in cookies!
2025-03-06 17:30:47 [http-nio-8080-exec-8] WARN  c.y.r.config.JwtAuthenticationFilter - ❌ No valid JWT token found in cookies!
2025-03-06 17:30:47 [http-nio-8080-exec-1] WARN  c.y.r.config.JwtAuthenticationFilter - ❌ No valid JWT token found in cookies!
2025-03-06 17:30:47 [http-nio-8080-exec-9] WARN  c.y.r.config.JwtAuthenticationFilter - ❌ No valid JWT token found in cookies!
2025-03-06 17:30:47 [http-nio-8080-exec-3] WARN  c.y.r.config.JwtAuthenticationFilter - ❌ No valid JWT token found in cookies!
2025-03-06 17:30:47 [http-nio-8080-exec-6] WARN  c.y.r.config.JwtAuthenticationFilter - ❌ No valid JWT token found in cookies!
2025-03-06 17:30:47 [http-nio-8080-exec-10] WARN  c.y.r.config.JwtAuthenticationFilter - ❌ No valid JWT token found in cookies!
2025-03-06 17:30:47 [http-nio-8080-exec-5] WARN  c.y.r.config.JwtAuthenticationFilter - ❌ No valid JWT token found in cookies!
2025-03-06 17:30:47 [http-nio-8080-exec-4] WARN  c.y.r.config.JwtAuthenticationFilter - ❌ No valid JWT token found in cookies!
2025-03-06 17:30:47 [http-nio-8080-exec-2] WARN  c.y.r.config.JwtAuthenticationFilter - ❌ No valid JWT token found in cookies!
2025-03-06 17:30:47 [http-nio-8080-exec-7] WARN  c.y.r.config.JwtAuthenticationFilter - ❌ No valid JWT token found in cookies!
2025-03-06 17:30:47 [http-nio-8080-exec-8] WARN  c.y.r.config.JwtAuthenticationFilter - ❌ No valid JWT token found in cookies!
2025-03-06 17:30:47 [http-nio-8080-exec-1] WARN  c.y.r.config.JwtAuthenticationFilter - ❌ No valid JWT token found in cookies!
2025-03-06 17:30:47 [http-nio-8080-exec-3] WARN  c.y.r.config.JwtAuthenticationFilter - ❌ No valid JWT token found in cookies!
2025-03-06 17:30:47 [http-nio-8080-exec-9] WARN  c.y.r.config.JwtAuthenticationFilter - ❌ No valid JWT token found in cookies!
2025-03-06 17:30:47 [http-nio-8080-exec-10] WARN  c.y.r.config.JwtAuthenticationFilter - ❌ No valid JWT token found in cookies!
2025-03-06 17:30:47 [http-nio-8080-exec-6] WARN  c.y.r.config.JwtAuthenticationFilter - ❌ No valid JWT token found in cookies!
2025-03-06 17:30:47 [http-nio-8080-exec-4] WARN  c.y.r.config.JwtAuthenticationFilter - ❌ No valid JWT token found in cookies!
2025-03-06 17:30:47 [http-nio-8080-exec-5] WARN  c.y.r.config.JwtAuthenticationFilter - ❌ No valid JWT token found in cookies!
2025-03-06 17:30:47 [http-nio-8080-exec-2] WARN  c.y.r.config.JwtAuthenticationFilter - ❌ No valid JWT token found in cookies!
2025-03-06 17:30:47 [http-nio-8080-exec-3] WARN  c.y.r.config.JwtAuthenticationFilter - ❌ No valid JWT token found in cookies!
2025-03-06 17:30:47 [http-nio-8080-exec-7] WARN  c.y.r.config.JwtAuthenticationFilter - ❌ No valid JWT token found in cookies!
2025-03-06 17:30:47 [http-nio-8080-exec-8] WARN  c.y.r.config.JwtAuthenticationFilter - ❌ No valid JWT token found in cookies!
2025-03-06 17:30:47 [http-nio-8080-exec-1] WARN  c.y.r.config.JwtAuthenticationFilter - ❌ No valid JWT token found in cookies!
2025-03-06 17:30:47 [http-nio-8080-exec-9] WARN  c.y.r.config.JwtAuthenticationFilter - ❌ No valid JWT token found in cookies!
2025-03-06 17:30:47 [http-nio-8080-exec-10] WARN  c.y.r.config.JwtAuthenticationFilter - ❌ No valid JWT token found in cookies!
2025-03-06 17:30:47 [http-nio-8080-exec-6] WARN  c.y.r.config.JwtAuthenticationFilter - ❌ No valid JWT token found in cookies!
2025-03-06 17:30:47 [http-nio-8080-exec-4] WARN  c.y.r.config.JwtAuthenticationFilter - ❌ No valid JWT token found in cookies!
2025-03-06 17:30:47 [http-nio-8080-exec-5] WARN  c.y.r.config.JwtAuthenticationFilter - ❌ No valid JWT token found in cookies!
2025-03-06 17:30:47 [http-nio-8080-exec-9] WARN  c.y.r.config.JwtAuthenticationFilter - ❌ No valid JWT token found in cookies!
2025-03-06 17:30:47 [http-nio-8080-exec-3] WARN  c.y.r.config.JwtAuthenticationFilter - ❌ No valid JWT token found in cookies!
2025-03-06 17:30:47 [http-nio-8080-exec-8] WARN  c.y.r.config.JwtAuthenticationFilter - ❌ No valid JWT token found in cookies!
2025-03-06 17:30:47 [http-nio-8080-exec-7] WARN  c.y.r.config.JwtAuthenticationFilter - ❌ No valid JWT token found in cookies!
2025-03-06 17:30:47 [http-nio-8080-exec-1] WARN  c.y.r.config.JwtAuthenticationFilter - ❌ No valid JWT token found in cookies!
2025-03-06 17:30:47 [http-nio-8080-exec-6] WARN  c.y.r.config.JwtAuthenticationFilter - ❌ No valid JWT token found in cookies!
2025-03-06 17:30:47 [http-nio-8080-exec-4] WARN  c.y.r.config.JwtAuthenticationFilter - ❌ No valid JWT token found in cookies!
2025-03-06 17:30:47 [http-nio-8080-exec-5] WARN  c.y.r.config.JwtAuthenticationFilter - ❌ No valid JWT token found in cookies!
2025-03-06 17:30:47 [http-nio-8080-exec-2] WARN  c.y.r.config.JwtAuthenticationFilter - ❌ No valid JWT token found in cookies!
2025-03-06 17:30:47 [http-nio-8080-exec-9] WARN  c.y.r.config.JwtAuthenticationFilter - ❌ No valid JWT token found in cookies!
2025-03-06 17:30:47 [http-nio-8080-exec-10] WARN  c.y.r.config.JwtAuthenticationFilter - ❌ No valid JWT token found in cookies!
2025-03-06 17:30:47 [http-nio-8080-exec-3] WARN  c.y.r.config.JwtAuthenticationFilter - ❌ No valid JWT token found in cookies!
2025-03-06 17:30:47 [http-nio-8080-exec-8] WARN  c.y.r.config.JwtAuthenticationFilter - ❌ No valid JWT token found in cookies!
2025-03-06 17:30:49 [http-nio-8080-exec-4] WARN  c.y.r.config.JwtAuthenticationFilter - ❌ No valid JWT token found in cookies!
2025-03-06 17:30:49 [http-nio-8080-exec-6] WARN  c.y.r.config.JwtAuthenticationFilter - ❌ No valid JWT token found in cookies!
2025-03-06 17:30:49 [http-nio-8080-exec-10] WARN  c.y.r.config.JwtAuthenticationFilter - ❌ No valid JWT token found in cookies!
2025-03-06 17:30:49 [http-nio-8080-exec-9] WARN  c.y.r.config.JwtAuthenticationFilter - ❌ No valid JWT token found in cookies!
2025-03-06 17:30:49 [http-nio-8080-exec-1] WARN  c.y.r.config.JwtAuthenticationFilter - ❌ No valid JWT token found in cookies!
2025-03-06 17:30:49 [http-nio-8080-exec-7] WARN  c.y.r.config.JwtAuthenticationFilter - ❌ No valid JWT token found in cookies!
2025-03-06 17:30:49 [http-nio-8080-exec-2] WARN  c.y.r.config.JwtAuthenticationFilter - ❌ No valid JWT token found in cookies!
2025-03-06 17:30:51 [http-nio-8080-exec-4] WARN  c.y.r.config.JwtAuthenticationFilter - ❌ No valid JWT token found in cookies!
2025-03-06 17:30:51 [http-nio-8080-exec-7] WARN  c.y.r.config.JwtAuthenticationFilter - ❌ No valid JWT token found in cookies!
2025-03-06 17:30:51 [http-nio-8080-exec-8] WARN  c.y.r.config.JwtAuthenticationFilter - ❌ No valid JWT token found in cookies!
2025-03-06 17:30:51 [http-nio-8080-exec-3] WARN  c.y.r.config.JwtAuthenticationFilter - ❌ No valid JWT token found in cookies!
2025-03-06 17:30:51 [http-nio-8080-exec-1] WARN  c.y.r.config.JwtAuthenticationFilter - ❌ No valid JWT token found in cookies!
2025-03-06 17:30:51 [http-nio-8080-exec-5] WARN  c.y.r.config.JwtAuthenticationFilter - ❌ No valid JWT token found in cookies!
2025-03-06 17:30:51 [http-nio-8080-exec-6] WARN  c.y.r.config.JwtAuthenticationFilter - ❌ No valid JWT token found in cookies!
2025-03-06 17:30:52 [http-nio-8080-exec-9] WARN  c.y.r.config.JwtAuthenticationFilter - ❌ No valid JWT token found in cookies!
2025-03-06 17:30:52 [http-nio-8080-exec-9] INFO  c.y.r.n.w.rest.NtQuoteListController - Fetching all NT Quotes
2025-03-06 17:30:52 [http-nio-8080-exec-10] WARN  c.y.r.config.JwtAuthenticationFilter - ❌ No valid JWT token found in cookies!
2025-03-06 17:30:52 [http-nio-8080-exec-2] WARN  c.y.r.config.JwtAuthenticationFilter - ❌ No valid JWT token found in cookies!
2025-03-06 17:30:58 [http-nio-8080-exec-6] WARN  c.y.r.config.JwtAuthenticationFilter - ❌ No valid JWT token found in cookies!
2025-03-06 17:30:58 [http-nio-8080-exec-6] INFO  c.y.r.n.w.rest.NtQuoteListController - Downloading Mold Manual file - filePath: /home/CPS/NtQuote/MoldMannual/4/ntdemo.xlsx
2025-03-06 17:30:58 [http-nio-8080-exec-6] INFO  c.y.r.n.w.rest.NtQuoteListController - Decoded filePath: /home/CPS/NtQuote/MoldMannual/4/ntdemo.xlsx
2025-03-06 17:30:58 [http-nio-8080-exec-6] INFO  c.y.r.n.w.rest.NtQuoteListController - Remote Mold Manual file path: /home/CPS/NtQuote/MoldMannual//4/ntdemo.xlsx
2025-03-06 17:30:59 [http-nio-8080-exec-6] INFO  c.y.r.n.w.rest.NtQuoteListController - Mold Manual file downloaded successfully: ntdemo.xlsx
2025-03-06 17:31:34 [http-nio-8080-exec-10] WARN  c.y.r.config.JwtAuthenticationFilter - ❌ No valid JWT token found in cookies!
2025-03-06 17:31:34 [http-nio-8080-exec-10] INFO  c.y.r.n.w.rest.NtQuoteListController - Downloading Mold Manual file - filePath: /home/CPS/NtQuote/MoldMannual/4/ntdemo.xlsx
2025-03-06 17:31:34 [http-nio-8080-exec-10] INFO  c.y.r.n.w.rest.NtQuoteListController - Decoded filePath: /home/CPS/NtQuote/MoldMannual/4/ntdemo.xlsx
2025-03-06 17:31:34 [http-nio-8080-exec-10] INFO  c.y.r.n.w.rest.NtQuoteListController - Remote Mold Manual file path: /home/CPS/NtQuote/MoldMannual//4/ntdemo.xlsx
2025-03-06 17:31:35 [http-nio-8080-exec-10] INFO  c.y.r.n.w.rest.NtQuoteListController - Mold Manual file downloaded successfully: ntdemo.xlsx
2025-03-06 17:31:38 [http-nio-8080-exec-9] WARN  c.y.r.config.JwtAuthenticationFilter - ❌ No valid JWT token found in cookies!
2025-03-06 17:31:38 [http-nio-8080-exec-9] INFO  c.y.r.n.w.rest.NtQuoteListController - Checking if Mold Mannual  file exists -> id: 4,  fileName: ntdemo.xlsx
2025-03-06 17:31:38 [http-nio-8080-exec-9] INFO  c.y.r.n.w.rest.NtQuoteListController - generate Remote Mold Mannual File Path id = 4 fileName = ntdemo.xlsx
2025-03-06 17:31:38 [http-nio-8080-exec-9] INFO  c.y.r.n.w.rest.NtQuoteListController - currentPath  = /home/CPS/NtQuote/MoldMannual/4
2025-03-06 17:31:38 [http-nio-8080-exec-9] INFO  c.y.r.n.w.rest.NtQuoteListController - Generated remote file path: /home/CPS/NtQuote/MoldMannual/4/ntdemo.xlsx
2025-03-06 17:31:38 [http-nio-8080-exec-9] INFO  c.y.r.a.web.rest.AdminRestController - Checking Mold Manual File Exists - id: 4, remoteFilePath: '/home/CPS/NtQuote/MoldMannual/4/ntdemo.xlsx'
2025-03-06 17:31:38 [http-nio-8080-exec-9] INFO  c.y.r.a.web.rest.AdminRestController - File existence count: 1
2025-03-06 17:31:38 [http-nio-8080-exec-9] INFO  c.y.r.n.w.rest.NtQuoteListController - File existence check result: true
2025-03-06 17:31:44 [http-nio-8080-exec-2] WARN  c.y.r.config.JwtAuthenticationFilter - ❌ No valid JWT token found in cookies!
2025-03-06 17:31:44 [http-nio-8080-exec-2] INFO  c.y.r.n.w.rest.NtQuoteListController - Checking if Mold Mannual  file exists -> id: 4,  fileName: ntdemo.xlsx
2025-03-06 17:31:44 [http-nio-8080-exec-2] INFO  c.y.r.n.w.rest.NtQuoteListController - generate Remote Mold Mannual File Path id = 4 fileName = ntdemo.xlsx
2025-03-06 17:31:44 [http-nio-8080-exec-2] INFO  c.y.r.n.w.rest.NtQuoteListController - currentPath  = /home/CPS/NtQuote/MoldMannual/4
2025-03-06 17:31:44 [http-nio-8080-exec-2] INFO  c.y.r.n.w.rest.NtQuoteListController - Generated remote file path: /home/CPS/NtQuote/MoldMannual/4/ntdemo.xlsx
2025-03-06 17:31:44 [http-nio-8080-exec-2] INFO  c.y.r.a.web.rest.AdminRestController - Checking Mold Manual File Exists - id: 4, remoteFilePath: '/home/CPS/NtQuote/MoldMannual/4/ntdemo.xlsx'
2025-03-06 17:31:44 [http-nio-8080-exec-2] INFO  c.y.r.a.web.rest.AdminRestController - File existence count: 1
2025-03-06 17:31:44 [http-nio-8080-exec-2] INFO  c.y.r.n.w.rest.NtQuoteListController - File existence check result: true
2025-03-06 17:31:45 [http-nio-8080-exec-1] WARN  c.y.r.config.JwtAuthenticationFilter - ❌ No valid JWT token found in cookies!
2025-03-06 17:31:45 [http-nio-8080-exec-1] ERROR c.y.r.n.w.rest.NtQuoteListController - Controller -- overwrite mold mannual File id ===== 4
2025-03-06 17:31:45 [http-nio-8080-exec-1] INFO  c.y.r.n.w.rest.NtQuoteListController - overwrite Mold Mannual File line  ===== 4
2025-03-06 17:31:45 [http-nio-8080-exec-1] INFO  c.y.r.a.web.rest.AdminRestController - overwrite Mold Mannual_Files Attachment Service method invoked with fileName: ntdemo.xlsx, id: 4
2025-03-06 17:31:45 [http-nio-8080-exec-1] INFO  c.y.r.a.web.rest.AdminRestController - Data size: 5106 bytes
2025-03-06 17:31:45 [http-nio-8080-exec-1] INFO  c.y.r.a.web.rest.AdminRestController - remoteBasePath = /home/CPS/NtQuote/MoldManual/4/
2025-03-06 17:31:45 [http-nio-8080-exec-1] INFO  c.y.r.a.web.rest.AdminRestController - fileName = ntdemo.xlsx
2025-03-06 17:31:46 [http-nio-8080-exec-1] INFO  c.y.r.a.web.rest.AdminRestController - Attempting to overwrite mold mannual Files Attachment with new file: /home/CPS/NtQuote/MoldManual/4/ntdemo.xlsx
2025-03-06 17:31:46 [http-nio-8080-exec-1] INFO  c.y.r.a.web.rest.AdminRestController - Added filePath to list: /home/CPS/NtQuote/MoldManual/4/ntdemo.xlsx
2025-03-06 17:31:46 [http-nio-8080-exec-1] INFO  c.y.r.a.web.rest.AdminRestController - mold mannual Files  overwritten successfully to: /home/CPS/NtQuote/MoldManual/4/ntdemo.xlsx
2025-03-06 17:31:46 [http-nio-8080-exec-1] WARN  o.h.e.jdbc.spi.SqlExceptionHelper - SQL Error: 0, SQLState: 42P01
2025-03-06 17:31:46 [http-nio-8080-exec-1] ERROR o.h.e.jdbc.spi.SqlExceptionHelper - ERROR: relation "ntquotelist" does not exist
  Position: 8
2025-03-06 17:31:46 [http-nio-8080-exec-1] ERROR o.a.c.c.C.[.[.[.[dispatcherServlet] - Servlet.service() for servlet [dispatcherServlet] in context with path [/rev-aux] threw exception [Request processing failed: org.springframework.dao.InvalidDataAccessResourceUsageException: JDBC exception executing SQL [UPDATE NtQuoteList SET moldManual = array_append(array_remove(COALESCE(moldManual, ARRAY[]::TEXT[]), ?), ?) WHERE id = ?] [ERROR: relation "ntquotelist" does not exist
  Position: 8] [n/a]; SQL [n/a]] with root cause
org.postgresql.util.PSQLException: ERROR: relation "ntquotelist" does not exist
  Position: 8
	at org.postgresql.core.v3.QueryExecutorImpl.receiveErrorResponse(QueryExecutorImpl.java:2733)
	at org.postgresql.core.v3.QueryExecutorImpl.processResults(QueryExecutorImpl.java:2420)
	at org.postgresql.core.v3.QueryExecutorImpl.execute(QueryExecutorImpl.java:372)
	at org.postgresql.jdbc.PgStatement.executeInternal(PgStatement.java:517)
	at org.postgresql.jdbc.PgStatement.execute(PgStatement.java:434)
	at org.postgresql.jdbc.PgPreparedStatement.executeWithFlags(PgPreparedStatement.java:194)
	at org.postgresql.jdbc.PgPreparedStatement.executeUpdate(PgPreparedStatement.java:155)
	at com.zaxxer.hikari.pool.ProxyPreparedStatement.executeUpdate(ProxyPreparedStatement.java:61)
	at com.zaxxer.hikari.pool.HikariProxyPreparedStatement.executeUpdate(HikariProxyPreparedStatement.java)
	at org.hibernate.sql.exec.internal.StandardJdbcMutationExecutor.execute(StandardJdbcMutationExecutor.java:90)
	at org.hibernate.query.sql.internal.NativeNonSelectQueryPlanImpl.executeUpdate(NativeNonSelectQueryPlanImpl.java:76)
	at org.hibernate.query.sql.internal.NativeQueryImpl.doExecuteUpdate(NativeQueryImpl.java:973)
	at org.hibernate.query.spi.AbstractQuery.executeUpdate(AbstractQuery.java:651)
	at org.springframework.data.jpa.repository.query.JpaQueryExecution$ModifyingExecution.doExecute(JpaQueryExecution.java:267)
	at org.springframework.data.jpa.repository.query.JpaQueryExecution.execute(JpaQueryExecution.java:93)
	at org.springframework.data.jpa.repository.query.AbstractJpaQuery.doExecute(AbstractJpaQuery.java:152)
	at org.springframework.data.jpa.repository.query.AbstractJpaQuery.execute(AbstractJpaQuery.java:140)
	at org.springframework.data.repository.core.support.RepositoryMethodInvoker.doInvoke(RepositoryMethodInvoker.java:170)
	at org.springframework.data.repository.core.support.RepositoryMethodInvoker.invoke(RepositoryMethodInvoker.java:158)
	at org.springframework.data.repository.core.support.QueryExecutorMethodInterceptor.doInvoke(QueryExecutorMethodInterceptor.java:170)
	at org.springframework.data.repository.core.support.QueryExecutorMethodInterceptor.invoke(QueryExecutorMethodInterceptor.java:149)
	at org.springframework.aop.framework.ReflectiveMethodInvocation.proceed(ReflectiveMethodInvocation.java:184)
	at org.springframework.data.projection.DefaultMethodInvokingMethodInterceptor.invoke(DefaultMethodInvokingMethodInterceptor.java:69)
	at org.springframework.aop.framework.ReflectiveMethodInvocation.proceed(ReflectiveMethodInvocation.java:184)
	at org.springframework.transaction.interceptor.TransactionAspectSupport.invokeWithinTransaction(TransactionAspectSupport.java:380)
	at org.springframework.transaction.interceptor.TransactionInterceptor.invoke(TransactionInterceptor.java:119)
	at org.springframework.aop.framework.ReflectiveMethodInvocation.proceed(ReflectiveMethodInvocation.java:184)
	at org.springframework.dao.support.PersistenceExceptionTranslationInterceptor.invoke(PersistenceExceptionTranslationInterceptor.java:138)
	at org.springframework.aop.framework.ReflectiveMethodInvocation.proceed(ReflectiveMethodInvocation.java:184)
	at org.springframework.data.jpa.repository.support.CrudMethodMetadataPostProcessor$CrudMethodMetadataPopulatingMethodInterceptor.invoke(CrudMethodMetadataPostProcessor.java:136)
	at org.springframework.aop.framework.ReflectiveMethodInvocation.proceed(ReflectiveMethodInvocation.java:184)
	at org.springframework.aop.framework.JdkDynamicAopProxy.invoke(JdkDynamicAopProxy.java:223)
	at jdk.proxy4/jdk.proxy4.$Proxy155.overwriteMoldManualAttachment(Unknown Source)
	at com.yts.revaux.ntQuote.service.NtQuoteListService.overwriteMoldManualAttachment(NtQuoteListService.java:371)
	at java.base/jdk.internal.reflect.DirectMethodHandleAccessor.invoke(DirectMethodHandleAccessor.java:103)
	at java.base/java.lang.reflect.Method.invoke(Method.java:580)
	at org.springframework.aop.support.AopUtils.invokeJoinpointUsingReflection(AopUtils.java:359)
	at org.springframework.aop.framework.ReflectiveMethodInvocation.invokeJoinpoint(ReflectiveMethodInvocation.java:196)
	at org.springframework.aop.framework.ReflectiveMethodInvocation.proceed(ReflectiveMethodInvocation.java:163)
	at org.springframework.transaction.interceptor.TransactionAspectSupport.invokeWithinTransaction(TransactionAspectSupport.java:380)
	at org.springframework.transaction.interceptor.TransactionInterceptor.invoke(TransactionInterceptor.java:119)
	at org.springframework.aop.framework.ReflectiveMethodInvocation.proceed(ReflectiveMethodInvocation.java:184)
	at org.springframework.aop.framework.CglibAopProxy$DynamicAdvisedInterceptor.intercept(CglibAopProxy.java:727)
	at com.yts.revaux.ntQuote.service.NtQuoteListService$$SpringCGLIB$$0.overwriteMoldManualAttachment(<generated>)
	at com.yts.revaux.ntQuote.web.rest.NtQuoteListController.updateOverwriteBuyerAttachCadFile(NtQuoteListController.java:261)
	at java.base/jdk.internal.reflect.DirectMethodHandleAccessor.invoke(DirectMethodHandleAccessor.java:103)
	at java.base/java.lang.reflect.Method.invoke(Method.java:580)
	at org.springframework.web.method.support.InvocableHandlerMethod.doInvoke(InvocableHandlerMethod.java:257)
	at org.springframework.web.method.support.InvocableHandlerMethod.invokeForRequest(InvocableHandlerMethod.java:190)
	at org.springframework.web.servlet.mvc.method.annotation.ServletInvocableHandlerMethod.invokeAndHandle(ServletInvocableHandlerMethod.java:118)
	at org.springframework.web.servlet.mvc.method.annotation.RequestMappingHandlerAdapter.invokeHandlerMethod(RequestMappingHandlerAdapter.java:986)
	at org.springframework.web.servlet.mvc.method.annotation.RequestMappingHandlerAdapter.handleInternal(RequestMappingHandlerAdapter.java:891)
	at org.springframework.web.servlet.mvc.method.AbstractHandlerMethodAdapter.handle(AbstractHandlerMethodAdapter.java:87)
	at org.springframework.web.servlet.DispatcherServlet.doDispatch(DispatcherServlet.java:1088)
	at org.springframework.web.servlet.DispatcherServlet.doService(DispatcherServlet.java:978)
	at org.springframework.web.servlet.FrameworkServlet.processRequest(FrameworkServlet.java:1014)
	at org.springframework.web.servlet.FrameworkServlet.doPost(FrameworkServlet.java:914)
	at jakarta.servlet.http.HttpServlet.service(HttpServlet.java:590)
	at org.springframework.web.servlet.FrameworkServlet.service(FrameworkServlet.java:885)
	at jakarta.servlet.http.HttpServlet.service(HttpServlet.java:658)
	at org.apache.catalina.core.ApplicationFilterChain.internalDoFilter(ApplicationFilterChain.java:195)
	at org.apache.catalina.core.ApplicationFilterChain.doFilter(ApplicationFilterChain.java:140)
	at org.apache.tomcat.websocket.server.WsFilter.doFilter(WsFilter.java:51)
	at org.apache.catalina.core.ApplicationFilterChain.internalDoFilter(ApplicationFilterChain.java:164)
	at org.apache.catalina.core.ApplicationFilterChain.doFilter(ApplicationFilterChain.java:140)
	at org.springframework.web.filter.OncePerRequestFilter.doFilter(OncePerRequestFilter.java:110)
	at org.apache.catalina.core.ApplicationFilterChain.internalDoFilter(ApplicationFilterChain.java:164)
	at org.apache.catalina.core.ApplicationFilterChain.doFilter(ApplicationFilterChain.java:140)
	at org.springframework.web.filter.CompositeFilter$VirtualFilterChain.doFilter(CompositeFilter.java:108)
	at org.springframework.security.web.FilterChainProxy.lambda$doFilterInternal$3(FilterChainProxy.java:231)
	at org.springframework.security.web.FilterChainProxy$VirtualFilterChain.doFilter(FilterChainProxy.java:365)
	at org.springframework.security.web.access.intercept.AuthorizationFilter.doFilter(AuthorizationFilter.java:101)
	at org.springframework.security.web.FilterChainProxy$VirtualFilterChain.doFilter(FilterChainProxy.java:374)
	at org.springframework.security.web.access.ExceptionTranslationFilter.doFilter(ExceptionTranslationFilter.java:126)
	at org.springframework.security.web.access.ExceptionTranslationFilter.doFilter(ExceptionTranslationFilter.java:120)
	at org.springframework.security.web.FilterChainProxy$VirtualFilterChain.doFilter(FilterChainProxy.java:374)
	at org.springframework.security.web.session.SessionManagementFilter.doFilter(SessionManagementFilter.java:131)
	at org.springframework.security.web.session.SessionManagementFilter.doFilter(SessionManagementFilter.java:85)
	at org.springframework.security.web.FilterChainProxy$VirtualFilterChain.doFilter(FilterChainProxy.java:374)
	at org.springframework.security.web.authentication.AnonymousAuthenticationFilter.doFilter(AnonymousAuthenticationFilter.java:100)
	at org.springframework.security.web.FilterChainProxy$VirtualFilterChain.doFilter(FilterChainProxy.java:374)
	at org.springframework.security.web.servletapi.SecurityContextHolderAwareRequestFilter.doFilter(SecurityContextHolderAwareRequestFilter.java:179)
	at org.springframework.security.web.FilterChainProxy$VirtualFilterChain.doFilter(FilterChainProxy.java:374)
	at org.springframework.security.web.savedrequest.RequestCacheAwareFilter.doFilter(RequestCacheAwareFilter.java:63)
	at org.springframework.security.web.FilterChainProxy$VirtualFilterChain.doFilter(FilterChainProxy.java:374)
	at com.yts.revaux.config.JwtAuthenticationFilter.doFilterInternal(JwtAuthenticationFilter.java:52)
	at org.springframework.web.filter.OncePerRequestFilter.doFilter(OncePerRequestFilter.java:116)
	at org.springframework.security.web.FilterChainProxy$VirtualFilterChain.doFilter(FilterChainProxy.java:374)
	at org.springframework.security.web.authentication.logout.LogoutFilter.doFilter(LogoutFilter.java:107)
	at org.springframework.security.web.authentication.logout.LogoutFilter.doFilter(LogoutFilter.java:93)
	at org.springframework.security.web.FilterChainProxy$VirtualFilterChain.doFilter(FilterChainProxy.java:374)
	at org.springframework.web.filter.CorsFilter.doFilterInternal(CorsFilter.java:91)
	at org.springframework.web.filter.OncePerRequestFilter.doFilter(OncePerRequestFilter.java:116)
	at org.springframework.security.web.FilterChainProxy$VirtualFilterChain.doFilter(FilterChainProxy.java:374)
	at org.springframework.security.web.header.HeaderWriterFilter.doHeadersAfter(HeaderWriterFilter.java:90)
	at org.springframework.security.web.header.HeaderWriterFilter.doFilterInternal(HeaderWriterFilter.java:75)
	at org.springframework.web.filter.OncePerRequestFilter.doFilter(OncePerRequestFilter.java:116)
	at org.springframework.security.web.FilterChainProxy$VirtualFilterChain.doFilter(FilterChainProxy.java:374)
	at org.springframework.security.web.context.SecurityContextHolderFilter.doFilter(SecurityContextHolderFilter.java:82)
	at org.springframework.security.web.context.SecurityContextHolderFilter.doFilter(SecurityContextHolderFilter.java:69)
	at org.springframework.security.web.FilterChainProxy$VirtualFilterChain.doFilter(FilterChainProxy.java:374)
	at org.springframework.security.web.context.request.async.WebAsyncManagerIntegrationFilter.doFilterInternal(WebAsyncManagerIntegrationFilter.java:62)
	at org.springframework.web.filter.OncePerRequestFilter.doFilter(OncePerRequestFilter.java:116)
	at org.springframework.security.web.FilterChainProxy$VirtualFilterChain.doFilter(FilterChainProxy.java:374)
	at org.springframework.security.web.session.DisableEncodeUrlFilter.doFilterInternal(DisableEncodeUrlFilter.java:42)
	at org.springframework.web.filter.OncePerRequestFilter.doFilter(OncePerRequestFilter.java:116)
	at org.springframework.security.web.FilterChainProxy$VirtualFilterChain.doFilter(FilterChainProxy.java:374)
	at org.springframework.security.web.FilterChainProxy.doFilterInternal(FilterChainProxy.java:233)
	at org.springframework.security.web.FilterChainProxy.doFilter(FilterChainProxy.java:191)
	at org.springframework.web.filter.CompositeFilter$VirtualFilterChain.doFilter(CompositeFilter.java:113)
	at org.springframework.web.servlet.handler.HandlerMappingIntrospector.lambda$createCacheFilter$3(HandlerMappingIntrospector.java:243)
	at org.springframework.web.filter.CompositeFilter$VirtualFilterChain.doFilter(CompositeFilter.java:113)
	at org.springframework.web.filter.CompositeFilter.doFilter(CompositeFilter.java:74)
	at org.springframework.security.config.annotation.web.configuration.WebMvcSecurityConfiguration$CompositeFilterChainProxy.doFilter(WebMvcSecurityConfiguration.java:238)
	at org.springframework.web.filter.DelegatingFilterProxy.invokeDelegate(DelegatingFilterProxy.java:362)
	at org.springframework.web.filter.DelegatingFilterProxy.doFilter(DelegatingFilterProxy.java:278)
	at org.apache.catalina.core.ApplicationFilterChain.internalDoFilter(ApplicationFilterChain.java:164)
	at org.apache.catalina.core.ApplicationFilterChain.doFilter(ApplicationFilterChain.java:140)
	at org.springframework.web.filter.RequestContextFilter.doFilterInternal(RequestContextFilter.java:100)
	at org.springframework.web.filter.OncePerRequestFilter.doFilter(OncePerRequestFilter.java:116)
	at org.apache.catalina.core.ApplicationFilterChain.internalDoFilter(ApplicationFilterChain.java:164)
	at org.apache.catalina.core.ApplicationFilterChain.doFilter(ApplicationFilterChain.java:140)
	at org.springframework.web.filter.FormContentFilter.doFilterInternal(FormContentFilter.java:93)
	at org.springframework.web.filter.OncePerRequestFilter.doFilter(OncePerRequestFilter.java:116)
	at org.apache.catalina.core.ApplicationFilterChain.internalDoFilter(ApplicationFilterChain.java:164)
	at org.apache.catalina.core.ApplicationFilterChain.doFilter(ApplicationFilterChain.java:140)
	at org.springframework.web.filter.CharacterEncodingFilter.doFilterInternal(CharacterEncodingFilter.java:201)
	at org.springframework.web.filter.OncePerRequestFilter.doFilter(OncePerRequestFilter.java:116)
	at org.apache.catalina.core.ApplicationFilterChain.internalDoFilter(ApplicationFilterChain.java:164)
	at org.apache.catalina.core.ApplicationFilterChain.doFilter(ApplicationFilterChain.java:140)
	at org.apache.catalina.core.StandardWrapperValve.invoke(StandardWrapperValve.java:167)
	at org.apache.catalina.core.StandardContextValve.invoke(StandardContextValve.java:90)
	at org.apache.catalina.authenticator.AuthenticatorBase.invoke(AuthenticatorBase.java:483)
	at org.apache.catalina.core.StandardHostValve.invoke(StandardHostValve.java:115)
	at org.apache.catalina.valves.ErrorReportValve.invoke(ErrorReportValve.java:93)
	at org.apache.catalina.core.StandardEngineValve.invoke(StandardEngineValve.java:74)
	at org.apache.catalina.connector.CoyoteAdapter.service(CoyoteAdapter.java:344)
	at org.apache.coyote.http11.Http11Processor.service(Http11Processor.java:397)
	at org.apache.coyote.AbstractProcessorLight.process(AbstractProcessorLight.java:63)
	at org.apache.coyote.AbstractProtocol$ConnectionHandler.process(AbstractProtocol.java:905)
	at org.apache.tomcat.util.net.NioEndpoint$SocketProcessor.doRun(NioEndpoint.java:1743)
	at org.apache.tomcat.util.net.SocketProcessorBase.run(SocketProcessorBase.java:52)
	at org.apache.tomcat.util.threads.ThreadPoolExecutor.runWorker(ThreadPoolExecutor.java:1190)
	at org.apache.tomcat.util.threads.ThreadPoolExecutor$Worker.run(ThreadPoolExecutor.java:659)
	at org.apache.tomcat.util.threads.TaskThread$WrappingRunnable.run(TaskThread.java:63)
	at java.base/java.lang.Thread.run(Thread.java:1583)
2025-03-06 17:31:46 [http-nio-8080-exec-8] WARN  c.y.r.config.JwtAuthenticationFilter - ❌ No valid JWT token found in cookies!
2025-03-06 17:31:49 [http-nio-8080-exec-5] WARN  c.y.r.config.JwtAuthenticationFilter - ❌ No valid JWT token found in cookies!
2025-03-06 17:31:49 [http-nio-8080-exec-5] INFO  c.y.r.n.w.rest.NtQuoteListController - Downloading Mold Manual file - filePath: /home/CPS/NtQuote/MoldMannual/4/ntdemo.xlsx
2025-03-06 17:31:49 [http-nio-8080-exec-5] INFO  c.y.r.n.w.rest.NtQuoteListController - Decoded filePath: /home/CPS/NtQuote/MoldMannual/4/ntdemo.xlsx
2025-03-06 17:31:49 [http-nio-8080-exec-5] INFO  c.y.r.n.w.rest.NtQuoteListController - Remote Mold Manual file path: /home/CPS/NtQuote/MoldMannual//4/ntdemo.xlsx
2025-03-06 17:31:50 [http-nio-8080-exec-5] INFO  c.y.r.n.w.rest.NtQuoteListController - Mold Manual file downloaded successfully: ntdemo.xlsx
2025-03-06 17:34:18 [http-nio-8080-exec-10] WARN  c.y.r.config.JwtAuthenticationFilter - ❌ No valid JWT token found in cookies!
2025-03-06 17:34:18 [http-nio-8080-exec-10] INFO  c.y.r.n.w.rest.NtQuoteListController - Checking if Mold Mannual  file exists -> id: 4,  fileName: ntdemo.xlsx
2025-03-06 17:34:18 [http-nio-8080-exec-10] INFO  c.y.r.n.w.rest.NtQuoteListController - generate Remote Mold Mannual File Path id = 4 fileName = ntdemo.xlsx
2025-03-06 17:34:18 [http-nio-8080-exec-10] INFO  c.y.r.n.w.rest.NtQuoteListController - currentPath  = /home/CPS/NtQuote/MoldMannual/4
2025-03-06 17:34:18 [http-nio-8080-exec-10] INFO  c.y.r.n.w.rest.NtQuoteListController - Generated remote file path: /home/CPS/NtQuote/MoldMannual/4/ntdemo.xlsx
2025-03-06 17:34:18 [http-nio-8080-exec-10] INFO  c.y.r.a.web.rest.AdminRestController - Checking Mold Manual File Exists - id: 4, remoteFilePath: '/home/CPS/NtQuote/MoldMannual/4/ntdemo.xlsx'
2025-03-06 17:34:18 [http-nio-8080-exec-10] INFO  c.y.r.a.web.rest.AdminRestController - File existence count: 1
2025-03-06 17:34:18 [http-nio-8080-exec-10] INFO  c.y.r.n.w.rest.NtQuoteListController - File existence check result: true
2025-03-06 17:34:23 [http-nio-8080-exec-9] WARN  c.y.r.config.JwtAuthenticationFilter - ❌ No valid JWT token found in cookies!
2025-03-06 17:34:23 [http-nio-8080-exec-2] WARN  c.y.r.config.JwtAuthenticationFilter - ❌ No valid JWT token found in cookies!
2025-03-06 17:34:23 [http-nio-8080-exec-8] WARN  c.y.r.config.JwtAuthenticationFilter - ❌ No valid JWT token found in cookies!
2025-03-06 17:34:23 [http-nio-8080-exec-1] WARN  c.y.r.config.JwtAuthenticationFilter - ❌ No valid JWT token found in cookies!
2025-03-06 17:34:23 [http-nio-8080-exec-5] WARN  c.y.r.config.JwtAuthenticationFilter - ❌ No valid JWT token found in cookies!
2025-03-06 17:34:23 [http-nio-8080-exec-9] WARN  c.y.r.config.JwtAuthenticationFilter - ❌ No valid JWT token found in cookies!
2025-03-06 17:34:23 [http-nio-8080-exec-6] WARN  c.y.r.config.JwtAuthenticationFilter - ❌ No valid JWT token found in cookies!
2025-03-06 17:34:23 [http-nio-8080-exec-3] WARN  c.y.r.config.JwtAuthenticationFilter - ❌ No valid JWT token found in cookies!
2025-03-06 17:34:23 [http-nio-8080-exec-4] WARN  c.y.r.config.JwtAuthenticationFilter - ❌ No valid JWT token found in cookies!
2025-03-06 17:34:24 [http-nio-8080-exec-10] WARN  c.y.r.config.JwtAuthenticationFilter - ❌ No valid JWT token found in cookies!
2025-03-06 17:34:24 [http-nio-8080-exec-7] WARN  c.y.r.config.JwtAuthenticationFilter - ❌ No valid JWT token found in cookies!
2025-03-06 17:34:24 [http-nio-8080-exec-2] WARN  c.y.r.config.JwtAuthenticationFilter - ❌ No valid JWT token found in cookies!
2025-03-06 17:35:01 [http-nio-8080-exec-5] WARN  c.y.r.config.JwtAuthenticationFilter - ❌ No valid JWT token found in cookies!
2025-03-06 17:35:01 [http-nio-8080-exec-5] INFO  c.y.r.n.w.rest.NtQuoteListController - Checking if Mold Mannual  file exists -> id: 4,  fileName: ntdemo.xlsx
2025-03-06 17:35:01 [http-nio-8080-exec-5] INFO  c.y.r.n.w.rest.NtQuoteListController - generate Remote Mold Mannual File Path id = 4 fileName = ntdemo.xlsx
2025-03-06 17:35:01 [http-nio-8080-exec-5] INFO  c.y.r.n.w.rest.NtQuoteListController - currentPath  = /home/CPS/NtQuote/MoldMannual/4
2025-03-06 17:35:01 [http-nio-8080-exec-5] INFO  c.y.r.n.w.rest.NtQuoteListController - Generated remote file path: /home/CPS/NtQuote/MoldMannual/4/ntdemo.xlsx
2025-03-06 17:35:01 [http-nio-8080-exec-5] INFO  c.y.r.a.web.rest.AdminRestController - Checking Mold Manual File Exists - id: 4, remoteFilePath: '/home/CPS/NtQuote/MoldMannual/4/ntdemo.xlsx'
2025-03-06 17:35:01 [http-nio-8080-exec-5] INFO  c.y.r.a.web.rest.AdminRestController - File existence count: 1
2025-03-06 17:35:01 [http-nio-8080-exec-5] INFO  c.y.r.n.w.rest.NtQuoteListController - File existence check result: true
2025-03-06 17:35:08 [http-nio-8080-exec-1] WARN  c.y.r.config.JwtAuthenticationFilter - ❌ No valid JWT token found in cookies!
2025-03-06 17:35:08 [http-nio-8080-exec-1] ERROR c.y.r.n.w.rest.NtQuoteListController - Controller -- overwrite mold mannual File id ===== 4
2025-03-06 17:35:08 [http-nio-8080-exec-1] INFO  c.y.r.n.w.rest.NtQuoteListController - overwrite Mold Mannual File line  ===== 4
2025-03-06 17:35:08 [http-nio-8080-exec-1] INFO  c.y.r.a.web.rest.AdminRestController - overwrite Mold Mannual_Files Attachment Service method invoked with fileName: ntdemo.xlsx, id: 4
2025-03-06 17:35:08 [http-nio-8080-exec-1] INFO  c.y.r.a.web.rest.AdminRestController - Data size: 5106 bytes
2025-03-06 17:35:08 [http-nio-8080-exec-1] INFO  c.y.r.a.web.rest.AdminRestController - remoteBasePath = /home/CPS/NtQuote/MoldManual/4/
2025-03-06 17:35:08 [http-nio-8080-exec-1] INFO  c.y.r.a.web.rest.AdminRestController - fileName = ntdemo.xlsx
2025-03-06 17:35:09 [http-nio-8080-exec-1] INFO  c.y.r.a.web.rest.AdminRestController - Attempting to overwrite mold mannual Files Attachment with new file: /home/CPS/NtQuote/MoldManual/4/ntdemo.xlsx
2025-03-06 17:35:09 [http-nio-8080-exec-1] INFO  c.y.r.a.web.rest.AdminRestController - Added filePath to list: /home/CPS/NtQuote/MoldManual/4/ntdemo.xlsx
2025-03-06 17:35:09 [http-nio-8080-exec-1] INFO  c.y.r.a.web.rest.AdminRestController - mold mannual Files  overwritten successfully to: /home/CPS/NtQuote/MoldManual/4/ntdemo.xlsx
2025-03-06 17:35:09 [http-nio-8080-exec-1] WARN  o.h.e.jdbc.spi.SqlExceptionHelper - SQL Error: 0, SQLState: 42P01
2025-03-06 17:35:09 [http-nio-8080-exec-1] ERROR o.h.e.jdbc.spi.SqlExceptionHelper - ERROR: relation "ntquotelist" does not exist
  Position: 8
2025-03-06 17:35:09 [http-nio-8080-exec-1] ERROR o.a.c.c.C.[.[.[.[dispatcherServlet] - Servlet.service() for servlet [dispatcherServlet] in context with path [/rev-aux] threw exception [Request processing failed: org.springframework.dao.InvalidDataAccessResourceUsageException: JDBC exception executing SQL [UPDATE NtQuoteList SET moldManual = array_append(array_remove(COALESCE(moldManual, ARRAY[]::TEXT[]), ?), ?) WHERE id = ?] [ERROR: relation "ntquotelist" does not exist
  Position: 8] [n/a]; SQL [n/a]] with root cause
org.postgresql.util.PSQLException: ERROR: relation "ntquotelist" does not exist
  Position: 8
	at org.postgresql.core.v3.QueryExecutorImpl.receiveErrorResponse(QueryExecutorImpl.java:2733)
	at org.postgresql.core.v3.QueryExecutorImpl.processResults(QueryExecutorImpl.java:2420)
	at org.postgresql.core.v3.QueryExecutorImpl.execute(QueryExecutorImpl.java:372)
	at org.postgresql.jdbc.PgStatement.executeInternal(PgStatement.java:517)
	at org.postgresql.jdbc.PgStatement.execute(PgStatement.java:434)
	at org.postgresql.jdbc.PgPreparedStatement.executeWithFlags(PgPreparedStatement.java:194)
	at org.postgresql.jdbc.PgPreparedStatement.executeUpdate(PgPreparedStatement.java:155)
	at com.zaxxer.hikari.pool.ProxyPreparedStatement.executeUpdate(ProxyPreparedStatement.java:61)
	at com.zaxxer.hikari.pool.HikariProxyPreparedStatement.executeUpdate(HikariProxyPreparedStatement.java)
	at org.hibernate.sql.exec.internal.StandardJdbcMutationExecutor.execute(StandardJdbcMutationExecutor.java:90)
	at org.hibernate.query.sql.internal.NativeNonSelectQueryPlanImpl.executeUpdate(NativeNonSelectQueryPlanImpl.java:76)
	at org.hibernate.query.sql.internal.NativeQueryImpl.doExecuteUpdate(NativeQueryImpl.java:973)
	at org.hibernate.query.spi.AbstractQuery.executeUpdate(AbstractQuery.java:651)
	at org.springframework.data.jpa.repository.query.JpaQueryExecution$ModifyingExecution.doExecute(JpaQueryExecution.java:267)
	at org.springframework.data.jpa.repository.query.JpaQueryExecution.execute(JpaQueryExecution.java:93)
	at org.springframework.data.jpa.repository.query.AbstractJpaQuery.doExecute(AbstractJpaQuery.java:152)
	at org.springframework.data.jpa.repository.query.AbstractJpaQuery.execute(AbstractJpaQuery.java:140)
	at org.springframework.data.repository.core.support.RepositoryMethodInvoker.doInvoke(RepositoryMethodInvoker.java:170)
	at org.springframework.data.repository.core.support.RepositoryMethodInvoker.invoke(RepositoryMethodInvoker.java:158)
	at org.springframework.data.repository.core.support.QueryExecutorMethodInterceptor.doInvoke(QueryExecutorMethodInterceptor.java:170)
	at org.springframework.data.repository.core.support.QueryExecutorMethodInterceptor.invoke(QueryExecutorMethodInterceptor.java:149)
	at org.springframework.aop.framework.ReflectiveMethodInvocation.proceed(ReflectiveMethodInvocation.java:184)
	at org.springframework.data.projection.DefaultMethodInvokingMethodInterceptor.invoke(DefaultMethodInvokingMethodInterceptor.java:69)
	at org.springframework.aop.framework.ReflectiveMethodInvocation.proceed(ReflectiveMethodInvocation.java:184)
	at org.springframework.transaction.interceptor.TransactionAspectSupport.invokeWithinTransaction(TransactionAspectSupport.java:380)
	at org.springframework.transaction.interceptor.TransactionInterceptor.invoke(TransactionInterceptor.java:119)
	at org.springframework.aop.framework.ReflectiveMethodInvocation.proceed(ReflectiveMethodInvocation.java:184)
	at org.springframework.dao.support.PersistenceExceptionTranslationInterceptor.invoke(PersistenceExceptionTranslationInterceptor.java:138)
	at org.springframework.aop.framework.ReflectiveMethodInvocation.proceed(ReflectiveMethodInvocation.java:184)
	at org.springframework.data.jpa.repository.support.CrudMethodMetadataPostProcessor$CrudMethodMetadataPopulatingMethodInterceptor.invoke(CrudMethodMetadataPostProcessor.java:136)
	at org.springframework.aop.framework.ReflectiveMethodInvocation.proceed(ReflectiveMethodInvocation.java:184)
	at org.springframework.aop.framework.JdkDynamicAopProxy.invoke(JdkDynamicAopProxy.java:223)
	at jdk.proxy4/jdk.proxy4.$Proxy155.overwriteMoldManualAttachment(Unknown Source)
	at com.yts.revaux.ntQuote.service.NtQuoteListService.overwriteMoldManualAttachment(NtQuoteListService.java:371)
	at java.base/jdk.internal.reflect.DirectMethodHandleAccessor.invoke(DirectMethodHandleAccessor.java:103)
	at java.base/java.lang.reflect.Method.invoke(Method.java:580)
	at org.springframework.aop.support.AopUtils.invokeJoinpointUsingReflection(AopUtils.java:359)
	at org.springframework.aop.framework.ReflectiveMethodInvocation.invokeJoinpoint(ReflectiveMethodInvocation.java:196)
	at org.springframework.aop.framework.ReflectiveMethodInvocation.proceed(ReflectiveMethodInvocation.java:163)
	at org.springframework.transaction.interceptor.TransactionAspectSupport.invokeWithinTransaction(TransactionAspectSupport.java:380)
	at org.springframework.transaction.interceptor.TransactionInterceptor.invoke(TransactionInterceptor.java:119)
	at org.springframework.aop.framework.ReflectiveMethodInvocation.proceed(ReflectiveMethodInvocation.java:184)
	at org.springframework.aop.framework.CglibAopProxy$DynamicAdvisedInterceptor.intercept(CglibAopProxy.java:727)
	at com.yts.revaux.ntQuote.service.NtQuoteListService$$SpringCGLIB$$0.overwriteMoldManualAttachment(<generated>)
	at com.yts.revaux.ntQuote.web.rest.NtQuoteListController.updateOverwriteBuyerAttachCadFile(NtQuoteListController.java:261)
	at java.base/jdk.internal.reflect.DirectMethodHandleAccessor.invoke(DirectMethodHandleAccessor.java:103)
	at java.base/java.lang.reflect.Method.invoke(Method.java:580)
	at org.springframework.web.method.support.InvocableHandlerMethod.doInvoke(InvocableHandlerMethod.java:257)
	at org.springframework.web.method.support.InvocableHandlerMethod.invokeForRequest(InvocableHandlerMethod.java:190)
	at org.springframework.web.servlet.mvc.method.annotation.ServletInvocableHandlerMethod.invokeAndHandle(ServletInvocableHandlerMethod.java:118)
	at org.springframework.web.servlet.mvc.method.annotation.RequestMappingHandlerAdapter.invokeHandlerMethod(RequestMappingHandlerAdapter.java:986)
	at org.springframework.web.servlet.mvc.method.annotation.RequestMappingHandlerAdapter.handleInternal(RequestMappingHandlerAdapter.java:891)
	at org.springframework.web.servlet.mvc.method.AbstractHandlerMethodAdapter.handle(AbstractHandlerMethodAdapter.java:87)
	at org.springframework.web.servlet.DispatcherServlet.doDispatch(DispatcherServlet.java:1088)
	at org.springframework.web.servlet.DispatcherServlet.doService(DispatcherServlet.java:978)
	at org.springframework.web.servlet.FrameworkServlet.processRequest(FrameworkServlet.java:1014)
	at org.springframework.web.servlet.FrameworkServlet.doPost(FrameworkServlet.java:914)
	at jakarta.servlet.http.HttpServlet.service(HttpServlet.java:590)
	at org.springframework.web.servlet.FrameworkServlet.service(FrameworkServlet.java:885)
	at jakarta.servlet.http.HttpServlet.service(HttpServlet.java:658)
	at org.apache.catalina.core.ApplicationFilterChain.internalDoFilter(ApplicationFilterChain.java:195)
	at org.apache.catalina.core.ApplicationFilterChain.doFilter(ApplicationFilterChain.java:140)
	at org.apache.tomcat.websocket.server.WsFilter.doFilter(WsFilter.java:51)
	at org.apache.catalina.core.ApplicationFilterChain.internalDoFilter(ApplicationFilterChain.java:164)
	at org.apache.catalina.core.ApplicationFilterChain.doFilter(ApplicationFilterChain.java:140)
	at org.springframework.web.filter.OncePerRequestFilter.doFilter(OncePerRequestFilter.java:110)
	at org.apache.catalina.core.ApplicationFilterChain.internalDoFilter(ApplicationFilterChain.java:164)
	at org.apache.catalina.core.ApplicationFilterChain.doFilter(ApplicationFilterChain.java:140)
	at org.springframework.web.filter.CompositeFilter$VirtualFilterChain.doFilter(CompositeFilter.java:108)
	at org.springframework.security.web.FilterChainProxy.lambda$doFilterInternal$3(FilterChainProxy.java:231)
	at org.springframework.security.web.FilterChainProxy$VirtualFilterChain.doFilter(FilterChainProxy.java:365)
	at org.springframework.security.web.access.intercept.AuthorizationFilter.doFilter(AuthorizationFilter.java:101)
	at org.springframework.security.web.FilterChainProxy$VirtualFilterChain.doFilter(FilterChainProxy.java:374)
	at org.springframework.security.web.access.ExceptionTranslationFilter.doFilter(ExceptionTranslationFilter.java:126)
	at org.springframework.security.web.access.ExceptionTranslationFilter.doFilter(ExceptionTranslationFilter.java:120)
	at org.springframework.security.web.FilterChainProxy$VirtualFilterChain.doFilter(FilterChainProxy.java:374)
	at org.springframework.security.web.session.SessionManagementFilter.doFilter(SessionManagementFilter.java:131)
	at org.springframework.security.web.session.SessionManagementFilter.doFilter(SessionManagementFilter.java:85)
	at org.springframework.security.web.FilterChainProxy$VirtualFilterChain.doFilter(FilterChainProxy.java:374)
	at org.springframework.security.web.authentication.AnonymousAuthenticationFilter.doFilter(AnonymousAuthenticationFilter.java:100)
	at org.springframework.security.web.FilterChainProxy$VirtualFilterChain.doFilter(FilterChainProxy.java:374)
	at org.springframework.security.web.servletapi.SecurityContextHolderAwareRequestFilter.doFilter(SecurityContextHolderAwareRequestFilter.java:179)
	at org.springframework.security.web.FilterChainProxy$VirtualFilterChain.doFilter(FilterChainProxy.java:374)
	at org.springframework.security.web.savedrequest.RequestCacheAwareFilter.doFilter(RequestCacheAwareFilter.java:63)
	at org.springframework.security.web.FilterChainProxy$VirtualFilterChain.doFilter(FilterChainProxy.java:374)
	at com.yts.revaux.config.JwtAuthenticationFilter.doFilterInternal(JwtAuthenticationFilter.java:52)
	at org.springframework.web.filter.OncePerRequestFilter.doFilter(OncePerRequestFilter.java:116)
	at org.springframework.security.web.FilterChainProxy$VirtualFilterChain.doFilter(FilterChainProxy.java:374)
	at org.springframework.security.web.authentication.logout.LogoutFilter.doFilter(LogoutFilter.java:107)
	at org.springframework.security.web.authentication.logout.LogoutFilter.doFilter(LogoutFilter.java:93)
	at org.springframework.security.web.FilterChainProxy$VirtualFilterChain.doFilter(FilterChainProxy.java:374)
	at org.springframework.web.filter.CorsFilter.doFilterInternal(CorsFilter.java:91)
	at org.springframework.web.filter.OncePerRequestFilter.doFilter(OncePerRequestFilter.java:116)
	at org.springframework.security.web.FilterChainProxy$VirtualFilterChain.doFilter(FilterChainProxy.java:374)
	at org.springframework.security.web.header.HeaderWriterFilter.doHeadersAfter(HeaderWriterFilter.java:90)
	at org.springframework.security.web.header.HeaderWriterFilter.doFilterInternal(HeaderWriterFilter.java:75)
	at org.springframework.web.filter.OncePerRequestFilter.doFilter(OncePerRequestFilter.java:116)
	at org.springframework.security.web.FilterChainProxy$VirtualFilterChain.doFilter(FilterChainProxy.java:374)
	at org.springframework.security.web.context.SecurityContextHolderFilter.doFilter(SecurityContextHolderFilter.java:82)
	at org.springframework.security.web.context.SecurityContextHolderFilter.doFilter(SecurityContextHolderFilter.java:69)
	at org.springframework.security.web.FilterChainProxy$VirtualFilterChain.doFilter(FilterChainProxy.java:374)
	at org.springframework.security.web.context.request.async.WebAsyncManagerIntegrationFilter.doFilterInternal(WebAsyncManagerIntegrationFilter.java:62)
	at org.springframework.web.filter.OncePerRequestFilter.doFilter(OncePerRequestFilter.java:116)
	at org.springframework.security.web.FilterChainProxy$VirtualFilterChain.doFilter(FilterChainProxy.java:374)
	at org.springframework.security.web.session.DisableEncodeUrlFilter.doFilterInternal(DisableEncodeUrlFilter.java:42)
	at org.springframework.web.filter.OncePerRequestFilter.doFilter(OncePerRequestFilter.java:116)
	at org.springframework.security.web.FilterChainProxy$VirtualFilterChain.doFilter(FilterChainProxy.java:374)
	at org.springframework.security.web.FilterChainProxy.doFilterInternal(FilterChainProxy.java:233)
	at org.springframework.security.web.FilterChainProxy.doFilter(FilterChainProxy.java:191)
	at org.springframework.web.filter.CompositeFilter$VirtualFilterChain.doFilter(CompositeFilter.java:113)
	at org.springframework.web.servlet.handler.HandlerMappingIntrospector.lambda$createCacheFilter$3(HandlerMappingIntrospector.java:243)
	at org.springframework.web.filter.CompositeFilter$VirtualFilterChain.doFilter(CompositeFilter.java:113)
	at org.springframework.web.filter.CompositeFilter.doFilter(CompositeFilter.java:74)
	at org.springframework.security.config.annotation.web.configuration.WebMvcSecurityConfiguration$CompositeFilterChainProxy.doFilter(WebMvcSecurityConfiguration.java:238)
	at org.springframework.web.filter.DelegatingFilterProxy.invokeDelegate(DelegatingFilterProxy.java:362)
	at org.springframework.web.filter.DelegatingFilterProxy.doFilter(DelegatingFilterProxy.java:278)
	at org.apache.catalina.core.ApplicationFilterChain.internalDoFilter(ApplicationFilterChain.java:164)
	at org.apache.catalina.core.ApplicationFilterChain.doFilter(ApplicationFilterChain.java:140)
	at org.springframework.web.filter.RequestContextFilter.doFilterInternal(RequestContextFilter.java:100)
	at org.springframework.web.filter.OncePerRequestFilter.doFilter(OncePerRequestFilter.java:116)
	at org.apache.catalina.core.ApplicationFilterChain.internalDoFilter(ApplicationFilterChain.java:164)
	at org.apache.catalina.core.ApplicationFilterChain.doFilter(ApplicationFilterChain.java:140)
	at org.springframework.web.filter.FormContentFilter.doFilterInternal(FormContentFilter.java:93)
	at org.springframework.web.filter.OncePerRequestFilter.doFilter(OncePerRequestFilter.java:116)
	at org.apache.catalina.core.ApplicationFilterChain.internalDoFilter(ApplicationFilterChain.java:164)
	at org.apache.catalina.core.ApplicationFilterChain.doFilter(ApplicationFilterChain.java:140)
	at org.springframework.web.filter.CharacterEncodingFilter.doFilterInternal(CharacterEncodingFilter.java:201)
	at org.springframework.web.filter.OncePerRequestFilter.doFilter(OncePerRequestFilter.java:116)
	at org.apache.catalina.core.ApplicationFilterChain.internalDoFilter(ApplicationFilterChain.java:164)
	at org.apache.catalina.core.ApplicationFilterChain.doFilter(ApplicationFilterChain.java:140)
	at org.apache.catalina.core.StandardWrapperValve.invoke(StandardWrapperValve.java:167)
	at org.apache.catalina.core.StandardContextValve.invoke(StandardContextValve.java:90)
	at org.apache.catalina.authenticator.AuthenticatorBase.invoke(AuthenticatorBase.java:483)
	at org.apache.catalina.core.StandardHostValve.invoke(StandardHostValve.java:115)
	at org.apache.catalina.valves.ErrorReportValve.invoke(ErrorReportValve.java:93)
	at org.apache.catalina.core.StandardEngineValve.invoke(StandardEngineValve.java:74)
	at org.apache.catalina.connector.CoyoteAdapter.service(CoyoteAdapter.java:344)
	at org.apache.coyote.http11.Http11Processor.service(Http11Processor.java:397)
	at org.apache.coyote.AbstractProcessorLight.process(AbstractProcessorLight.java:63)
	at org.apache.coyote.AbstractProtocol$ConnectionHandler.process(AbstractProtocol.java:905)
	at org.apache.tomcat.util.net.NioEndpoint$SocketProcessor.doRun(NioEndpoint.java:1743)
	at org.apache.tomcat.util.net.SocketProcessorBase.run(SocketProcessorBase.java:52)
	at org.apache.tomcat.util.threads.ThreadPoolExecutor.runWorker(ThreadPoolExecutor.java:1190)
	at org.apache.tomcat.util.threads.ThreadPoolExecutor$Worker.run(ThreadPoolExecutor.java:659)
	at org.apache.tomcat.util.threads.TaskThread$WrappingRunnable.run(TaskThread.java:63)
	at java.base/java.lang.Thread.run(Thread.java:1583)
2025-03-06 17:35:09 [http-nio-8080-exec-8] WARN  c.y.r.config.JwtAuthenticationFilter - ❌ No valid JWT token found in cookies!
2025-03-06 17:47:58 [File Watcher] INFO  o.s.b.d.a.LocalDevToolsAutoConfiguration$RestartingClassPathChangeChangedEventListener - Restarting due to 1 class path change (0 additions, 0 deletions, 1 modification)
2025-03-06 17:47:58 [Thread-5] INFO  o.s.b.w.e.tomcat.GracefulShutdown - Commencing graceful shutdown. Waiting for active requests to complete
2025-03-06 17:47:58 [tomcat-shutdown] INFO  o.a.coyote.http11.Http11NioProtocol - Pausing ProtocolHandler ["http-nio-8080"]
2025-03-06 17:47:58 [tomcat-shutdown] INFO  o.s.b.w.e.tomcat.GracefulShutdown - Graceful shutdown complete
2025-03-06 17:47:58 [Thread-5] INFO  o.a.coyote.http11.Http11NioProtocol - Stopping ProtocolHandler ["http-nio-8080"]
2025-03-06 17:47:58 [Thread-5] INFO  o.s.o.j.LocalContainerEntityManagerFactoryBean - Closing JPA EntityManagerFactory for persistence unit 'default'
2025-03-06 17:47:58 [Thread-5] INFO  com.zaxxer.hikari.HikariDataSource - HikariPool-1 - Shutdown initiated...
2025-03-06 17:47:58 [Thread-5] INFO  com.zaxxer.hikari.HikariDataSource - HikariPool-1 - Shutdown completed.
2025-03-06 17:47:58 [restartedMain] INFO  com.yts.revaux.RevAuxApplication - Starting RevAuxApplication using Java 21.0.5 with PID 63896 (/home/yts125/Desktop/LatestNtQuote_March6/rev-aux/target/classes started by yts125 in /home/yts125/Desktop/LatestNtQuote_March6/rev-aux)
2025-03-06 17:47:58 [restartedMain] INFO  com.yts.revaux.RevAuxApplication - The following 1 profile is active: "dev"
2025-03-06 17:47:58 [restartedMain] INFO  o.s.d.r.c.RepositoryConfigurationDelegate - Multiple Spring Data modules found, entering strict repository configuration mode
2025-03-06 17:47:58 [restartedMain] INFO  o.s.d.r.c.RepositoryConfigurationDelegate - Bootstrapping Spring Data JDBC repositories in DEFAULT mode.
2025-03-06 17:47:58 [restartedMain] INFO  o.s.d.r.c.RepositoryConfigurationExtensionSupport - Spring Data JDBC - Could not safely identify store assignment for repository candidate interface com.yts.revaux.admin.repository.AdminRepository; If you want this repository to be a JDBC repository, consider annotating your entities with one of these annotations: org.springframework.data.relational.core.mapping.Table.
2025-03-06 17:47:58 [restartedMain] INFO  o.s.d.r.c.RepositoryConfigurationExtensionSupport - Spring Data JDBC - Could not safely identify store assignment for repository candidate interface com.yts.revaux.admin.repository.UserRepository; If you want this repository to be a JDBC repository, consider annotating your entities with one of these annotations: org.springframework.data.relational.core.mapping.Table.
2025-03-06 17:47:58 [restartedMain] INFO  o.s.d.r.c.RepositoryConfigurationExtensionSupport - Spring Data JDBC - Could not safely identify store assignment for repository candidate interface com.yts.revaux.ntQuote.repository.NTQuoteListRepository; If you want this repository to be a JDBC repository, consider annotating your entities with one of these annotations: org.springframework.data.relational.core.mapping.Table.
2025-03-06 17:47:58 [restartedMain] INFO  o.s.d.r.c.RepositoryConfigurationExtensionSupport - Spring Data JDBC - Could not safely identify store assignment for repository candidate interface com.yts.revaux.ntQuote.repository.NtQuoteComponentDetailRepository; If you want this repository to be a JDBC repository, consider annotating your entities with one of these annotations: org.springframework.data.relational.core.mapping.Table.
2025-03-06 17:47:58 [restartedMain] INFO  o.s.d.r.c.RepositoryConfigurationExtensionSupport - Spring Data JDBC - Could not safely identify store assignment for repository candidate interface com.yts.revaux.ntQuote.repository.NtQuoteContactReviewInformationRepository; If you want this repository to be a JDBC repository, consider annotating your entities with one of these annotations: org.springframework.data.relational.core.mapping.Table.
2025-03-06 17:47:58 [restartedMain] INFO  o.s.d.r.c.RepositoryConfigurationExtensionSupport - Spring Data JDBC - Could not safely identify store assignment for repository candidate interface com.yts.revaux.ntQuote.repository.NtQuoteCostOverviewCustomerInputOutputRepository; If you want this repository to be a JDBC repository, consider annotating your entities with one of these annotations: org.springframework.data.relational.core.mapping.Table.
2025-03-06 17:47:58 [restartedMain] INFO  o.s.d.r.c.RepositoryConfigurationExtensionSupport - Spring Data JDBC - Could not safely identify store assignment for repository candidate interface com.yts.revaux.ntQuote.repository.NtQuoteCustomerProjectRepository; If you want this repository to be a JDBC repository, consider annotating your entities with one of these annotations: org.springframework.data.relational.core.mapping.Table.
2025-03-06 17:47:58 [restartedMain] INFO  o.s.d.r.c.RepositoryConfigurationExtensionSupport - Spring Data JDBC - Could not safely identify store assignment for repository candidate interface com.yts.revaux.ntQuote.repository.NtQuoteProjectConsiderationRepository; If you want this repository to be a JDBC repository, consider annotating your entities with one of these annotations: org.springframework.data.relational.core.mapping.Table.
2025-03-06 17:47:58 [restartedMain] INFO  o.s.d.r.c.RepositoryConfigurationExtensionSupport - Spring Data JDBC - Could not safely identify store assignment for repository candidate interface com.yts.revaux.ntQuote.repository.NtQuoteProjectEstimatedTimingRepository; If you want this repository to be a JDBC repository, consider annotating your entities with one of these annotations: org.springframework.data.relational.core.mapping.Table.
2025-03-06 17:47:58 [restartedMain] INFO  o.s.d.r.c.RepositoryConfigurationExtensionSupport - Spring Data JDBC - Could not safely identify store assignment for repository candidate interface com.yts.revaux.ntQuote.repository.QuoteLabourRateRepository; If you want this repository to be a JDBC repository, consider annotating your entities with one of these annotations: org.springframework.data.relational.core.mapping.Table.
2025-03-06 17:47:58 [restartedMain] INFO  o.s.d.r.c.RepositoryConfigurationExtensionSupport - Spring Data JDBC - Could not safely identify store assignment for repository candidate interface com.yts.revaux.ntQuote.repository.QuoteMachineEfficiencyRepository; If you want this repository to be a JDBC repository, consider annotating your entities with one of these annotations: org.springframework.data.relational.core.mapping.Table.
2025-03-06 17:47:58 [restartedMain] INFO  o.s.d.r.c.RepositoryConfigurationExtensionSupport - Spring Data JDBC - Could not safely identify store assignment for repository candidate interface com.yts.revaux.ntQuote.repository.QuoteMachineSetupRepository; If you want this repository to be a JDBC repository, consider annotating your entities with one of these annotations: org.springframework.data.relational.core.mapping.Table.
2025-03-06 17:47:58 [restartedMain] INFO  o.s.d.r.c.RepositoryConfigurationExtensionSupport - Spring Data JDBC - Could not safely identify store assignment for repository candidate interface com.yts.revaux.ntQuote.repository.QuoteMaterialMarkupRepository; If you want this repository to be a JDBC repository, consider annotating your entities with one of these annotations: org.springframework.data.relational.core.mapping.Table.
2025-03-06 17:47:58 [restartedMain] INFO  o.s.d.r.c.RepositoryConfigurationExtensionSupport - Spring Data JDBC - Could not safely identify store assignment for repository candidate interface com.yts.revaux.ntQuote.repository.QuoteProfitRepository; If you want this repository to be a JDBC repository, consider annotating your entities with one of these annotations: org.springframework.data.relational.core.mapping.Table.
2025-03-06 17:47:58 [restartedMain] INFO  o.s.d.r.c.RepositoryConfigurationExtensionSupport - Spring Data JDBC - Could not safely identify store assignment for repository candidate interface com.yts.revaux.ntQuote.repository.QuoteScrapRateRepository; If you want this repository to be a JDBC repository, consider annotating your entities with one of these annotations: org.springframework.data.relational.core.mapping.Table.
2025-03-06 17:47:58 [restartedMain] INFO  o.s.d.r.c.RepositoryConfigurationExtensionSupport - Spring Data JDBC - Could not safely identify store assignment for repository candidate interface com.yts.revaux.ntQuote.repository.QuoteSgaRateRepository; If you want this repository to be a JDBC repository, consider annotating your entities with one of these annotations: org.springframework.data.relational.core.mapping.Table.
2025-03-06 17:47:58 [restartedMain] INFO  o.s.d.r.c.RepositoryConfigurationDelegate - Finished Spring Data repository scanning in 14 ms. Found 0 JDBC repository interfaces.
2025-03-06 17:47:58 [restartedMain] INFO  o.s.d.r.c.RepositoryConfigurationDelegate - Multiple Spring Data modules found, entering strict repository configuration mode
2025-03-06 17:47:58 [restartedMain] INFO  o.s.d.r.c.RepositoryConfigurationDelegate - Bootstrapping Spring Data JPA repositories in DEFAULT mode.
2025-03-06 17:47:58 [restartedMain] INFO  o.s.d.r.c.RepositoryConfigurationDelegate - Finished Spring Data repository scanning in 16 ms. Found 16 JPA repository interfaces.
2025-03-06 17:47:58 [restartedMain] INFO  o.s.d.r.c.RepositoryConfigurationDelegate - Multiple Spring Data modules found, entering strict repository configuration mode
2025-03-06 17:47:58 [restartedMain] INFO  o.s.d.r.c.RepositoryConfigurationDelegate - Bootstrapping Spring Data Redis repositories in DEFAULT mode.
2025-03-06 17:47:58 [restartedMain] INFO  o.s.d.r.c.RepositoryConfigurationExtensionSupport - Spring Data Redis - Could not safely identify store assignment for repository candidate interface com.yts.revaux.admin.repository.AdminRepository; If you want this repository to be a Redis repository, consider annotating your entities with one of these annotations: org.springframework.data.redis.core.RedisHash (preferred), or consider extending one of the following types with your repository: org.springframework.data.keyvalue.repository.KeyValueRepository
2025-03-06 17:47:58 [restartedMain] INFO  o.s.d.r.c.RepositoryConfigurationExtensionSupport - Spring Data Redis - Could not safely identify store assignment for repository candidate interface com.yts.revaux.admin.repository.UserRepository; If you want this repository to be a Redis repository, consider annotating your entities with one of these annotations: org.springframework.data.redis.core.RedisHash (preferred), or consider extending one of the following types with your repository: org.springframework.data.keyvalue.repository.KeyValueRepository
2025-03-06 17:47:58 [restartedMain] INFO  o.s.d.r.c.RepositoryConfigurationExtensionSupport - Spring Data Redis - Could not safely identify store assignment for repository candidate interface com.yts.revaux.ntQuote.repository.NTQuoteListRepository; If you want this repository to be a Redis repository, consider annotating your entities with one of these annotations: org.springframework.data.redis.core.RedisHash (preferred), or consider extending one of the following types with your repository: org.springframework.data.keyvalue.repository.KeyValueRepository
2025-03-06 17:47:58 [restartedMain] INFO  o.s.d.r.c.RepositoryConfigurationExtensionSupport - Spring Data Redis - Could not safely identify store assignment for repository candidate interface com.yts.revaux.ntQuote.repository.NtQuoteComponentDetailRepository; If you want this repository to be a Redis repository, consider annotating your entities with one of these annotations: org.springframework.data.redis.core.RedisHash (preferred), or consider extending one of the following types with your repository: org.springframework.data.keyvalue.repository.KeyValueRepository
2025-03-06 17:47:58 [restartedMain] INFO  o.s.d.r.c.RepositoryConfigurationExtensionSupport - Spring Data Redis - Could not safely identify store assignment for repository candidate interface com.yts.revaux.ntQuote.repository.NtQuoteContactReviewInformationRepository; If you want this repository to be a Redis repository, consider annotating your entities with one of these annotations: org.springframework.data.redis.core.RedisHash (preferred), or consider extending one of the following types with your repository: org.springframework.data.keyvalue.repository.KeyValueRepository
2025-03-06 17:47:58 [restartedMain] INFO  o.s.d.r.c.RepositoryConfigurationExtensionSupport - Spring Data Redis - Could not safely identify store assignment for repository candidate interface com.yts.revaux.ntQuote.repository.NtQuoteCostOverviewCustomerInputOutputRepository; If you want this repository to be a Redis repository, consider annotating your entities with one of these annotations: org.springframework.data.redis.core.RedisHash (preferred), or consider extending one of the following types with your repository: org.springframework.data.keyvalue.repository.KeyValueRepository
2025-03-06 17:47:58 [restartedMain] INFO  o.s.d.r.c.RepositoryConfigurationExtensionSupport - Spring Data Redis - Could not safely identify store assignment for repository candidate interface com.yts.revaux.ntQuote.repository.NtQuoteCustomerProjectRepository; If you want this repository to be a Redis repository, consider annotating your entities with one of these annotations: org.springframework.data.redis.core.RedisHash (preferred), or consider extending one of the following types with your repository: org.springframework.data.keyvalue.repository.KeyValueRepository
2025-03-06 17:47:58 [restartedMain] INFO  o.s.d.r.c.RepositoryConfigurationExtensionSupport - Spring Data Redis - Could not safely identify store assignment for repository candidate interface com.yts.revaux.ntQuote.repository.NtQuoteProjectConsiderationRepository; If you want this repository to be a Redis repository, consider annotating your entities with one of these annotations: org.springframework.data.redis.core.RedisHash (preferred), or consider extending one of the following types with your repository: org.springframework.data.keyvalue.repository.KeyValueRepository
2025-03-06 17:47:58 [restartedMain] INFO  o.s.d.r.c.RepositoryConfigurationExtensionSupport - Spring Data Redis - Could not safely identify store assignment for repository candidate interface com.yts.revaux.ntQuote.repository.NtQuoteProjectEstimatedTimingRepository; If you want this repository to be a Redis repository, consider annotating your entities with one of these annotations: org.springframework.data.redis.core.RedisHash (preferred), or consider extending one of the following types with your repository: org.springframework.data.keyvalue.repository.KeyValueRepository
2025-03-06 17:47:58 [restartedMain] INFO  o.s.d.r.c.RepositoryConfigurationExtensionSupport - Spring Data Redis - Could not safely identify store assignment for repository candidate interface com.yts.revaux.ntQuote.repository.QuoteLabourRateRepository; If you want this repository to be a Redis repository, consider annotating your entities with one of these annotations: org.springframework.data.redis.core.RedisHash (preferred), or consider extending one of the following types with your repository: org.springframework.data.keyvalue.repository.KeyValueRepository
2025-03-06 17:47:58 [restartedMain] INFO  o.s.d.r.c.RepositoryConfigurationExtensionSupport - Spring Data Redis - Could not safely identify store assignment for repository candidate interface com.yts.revaux.ntQuote.repository.QuoteMachineEfficiencyRepository; If you want this repository to be a Redis repository, consider annotating your entities with one of these annotations: org.springframework.data.redis.core.RedisHash (preferred), or consider extending one of the following types with your repository: org.springframework.data.keyvalue.repository.KeyValueRepository
2025-03-06 17:47:58 [restartedMain] INFO  o.s.d.r.c.RepositoryConfigurationExtensionSupport - Spring Data Redis - Could not safely identify store assignment for repository candidate interface com.yts.revaux.ntQuote.repository.QuoteMachineSetupRepository; If you want this repository to be a Redis repository, consider annotating your entities with one of these annotations: org.springframework.data.redis.core.RedisHash (preferred), or consider extending one of the following types with your repository: org.springframework.data.keyvalue.repository.KeyValueRepository
2025-03-06 17:47:58 [restartedMain] INFO  o.s.d.r.c.RepositoryConfigurationExtensionSupport - Spring Data Redis - Could not safely identify store assignment for repository candidate interface com.yts.revaux.ntQuote.repository.QuoteMaterialMarkupRepository; If you want this repository to be a Redis repository, consider annotating your entities with one of these annotations: org.springframework.data.redis.core.RedisHash (preferred), or consider extending one of the following types with your repository: org.springframework.data.keyvalue.repository.KeyValueRepository
2025-03-06 17:47:58 [restartedMain] INFO  o.s.d.r.c.RepositoryConfigurationExtensionSupport - Spring Data Redis - Could not safely identify store assignment for repository candidate interface com.yts.revaux.ntQuote.repository.QuoteProfitRepository; If you want this repository to be a Redis repository, consider annotating your entities with one of these annotations: org.springframework.data.redis.core.RedisHash (preferred), or consider extending one of the following types with your repository: org.springframework.data.keyvalue.repository.KeyValueRepository
2025-03-06 17:47:58 [restartedMain] INFO  o.s.d.r.c.RepositoryConfigurationExtensionSupport - Spring Data Redis - Could not safely identify store assignment for repository candidate interface com.yts.revaux.ntQuote.repository.QuoteScrapRateRepository; If you want this repository to be a Redis repository, consider annotating your entities with one of these annotations: org.springframework.data.redis.core.RedisHash (preferred), or consider extending one of the following types with your repository: org.springframework.data.keyvalue.repository.KeyValueRepository
2025-03-06 17:47:58 [restartedMain] INFO  o.s.d.r.c.RepositoryConfigurationExtensionSupport - Spring Data Redis - Could not safely identify store assignment for repository candidate interface com.yts.revaux.ntQuote.repository.QuoteSgaRateRepository; If you want this repository to be a Redis repository, consider annotating your entities with one of these annotations: org.springframework.data.redis.core.RedisHash (preferred), or consider extending one of the following types with your repository: org.springframework.data.keyvalue.repository.KeyValueRepository
2025-03-06 17:47:58 [restartedMain] INFO  o.s.d.r.c.RepositoryConfigurationDelegate - Finished Spring Data repository scanning in 3 ms. Found 0 Redis repository interfaces.
2025-03-06 17:47:58 [restartedMain] INFO  o.s.b.w.e.tomcat.TomcatWebServer - Tomcat initialized with port 8080 (http)
2025-03-06 17:47:58 [restartedMain] INFO  o.a.coyote.http11.Http11NioProtocol - Initializing ProtocolHandler ["http-nio-8080"]
2025-03-06 17:47:58 [restartedMain] INFO  o.a.catalina.core.StandardService - Starting service [Tomcat]
2025-03-06 17:47:58 [restartedMain] INFO  o.a.catalina.core.StandardEngine - Starting Servlet engine: [Apache Tomcat/10.1.36]
2025-03-06 17:47:58 [restartedMain] INFO  o.a.c.c.C.[.[localhost].[/rev-aux] - Initializing Spring embedded WebApplicationContext
2025-03-06 17:47:58 [restartedMain] INFO  o.s.b.w.s.c.ServletWebServerApplicationContext - Root WebApplicationContext: initialization completed in 285 ms
2025-03-06 17:47:58 [restartedMain] INFO  o.h.jpa.internal.util.LogHelper - HHH000204: Processing PersistenceUnitInfo [name: default]
2025-03-06 17:47:58 [restartedMain] INFO  o.h.c.i.RegionFactoryInitiator - HHH000026: Second-level cache disabled
2025-03-06 17:47:58 [restartedMain] INFO  o.s.o.j.p.SpringPersistenceUnitInfo - No LoadTimeWeaver setup: ignoring JPA class transformer
2025-03-06 17:47:58 [restartedMain] INFO  com.zaxxer.hikari.HikariDataSource - HikariPool-2 - Starting...
2025-03-06 17:47:58 [restartedMain] INFO  com.zaxxer.hikari.pool.HikariPool - HikariPool-2 - Added connection org.postgresql.jdbc.PgConnection@47e996c3
2025-03-06 17:47:58 [restartedMain] INFO  com.zaxxer.hikari.HikariDataSource - HikariPool-2 - Start completed.
2025-03-06 17:47:58 [restartedMain] INFO  o.hibernate.orm.connections.pooling - HHH10001005: Database info:
	Database JDBC URL [Connecting through datasource 'HikariDataSource (HikariPool-2)']
	Database driver: undefined/unknown
	Database version: 14.17
	Autocommit mode: undefined/unknown
	Isolation level: undefined/unknown
	Minimum pool size: undefined/unknown
	Maximum pool size: undefined/unknown
2025-03-06 17:47:59 [restartedMain] INFO  o.h.e.t.j.p.i.JtaPlatformInitiator - HHH000489: No JTA platform available (set 'hibernate.transaction.jta.platform' to enable JTA platform integration)
2025-03-06 17:48:00 [restartedMain] INFO  o.s.o.j.LocalContainerEntityManagerFactoryBean - Initialized JPA EntityManagerFactory for persistence unit 'default'
2025-03-06 17:48:00 [restartedMain] WARN  o.s.b.a.o.j.JpaBaseConfiguration$JpaWebConfiguration - spring.jpa.open-in-view is enabled by default. Therefore, database queries may be performed during view rendering. Explicitly configure spring.jpa.open-in-view to disable this warning
2025-03-06 17:48:00 [restartedMain] INFO  o.s.s.c.a.a.c.InitializeUserDetailsBeanManagerConfigurer$InitializeUserDetailsManagerConfigurer - Global AuthenticationManager configured with UserDetailsService bean with name customUserDetailsService
2025-03-06 17:48:00 [restartedMain] INFO  o.s.b.d.a.OptionalLiveReloadServer - LiveReload server is running on port 35729
2025-03-06 17:48:00 [restartedMain] INFO  o.a.coyote.http11.Http11NioProtocol - Starting ProtocolHandler ["http-nio-8080"]
2025-03-06 17:48:00 [restartedMain] INFO  o.s.b.w.e.tomcat.TomcatWebServer - Tomcat started on port 8080 (http) with context path '/rev-aux'
2025-03-06 17:48:00 [restartedMain] INFO  com.yts.revaux.RevAuxApplication - Started RevAuxApplication in 2.349 seconds (process running for 1224.886)
2025-03-06 17:48:00 [restartedMain] INFO  o.s.b.d.a.ConditionEvaluationDeltaLoggingListener - Condition evaluation unchanged
2025-03-06 17:48:00 [http-nio-8080-exec-1] INFO  o.a.c.c.C.[.[localhost].[/rev-aux] - Initializing Spring DispatcherServlet 'dispatcherServlet'
2025-03-06 17:48:00 [http-nio-8080-exec-1] INFO  o.s.web.servlet.DispatcherServlet - Initializing Servlet 'dispatcherServlet'
2025-03-06 17:48:00 [http-nio-8080-exec-1] INFO  o.s.web.servlet.DispatcherServlet - Completed initialization in 2 ms
2025-03-06 17:48:00 [http-nio-8080-exec-1] WARN  c.y.r.config.JwtAuthenticationFilter - ❌ No valid JWT token found in cookies!
2025-03-06 17:48:00 [http-nio-8080-exec-5] WARN  c.y.r.config.JwtAuthenticationFilter - ❌ No valid JWT token found in cookies!
2025-03-06 17:48:00 [http-nio-8080-exec-3] WARN  c.y.r.config.JwtAuthenticationFilter - ❌ No valid JWT token found in cookies!
2025-03-06 17:48:00 [http-nio-8080-exec-4] WARN  c.y.r.config.JwtAuthenticationFilter - ❌ No valid JWT token found in cookies!
2025-03-06 17:48:00 [http-nio-8080-exec-2] WARN  c.y.r.config.JwtAuthenticationFilter - ❌ No valid JWT token found in cookies!
2025-03-06 17:48:00 [http-nio-8080-exec-6] WARN  c.y.r.config.JwtAuthenticationFilter - ❌ No valid JWT token found in cookies!
2025-03-06 17:48:00 [http-nio-8080-exec-7] WARN  c.y.r.config.JwtAuthenticationFilter - ❌ No valid JWT token found in cookies!
2025-03-06 17:48:00 [http-nio-8080-exec-8] WARN  c.y.r.config.JwtAuthenticationFilter - ❌ No valid JWT token found in cookies!
2025-03-06 17:48:01 [http-nio-8080-exec-9] WARN  c.y.r.config.JwtAuthenticationFilter - ❌ No valid JWT token found in cookies!
2025-03-06 17:48:01 [http-nio-8080-exec-10] WARN  c.y.r.config.JwtAuthenticationFilter - ❌ No valid JWT token found in cookies!
2025-03-06 17:48:05 [http-nio-8080-exec-1] WARN  c.y.r.config.JwtAuthenticationFilter - ❌ No valid JWT token found in cookies!
2025-03-06 17:48:05 [http-nio-8080-exec-4] WARN  c.y.r.config.JwtAuthenticationFilter - ❌ No valid JWT token found in cookies!
2025-03-06 17:48:05 [http-nio-8080-exec-3] WARN  c.y.r.config.JwtAuthenticationFilter - ❌ No valid JWT token found in cookies!
2025-03-06 17:48:05 [http-nio-8080-exec-6] WARN  c.y.r.config.JwtAuthenticationFilter - ❌ No valid JWT token found in cookies!
2025-03-06 17:48:05 [http-nio-8080-exec-5] WARN  c.y.r.config.JwtAuthenticationFilter - ❌ No valid JWT token found in cookies!
2025-03-06 17:48:05 [http-nio-8080-exec-2] WARN  c.y.r.config.JwtAuthenticationFilter - ❌ No valid JWT token found in cookies!
2025-03-06 17:48:05 [http-nio-8080-exec-7] WARN  c.y.r.config.JwtAuthenticationFilter - ❌ No valid JWT token found in cookies!
2025-03-06 17:48:05 [http-nio-8080-exec-10] WARN  c.y.r.config.JwtAuthenticationFilter - ❌ No valid JWT token found in cookies!
2025-03-06 17:48:05 [http-nio-8080-exec-1] WARN  c.y.r.config.JwtAuthenticationFilter - ❌ No valid JWT token found in cookies!
2025-03-06 17:48:05 [http-nio-8080-exec-9] WARN  c.y.r.config.JwtAuthenticationFilter - ❌ No valid JWT token found in cookies!
2025-03-06 17:48:05 [http-nio-8080-exec-8] WARN  c.y.r.config.JwtAuthenticationFilter - ❌ No valid JWT token found in cookies!
2025-03-06 17:48:05 [http-nio-8080-exec-4] WARN  c.y.r.config.JwtAuthenticationFilter - ❌ No valid JWT token found in cookies!
2025-03-06 17:48:05 [http-nio-8080-exec-5] WARN  c.y.r.config.JwtAuthenticationFilter - ❌ No valid JWT token found in cookies!
2025-03-06 17:48:05 [http-nio-8080-exec-2] WARN  c.y.r.config.JwtAuthenticationFilter - ❌ No valid JWT token found in cookies!
2025-03-06 17:48:05 [http-nio-8080-exec-7] WARN  c.y.r.config.JwtAuthenticationFilter - ❌ No valid JWT token found in cookies!
2025-03-06 17:48:05 [http-nio-8080-exec-3] WARN  c.y.r.config.JwtAuthenticationFilter - ❌ No valid JWT token found in cookies!
2025-03-06 17:48:05 [http-nio-8080-exec-9] WARN  c.y.r.config.JwtAuthenticationFilter - ❌ No valid JWT token found in cookies!
2025-03-06 17:48:05 [http-nio-8080-exec-6] WARN  c.y.r.config.JwtAuthenticationFilter - ❌ No valid JWT token found in cookies!
2025-03-06 17:48:05 [http-nio-8080-exec-10] WARN  c.y.r.config.JwtAuthenticationFilter - ❌ No valid JWT token found in cookies!
2025-03-06 17:48:05 [http-nio-8080-exec-8] WARN  c.y.r.config.JwtAuthenticationFilter - ❌ No valid JWT token found in cookies!
2025-03-06 17:48:05 [http-nio-8080-exec-4] WARN  c.y.r.config.JwtAuthenticationFilter - ❌ No valid JWT token found in cookies!
2025-03-06 17:48:05 [http-nio-8080-exec-1] WARN  c.y.r.config.JwtAuthenticationFilter - ❌ No valid JWT token found in cookies!
2025-03-06 17:48:05 [http-nio-8080-exec-2] WARN  c.y.r.config.JwtAuthenticationFilter - ❌ No valid JWT token found in cookies!
2025-03-06 17:48:05 [http-nio-8080-exec-7] WARN  c.y.r.config.JwtAuthenticationFilter - ❌ No valid JWT token found in cookies!
2025-03-06 17:48:05 [http-nio-8080-exec-3] WARN  c.y.r.config.JwtAuthenticationFilter - ❌ No valid JWT token found in cookies!
2025-03-06 17:48:05 [http-nio-8080-exec-5] WARN  c.y.r.config.JwtAuthenticationFilter - ❌ No valid JWT token found in cookies!
2025-03-06 17:48:05 [http-nio-8080-exec-10] WARN  c.y.r.config.JwtAuthenticationFilter - ❌ No valid JWT token found in cookies!
2025-03-06 17:48:05 [http-nio-8080-exec-9] WARN  c.y.r.config.JwtAuthenticationFilter - ❌ No valid JWT token found in cookies!
2025-03-06 17:48:05 [http-nio-8080-exec-6] WARN  c.y.r.config.JwtAuthenticationFilter - ❌ No valid JWT token found in cookies!
2025-03-06 17:48:05 [http-nio-8080-exec-8] WARN  c.y.r.config.JwtAuthenticationFilter - ❌ No valid JWT token found in cookies!
2025-03-06 17:48:05 [http-nio-8080-exec-2] WARN  c.y.r.config.JwtAuthenticationFilter - ❌ No valid JWT token found in cookies!
2025-03-06 17:48:05 [http-nio-8080-exec-4] WARN  c.y.r.config.JwtAuthenticationFilter - ❌ No valid JWT token found in cookies!
2025-03-06 17:48:05 [http-nio-8080-exec-1] WARN  c.y.r.config.JwtAuthenticationFilter - ❌ No valid JWT token found in cookies!
2025-03-06 17:48:05 [http-nio-8080-exec-7] WARN  c.y.r.config.JwtAuthenticationFilter - ❌ No valid JWT token found in cookies!
2025-03-06 17:48:05 [http-nio-8080-exec-3] WARN  c.y.r.config.JwtAuthenticationFilter - ❌ No valid JWT token found in cookies!
2025-03-06 17:48:05 [http-nio-8080-exec-5] WARN  c.y.r.config.JwtAuthenticationFilter - ❌ No valid JWT token found in cookies!
2025-03-06 17:48:05 [http-nio-8080-exec-10] WARN  c.y.r.config.JwtAuthenticationFilter - ❌ No valid JWT token found in cookies!
2025-03-06 17:48:05 [http-nio-8080-exec-8] WARN  c.y.r.config.JwtAuthenticationFilter - ❌ No valid JWT token found in cookies!
2025-03-06 17:48:05 [http-nio-8080-exec-6] WARN  c.y.r.config.JwtAuthenticationFilter - ❌ No valid JWT token found in cookies!
2025-03-06 17:48:05 [http-nio-8080-exec-7] WARN  c.y.r.config.JwtAuthenticationFilter - ❌ No valid JWT token found in cookies!
2025-03-06 17:48:05 [http-nio-8080-exec-2] WARN  c.y.r.config.JwtAuthenticationFilter - ❌ No valid JWT token found in cookies!
2025-03-06 17:48:05 [http-nio-8080-exec-9] WARN  c.y.r.config.JwtAuthenticationFilter - ❌ No valid JWT token found in cookies!
2025-03-06 17:48:05 [http-nio-8080-exec-5] WARN  c.y.r.config.JwtAuthenticationFilter - ❌ No valid JWT token found in cookies!
2025-03-06 17:48:05 [http-nio-8080-exec-1] WARN  c.y.r.config.JwtAuthenticationFilter - ❌ No valid JWT token found in cookies!
2025-03-06 17:48:05 [http-nio-8080-exec-4] WARN  c.y.r.config.JwtAuthenticationFilter - ❌ No valid JWT token found in cookies!
2025-03-06 17:48:05 [http-nio-8080-exec-8] WARN  c.y.r.config.JwtAuthenticationFilter - ❌ No valid JWT token found in cookies!
2025-03-06 17:48:05 [http-nio-8080-exec-2] WARN  c.y.r.config.JwtAuthenticationFilter - ❌ No valid JWT token found in cookies!
2025-03-06 17:48:05 [http-nio-8080-exec-7] WARN  c.y.r.config.JwtAuthenticationFilter - ❌ No valid JWT token found in cookies!
2025-03-06 17:48:05 [http-nio-8080-exec-6] WARN  c.y.r.config.JwtAuthenticationFilter - ❌ No valid JWT token found in cookies!
2025-03-06 17:48:05 [http-nio-8080-exec-10] WARN  c.y.r.config.JwtAuthenticationFilter - ❌ No valid JWT token found in cookies!
2025-03-06 17:48:05 [http-nio-8080-exec-3] WARN  c.y.r.config.JwtAuthenticationFilter - ❌ No valid JWT token found in cookies!
2025-03-06 17:48:05 [http-nio-8080-exec-9] WARN  c.y.r.config.JwtAuthenticationFilter - ❌ No valid JWT token found in cookies!
2025-03-06 17:48:05 [http-nio-8080-exec-5] WARN  c.y.r.config.JwtAuthenticationFilter - ❌ No valid JWT token found in cookies!
2025-03-06 17:48:06 [http-nio-8080-exec-10] WARN  c.y.r.config.JwtAuthenticationFilter - ❌ No valid JWT token found in cookies!
2025-03-06 17:48:06 [http-nio-8080-exec-4] WARN  c.y.r.config.JwtAuthenticationFilter - ❌ No valid JWT token found in cookies!
2025-03-06 17:48:06 [http-nio-8080-exec-6] WARN  c.y.r.config.JwtAuthenticationFilter - ❌ No valid JWT token found in cookies!
2025-03-06 17:48:06 [http-nio-8080-exec-2] WARN  c.y.r.config.JwtAuthenticationFilter - ❌ No valid JWT token found in cookies!
2025-03-06 17:48:06 [http-nio-8080-exec-1] WARN  c.y.r.config.JwtAuthenticationFilter - ❌ No valid JWT token found in cookies!
2025-03-06 17:48:06 [http-nio-8080-exec-3] WARN  c.y.r.config.JwtAuthenticationFilter - ❌ No valid JWT token found in cookies!
2025-03-06 17:48:06 [http-nio-8080-exec-7] WARN  c.y.r.config.JwtAuthenticationFilter - ❌ No valid JWT token found in cookies!
2025-03-06 17:48:07 [http-nio-8080-exec-8] WARN  c.y.r.config.JwtAuthenticationFilter - ❌ No valid JWT token found in cookies!
2025-03-06 17:48:07 [http-nio-8080-exec-8] INFO  c.y.r.n.w.rest.NtQuoteListController - Fetching all NT Quotes
2025-03-06 17:48:07 [http-nio-8080-exec-9] WARN  c.y.r.config.JwtAuthenticationFilter - ❌ No valid JWT token found in cookies!
2025-03-06 17:48:07 [http-nio-8080-exec-5] WARN  c.y.r.config.JwtAuthenticationFilter - ❌ No valid JWT token found in cookies!
2025-03-06 17:48:15 [http-nio-8080-exec-2] WARN  c.y.r.config.JwtAuthenticationFilter - ❌ No valid JWT token found in cookies!
2025-03-06 17:48:15 [http-nio-8080-exec-2] INFO  c.y.r.n.w.rest.NtQuoteListController - Checking if Mold Mannual  file exists -> id: 4,  fileName: ntdemo.xlsx
2025-03-06 17:48:15 [http-nio-8080-exec-2] INFO  c.y.r.n.w.rest.NtQuoteListController - generate Remote Mold Mannual File Path id = 4 fileName = ntdemo.xlsx
2025-03-06 17:48:15 [http-nio-8080-exec-2] INFO  c.y.r.n.w.rest.NtQuoteListController - currentPath  = /home/CPS/NtQuote/MoldMannual/4
2025-03-06 17:48:15 [http-nio-8080-exec-2] INFO  c.y.r.n.w.rest.NtQuoteListController - Generated remote file path: /home/CPS/NtQuote/MoldMannual/4/ntdemo.xlsx
2025-03-06 17:48:15 [http-nio-8080-exec-2] INFO  c.y.r.a.web.rest.AdminRestController - Checking Mold Manual File Exists - id: 4, remoteFilePath: '/home/CPS/NtQuote/MoldMannual/4/ntdemo.xlsx'
2025-03-06 17:48:15 [http-nio-8080-exec-2] INFO  c.y.r.a.web.rest.AdminRestController - File existence count: 1
2025-03-06 17:48:15 [http-nio-8080-exec-2] INFO  c.y.r.n.w.rest.NtQuoteListController - File existence check result: true
2025-03-06 17:48:16 [http-nio-8080-exec-6] WARN  c.y.r.config.JwtAuthenticationFilter - ❌ No valid JWT token found in cookies!
2025-03-06 17:48:16 [http-nio-8080-exec-6] ERROR c.y.r.n.w.rest.NtQuoteListController - Controller -- overwrite mold mannual File id ===== 4
2025-03-06 17:48:16 [http-nio-8080-exec-6] INFO  c.y.r.n.w.rest.NtQuoteListController - overwrite Mold Mannual File line  ===== 4
2025-03-06 17:48:16 [http-nio-8080-exec-6] INFO  c.y.r.a.web.rest.AdminRestController - overwrite Mold Mannual_Files Attachment Service method invoked with fileName: ntdemo.xlsx, id: 4
2025-03-06 17:48:16 [http-nio-8080-exec-6] INFO  c.y.r.a.web.rest.AdminRestController - Data size: 5106 bytes
2025-03-06 17:48:16 [http-nio-8080-exec-6] INFO  c.y.r.a.web.rest.AdminRestController - remoteBasePath = /home/CPS/NtQuote/MoldManual/4/
2025-03-06 17:48:16 [http-nio-8080-exec-6] INFO  c.y.r.a.web.rest.AdminRestController - fileName = ntdemo.xlsx
2025-03-06 17:48:18 [http-nio-8080-exec-6] INFO  c.y.r.a.web.rest.AdminRestController - Deleted old file: /home/CPS/NtQuote/MoldManual/4/ntdemo.xlsx
2025-03-06 17:48:18 [http-nio-8080-exec-6] INFO  c.y.r.a.web.rest.AdminRestController - Attempting to overwrite mold mannual Files Attachment with new file: /home/CPS/NtQuote/MoldManual/4/ntdemo.xlsx
2025-03-06 17:48:18 [http-nio-8080-exec-6] INFO  c.y.r.a.web.rest.AdminRestController - Added filePath to list: /home/CPS/NtQuote/MoldManual/4/ntdemo.xlsx
2025-03-06 17:48:18 [http-nio-8080-exec-6] INFO  c.y.r.a.web.rest.AdminRestController - Mold mannual Files overwritten successfully to: /home/CPS/NtQuote/MoldManual/4/ntdemo.xlsx
2025-03-06 17:48:18 [http-nio-8080-exec-6] WARN  o.h.e.jdbc.spi.SqlExceptionHelper - SQL Error: 0, SQLState: 42P01
2025-03-06 17:48:18 [http-nio-8080-exec-6] ERROR o.h.e.jdbc.spi.SqlExceptionHelper - ERROR: relation "ntquotelist" does not exist
  Position: 8
2025-03-06 17:48:18 [http-nio-8080-exec-6] ERROR o.a.c.c.C.[.[.[.[dispatcherServlet] - Servlet.service() for servlet [dispatcherServlet] in context with path [/rev-aux] threw exception [Request processing failed: org.springframework.dao.InvalidDataAccessResourceUsageException: JDBC exception executing SQL [UPDATE NtQuoteList SET moldManual = array_append(array_remove(COALESCE(moldManual, ARRAY[]::TEXT[]), ?), ?) WHERE id = ?] [ERROR: relation "ntquotelist" does not exist
  Position: 8] [n/a]; SQL [n/a]] with root cause
org.postgresql.util.PSQLException: ERROR: relation "ntquotelist" does not exist
  Position: 8
	at org.postgresql.core.v3.QueryExecutorImpl.receiveErrorResponse(QueryExecutorImpl.java:2733)
	at org.postgresql.core.v3.QueryExecutorImpl.processResults(QueryExecutorImpl.java:2420)
	at org.postgresql.core.v3.QueryExecutorImpl.execute(QueryExecutorImpl.java:372)
	at org.postgresql.jdbc.PgStatement.executeInternal(PgStatement.java:517)
	at org.postgresql.jdbc.PgStatement.execute(PgStatement.java:434)
	at org.postgresql.jdbc.PgPreparedStatement.executeWithFlags(PgPreparedStatement.java:194)
	at org.postgresql.jdbc.PgPreparedStatement.executeUpdate(PgPreparedStatement.java:155)
	at com.zaxxer.hikari.pool.ProxyPreparedStatement.executeUpdate(ProxyPreparedStatement.java:61)
	at com.zaxxer.hikari.pool.HikariProxyPreparedStatement.executeUpdate(HikariProxyPreparedStatement.java)
	at org.hibernate.sql.exec.internal.StandardJdbcMutationExecutor.execute(StandardJdbcMutationExecutor.java:90)
	at org.hibernate.query.sql.internal.NativeNonSelectQueryPlanImpl.executeUpdate(NativeNonSelectQueryPlanImpl.java:76)
	at org.hibernate.query.sql.internal.NativeQueryImpl.doExecuteUpdate(NativeQueryImpl.java:973)
	at org.hibernate.query.spi.AbstractQuery.executeUpdate(AbstractQuery.java:651)
	at org.springframework.data.jpa.repository.query.JpaQueryExecution$ModifyingExecution.doExecute(JpaQueryExecution.java:267)
	at org.springframework.data.jpa.repository.query.JpaQueryExecution.execute(JpaQueryExecution.java:93)
	at org.springframework.data.jpa.repository.query.AbstractJpaQuery.doExecute(AbstractJpaQuery.java:152)
	at org.springframework.data.jpa.repository.query.AbstractJpaQuery.execute(AbstractJpaQuery.java:140)
	at org.springframework.data.repository.core.support.RepositoryMethodInvoker.doInvoke(RepositoryMethodInvoker.java:170)
	at org.springframework.data.repository.core.support.RepositoryMethodInvoker.invoke(RepositoryMethodInvoker.java:158)
	at org.springframework.data.repository.core.support.QueryExecutorMethodInterceptor.doInvoke(QueryExecutorMethodInterceptor.java:170)
	at org.springframework.data.repository.core.support.QueryExecutorMethodInterceptor.invoke(QueryExecutorMethodInterceptor.java:149)
	at org.springframework.aop.framework.ReflectiveMethodInvocation.proceed(ReflectiveMethodInvocation.java:184)
	at org.springframework.data.projection.DefaultMethodInvokingMethodInterceptor.invoke(DefaultMethodInvokingMethodInterceptor.java:69)
	at org.springframework.aop.framework.ReflectiveMethodInvocation.proceed(ReflectiveMethodInvocation.java:184)
	at org.springframework.transaction.interceptor.TransactionAspectSupport.invokeWithinTransaction(TransactionAspectSupport.java:380)
	at org.springframework.transaction.interceptor.TransactionInterceptor.invoke(TransactionInterceptor.java:119)
	at org.springframework.aop.framework.ReflectiveMethodInvocation.proceed(ReflectiveMethodInvocation.java:184)
	at org.springframework.dao.support.PersistenceExceptionTranslationInterceptor.invoke(PersistenceExceptionTranslationInterceptor.java:138)
	at org.springframework.aop.framework.ReflectiveMethodInvocation.proceed(ReflectiveMethodInvocation.java:184)
	at org.springframework.data.jpa.repository.support.CrudMethodMetadataPostProcessor$CrudMethodMetadataPopulatingMethodInterceptor.invoke(CrudMethodMetadataPostProcessor.java:136)
	at org.springframework.aop.framework.ReflectiveMethodInvocation.proceed(ReflectiveMethodInvocation.java:184)
	at org.springframework.aop.framework.JdkDynamicAopProxy.invoke(JdkDynamicAopProxy.java:223)
	at jdk.proxy6/jdk.proxy6.$Proxy186.overwriteMoldManualAttachment(Unknown Source)
	at com.yts.revaux.ntQuote.service.NtQuoteListService.overwriteMoldManualAttachment(NtQuoteListService.java:430)
	at java.base/jdk.internal.reflect.DirectMethodHandleAccessor.invoke(DirectMethodHandleAccessor.java:103)
	at java.base/java.lang.reflect.Method.invoke(Method.java:580)
	at org.springframework.aop.support.AopUtils.invokeJoinpointUsingReflection(AopUtils.java:359)
	at org.springframework.aop.framework.ReflectiveMethodInvocation.invokeJoinpoint(ReflectiveMethodInvocation.java:196)
	at org.springframework.aop.framework.ReflectiveMethodInvocation.proceed(ReflectiveMethodInvocation.java:163)
	at org.springframework.transaction.interceptor.TransactionAspectSupport.invokeWithinTransaction(TransactionAspectSupport.java:380)
	at org.springframework.transaction.interceptor.TransactionInterceptor.invoke(TransactionInterceptor.java:119)
	at org.springframework.aop.framework.ReflectiveMethodInvocation.proceed(ReflectiveMethodInvocation.java:184)
	at org.springframework.aop.framework.CglibAopProxy$DynamicAdvisedInterceptor.intercept(CglibAopProxy.java:727)
	at com.yts.revaux.ntQuote.service.NtQuoteListService$$SpringCGLIB$$0.overwriteMoldManualAttachment(<generated>)
	at com.yts.revaux.ntQuote.web.rest.NtQuoteListController.updateOverwriteBuyerAttachCadFile(NtQuoteListController.java:261)
	at java.base/jdk.internal.reflect.DirectMethodHandleAccessor.invoke(DirectMethodHandleAccessor.java:103)
	at java.base/java.lang.reflect.Method.invoke(Method.java:580)
	at org.springframework.web.method.support.InvocableHandlerMethod.doInvoke(InvocableHandlerMethod.java:257)
	at org.springframework.web.method.support.InvocableHandlerMethod.invokeForRequest(InvocableHandlerMethod.java:190)
	at org.springframework.web.servlet.mvc.method.annotation.ServletInvocableHandlerMethod.invokeAndHandle(ServletInvocableHandlerMethod.java:118)
	at org.springframework.web.servlet.mvc.method.annotation.RequestMappingHandlerAdapter.invokeHandlerMethod(RequestMappingHandlerAdapter.java:986)
	at org.springframework.web.servlet.mvc.method.annotation.RequestMappingHandlerAdapter.handleInternal(RequestMappingHandlerAdapter.java:891)
	at org.springframework.web.servlet.mvc.method.AbstractHandlerMethodAdapter.handle(AbstractHandlerMethodAdapter.java:87)
	at org.springframework.web.servlet.DispatcherServlet.doDispatch(DispatcherServlet.java:1088)
	at org.springframework.web.servlet.DispatcherServlet.doService(DispatcherServlet.java:978)
	at org.springframework.web.servlet.FrameworkServlet.processRequest(FrameworkServlet.java:1014)
	at org.springframework.web.servlet.FrameworkServlet.doPost(FrameworkServlet.java:914)
	at jakarta.servlet.http.HttpServlet.service(HttpServlet.java:590)
	at org.springframework.web.servlet.FrameworkServlet.service(FrameworkServlet.java:885)
	at jakarta.servlet.http.HttpServlet.service(HttpServlet.java:658)
	at org.apache.catalina.core.ApplicationFilterChain.internalDoFilter(ApplicationFilterChain.java:195)
	at org.apache.catalina.core.ApplicationFilterChain.doFilter(ApplicationFilterChain.java:140)
	at org.apache.tomcat.websocket.server.WsFilter.doFilter(WsFilter.java:51)
	at org.apache.catalina.core.ApplicationFilterChain.internalDoFilter(ApplicationFilterChain.java:164)
	at org.apache.catalina.core.ApplicationFilterChain.doFilter(ApplicationFilterChain.java:140)
	at org.springframework.web.filter.OncePerRequestFilter.doFilter(OncePerRequestFilter.java:110)
	at org.apache.catalina.core.ApplicationFilterChain.internalDoFilter(ApplicationFilterChain.java:164)
	at org.apache.catalina.core.ApplicationFilterChain.doFilter(ApplicationFilterChain.java:140)
	at org.springframework.web.filter.CompositeFilter$VirtualFilterChain.doFilter(CompositeFilter.java:108)
	at org.springframework.security.web.FilterChainProxy.lambda$doFilterInternal$3(FilterChainProxy.java:231)
	at org.springframework.security.web.FilterChainProxy$VirtualFilterChain.doFilter(FilterChainProxy.java:365)
	at org.springframework.security.web.access.intercept.AuthorizationFilter.doFilter(AuthorizationFilter.java:101)
	at org.springframework.security.web.FilterChainProxy$VirtualFilterChain.doFilter(FilterChainProxy.java:374)
	at org.springframework.security.web.access.ExceptionTranslationFilter.doFilter(ExceptionTranslationFilter.java:126)
	at org.springframework.security.web.access.ExceptionTranslationFilter.doFilter(ExceptionTranslationFilter.java:120)
	at org.springframework.security.web.FilterChainProxy$VirtualFilterChain.doFilter(FilterChainProxy.java:374)
	at org.springframework.security.web.session.SessionManagementFilter.doFilter(SessionManagementFilter.java:131)
	at org.springframework.security.web.session.SessionManagementFilter.doFilter(SessionManagementFilter.java:85)
	at org.springframework.security.web.FilterChainProxy$VirtualFilterChain.doFilter(FilterChainProxy.java:374)
	at org.springframework.security.web.authentication.AnonymousAuthenticationFilter.doFilter(AnonymousAuthenticationFilter.java:100)
	at org.springframework.security.web.FilterChainProxy$VirtualFilterChain.doFilter(FilterChainProxy.java:374)
	at org.springframework.security.web.servletapi.SecurityContextHolderAwareRequestFilter.doFilter(SecurityContextHolderAwareRequestFilter.java:179)
	at org.springframework.security.web.FilterChainProxy$VirtualFilterChain.doFilter(FilterChainProxy.java:374)
	at org.springframework.security.web.savedrequest.RequestCacheAwareFilter.doFilter(RequestCacheAwareFilter.java:63)
	at org.springframework.security.web.FilterChainProxy$VirtualFilterChain.doFilter(FilterChainProxy.java:374)
	at com.yts.revaux.config.JwtAuthenticationFilter.doFilterInternal(JwtAuthenticationFilter.java:52)
	at org.springframework.web.filter.OncePerRequestFilter.doFilter(OncePerRequestFilter.java:116)
	at org.springframework.security.web.FilterChainProxy$VirtualFilterChain.doFilter(FilterChainProxy.java:374)
	at org.springframework.security.web.authentication.logout.LogoutFilter.doFilter(LogoutFilter.java:107)
	at org.springframework.security.web.authentication.logout.LogoutFilter.doFilter(LogoutFilter.java:93)
	at org.springframework.security.web.FilterChainProxy$VirtualFilterChain.doFilter(FilterChainProxy.java:374)
	at org.springframework.web.filter.CorsFilter.doFilterInternal(CorsFilter.java:91)
	at org.springframework.web.filter.OncePerRequestFilter.doFilter(OncePerRequestFilter.java:116)
	at org.springframework.security.web.FilterChainProxy$VirtualFilterChain.doFilter(FilterChainProxy.java:374)
	at org.springframework.security.web.header.HeaderWriterFilter.doHeadersAfter(HeaderWriterFilter.java:90)
	at org.springframework.security.web.header.HeaderWriterFilter.doFilterInternal(HeaderWriterFilter.java:75)
	at org.springframework.web.filter.OncePerRequestFilter.doFilter(OncePerRequestFilter.java:116)
	at org.springframework.security.web.FilterChainProxy$VirtualFilterChain.doFilter(FilterChainProxy.java:374)
	at org.springframework.security.web.context.SecurityContextHolderFilter.doFilter(SecurityContextHolderFilter.java:82)
	at org.springframework.security.web.context.SecurityContextHolderFilter.doFilter(SecurityContextHolderFilter.java:69)
	at org.springframework.security.web.FilterChainProxy$VirtualFilterChain.doFilter(FilterChainProxy.java:374)
	at org.springframework.security.web.context.request.async.WebAsyncManagerIntegrationFilter.doFilterInternal(WebAsyncManagerIntegrationFilter.java:62)
	at org.springframework.web.filter.OncePerRequestFilter.doFilter(OncePerRequestFilter.java:116)
	at org.springframework.security.web.FilterChainProxy$VirtualFilterChain.doFilter(FilterChainProxy.java:374)
	at org.springframework.security.web.session.DisableEncodeUrlFilter.doFilterInternal(DisableEncodeUrlFilter.java:42)
	at org.springframework.web.filter.OncePerRequestFilter.doFilter(OncePerRequestFilter.java:116)
	at org.springframework.security.web.FilterChainProxy$VirtualFilterChain.doFilter(FilterChainProxy.java:374)
	at org.springframework.security.web.FilterChainProxy.doFilterInternal(FilterChainProxy.java:233)
	at org.springframework.security.web.FilterChainProxy.doFilter(FilterChainProxy.java:191)
	at org.springframework.web.filter.CompositeFilter$VirtualFilterChain.doFilter(CompositeFilter.java:113)
	at org.springframework.web.servlet.handler.HandlerMappingIntrospector.lambda$createCacheFilter$3(HandlerMappingIntrospector.java:243)
	at org.springframework.web.filter.CompositeFilter$VirtualFilterChain.doFilter(CompositeFilter.java:113)
	at org.springframework.web.filter.CompositeFilter.doFilter(CompositeFilter.java:74)
	at org.springframework.security.config.annotation.web.configuration.WebMvcSecurityConfiguration$CompositeFilterChainProxy.doFilter(WebMvcSecurityConfiguration.java:238)
	at org.springframework.web.filter.DelegatingFilterProxy.invokeDelegate(DelegatingFilterProxy.java:362)
	at org.springframework.web.filter.DelegatingFilterProxy.doFilter(DelegatingFilterProxy.java:278)
	at org.apache.catalina.core.ApplicationFilterChain.internalDoFilter(ApplicationFilterChain.java:164)
	at org.apache.catalina.core.ApplicationFilterChain.doFilter(ApplicationFilterChain.java:140)
	at org.springframework.web.filter.RequestContextFilter.doFilterInternal(RequestContextFilter.java:100)
	at org.springframework.web.filter.OncePerRequestFilter.doFilter(OncePerRequestFilter.java:116)
	at org.apache.catalina.core.ApplicationFilterChain.internalDoFilter(ApplicationFilterChain.java:164)
	at org.apache.catalina.core.ApplicationFilterChain.doFilter(ApplicationFilterChain.java:140)
	at org.springframework.web.filter.FormContentFilter.doFilterInternal(FormContentFilter.java:93)
	at org.springframework.web.filter.OncePerRequestFilter.doFilter(OncePerRequestFilter.java:116)
	at org.apache.catalina.core.ApplicationFilterChain.internalDoFilter(ApplicationFilterChain.java:164)
	at org.apache.catalina.core.ApplicationFilterChain.doFilter(ApplicationFilterChain.java:140)
	at org.springframework.web.filter.CharacterEncodingFilter.doFilterInternal(CharacterEncodingFilter.java:201)
	at org.springframework.web.filter.OncePerRequestFilter.doFilter(OncePerRequestFilter.java:116)
	at org.apache.catalina.core.ApplicationFilterChain.internalDoFilter(ApplicationFilterChain.java:164)
	at org.apache.catalina.core.ApplicationFilterChain.doFilter(ApplicationFilterChain.java:140)
	at org.apache.catalina.core.StandardWrapperValve.invoke(StandardWrapperValve.java:167)
	at org.apache.catalina.core.StandardContextValve.invoke(StandardContextValve.java:90)
	at org.apache.catalina.authenticator.AuthenticatorBase.invoke(AuthenticatorBase.java:483)
	at org.apache.catalina.core.StandardHostValve.invoke(StandardHostValve.java:115)
	at org.apache.catalina.valves.ErrorReportValve.invoke(ErrorReportValve.java:93)
	at org.apache.catalina.core.StandardEngineValve.invoke(StandardEngineValve.java:74)
	at org.apache.catalina.connector.CoyoteAdapter.service(CoyoteAdapter.java:344)
	at org.apache.coyote.http11.Http11Processor.service(Http11Processor.java:397)
	at org.apache.coyote.AbstractProcessorLight.process(AbstractProcessorLight.java:63)
	at org.apache.coyote.AbstractProtocol$ConnectionHandler.process(AbstractProtocol.java:905)
	at org.apache.tomcat.util.net.NioEndpoint$SocketProcessor.doRun(NioEndpoint.java:1743)
	at org.apache.tomcat.util.net.SocketProcessorBase.run(SocketProcessorBase.java:52)
	at org.apache.tomcat.util.threads.ThreadPoolExecutor.runWorker(ThreadPoolExecutor.java:1190)
	at org.apache.tomcat.util.threads.ThreadPoolExecutor$Worker.run(ThreadPoolExecutor.java:659)
	at org.apache.tomcat.util.threads.TaskThread$WrappingRunnable.run(TaskThread.java:63)
	at java.base/java.lang.Thread.run(Thread.java:1583)
2025-03-06 17:48:18 [http-nio-8080-exec-4] WARN  c.y.r.config.JwtAuthenticationFilter - ❌ No valid JWT token found in cookies!
2025-03-06 17:48:20 [http-nio-8080-exec-3] WARN  c.y.r.config.JwtAuthenticationFilter - ❌ No valid JWT token found in cookies!
2025-03-06 17:48:20 [http-nio-8080-exec-3] INFO  c.y.r.n.w.rest.NtQuoteListController - Downloading Mold Manual file - filePath: /home/CPS/NtQuote/MoldMannual/4/ntdemo.xlsx
2025-03-06 17:48:20 [http-nio-8080-exec-3] INFO  c.y.r.n.w.rest.NtQuoteListController - Decoded filePath: /home/CPS/NtQuote/MoldMannual/4/ntdemo.xlsx
2025-03-06 17:48:20 [http-nio-8080-exec-3] INFO  c.y.r.n.w.rest.NtQuoteListController - Remote Mold Manual file path: /home/CPS/NtQuote/MoldMannual//4/ntdemo.xlsx
2025-03-06 17:48:20 [http-nio-8080-exec-3] INFO  c.y.r.n.w.rest.NtQuoteListController - Mold Manual file downloaded successfully: ntdemo.xlsx
2025-03-06 17:50:01 [File Watcher] INFO  o.s.b.d.a.LocalDevToolsAutoConfiguration$RestartingClassPathChangeChangedEventListener - Restarting due to 1 class path change (0 additions, 0 deletions, 1 modification)
2025-03-06 17:50:01 [Thread-15] INFO  o.s.b.w.e.tomcat.GracefulShutdown - Commencing graceful shutdown. Waiting for active requests to complete
2025-03-06 17:50:01 [tomcat-shutdown] INFO  o.a.coyote.http11.Http11NioProtocol - Pausing ProtocolHandler ["http-nio-8080"]
2025-03-06 17:50:01 [tomcat-shutdown] INFO  o.s.b.w.e.tomcat.GracefulShutdown - Graceful shutdown complete
2025-03-06 17:50:01 [Thread-15] INFO  o.a.coyote.http11.Http11NioProtocol - Stopping ProtocolHandler ["http-nio-8080"]
2025-03-06 17:50:02 [Thread-15] INFO  o.s.o.j.LocalContainerEntityManagerFactoryBean - Closing JPA EntityManagerFactory for persistence unit 'default'
2025-03-06 17:50:02 [Thread-15] INFO  com.zaxxer.hikari.HikariDataSource - HikariPool-2 - Shutdown initiated...
2025-03-06 17:50:02 [Thread-15] INFO  com.zaxxer.hikari.HikariDataSource - HikariPool-2 - Shutdown completed.
2025-03-06 17:50:02 [restartedMain] INFO  com.yts.revaux.RevAuxApplication - Starting RevAuxApplication using Java 21.0.5 with PID 63896 (/home/yts125/Desktop/LatestNtQuote_March6/rev-aux/target/classes started by yts125 in /home/yts125/Desktop/LatestNtQuote_March6/rev-aux)
2025-03-06 17:50:02 [restartedMain] INFO  com.yts.revaux.RevAuxApplication - The following 1 profile is active: "dev"
2025-03-06 17:50:02 [restartedMain] INFO  o.s.d.r.c.RepositoryConfigurationDelegate - Multiple Spring Data modules found, entering strict repository configuration mode
2025-03-06 17:50:02 [restartedMain] INFO  o.s.d.r.c.RepositoryConfigurationDelegate - Bootstrapping Spring Data JDBC repositories in DEFAULT mode.
2025-03-06 17:50:02 [restartedMain] INFO  o.s.d.r.c.RepositoryConfigurationExtensionSupport - Spring Data JDBC - Could not safely identify store assignment for repository candidate interface com.yts.revaux.admin.repository.AdminRepository; If you want this repository to be a JDBC repository, consider annotating your entities with one of these annotations: org.springframework.data.relational.core.mapping.Table.
2025-03-06 17:50:02 [restartedMain] INFO  o.s.d.r.c.RepositoryConfigurationExtensionSupport - Spring Data JDBC - Could not safely identify store assignment for repository candidate interface com.yts.revaux.admin.repository.UserRepository; If you want this repository to be a JDBC repository, consider annotating your entities with one of these annotations: org.springframework.data.relational.core.mapping.Table.
2025-03-06 17:50:02 [restartedMain] INFO  o.s.d.r.c.RepositoryConfigurationExtensionSupport - Spring Data JDBC - Could not safely identify store assignment for repository candidate interface com.yts.revaux.ntQuote.repository.NTQuoteListRepository; If you want this repository to be a JDBC repository, consider annotating your entities with one of these annotations: org.springframework.data.relational.core.mapping.Table.
2025-03-06 17:50:02 [restartedMain] INFO  o.s.d.r.c.RepositoryConfigurationExtensionSupport - Spring Data JDBC - Could not safely identify store assignment for repository candidate interface com.yts.revaux.ntQuote.repository.NtQuoteComponentDetailRepository; If you want this repository to be a JDBC repository, consider annotating your entities with one of these annotations: org.springframework.data.relational.core.mapping.Table.
2025-03-06 17:50:02 [restartedMain] INFO  o.s.d.r.c.RepositoryConfigurationExtensionSupport - Spring Data JDBC - Could not safely identify store assignment for repository candidate interface com.yts.revaux.ntQuote.repository.NtQuoteContactReviewInformationRepository; If you want this repository to be a JDBC repository, consider annotating your entities with one of these annotations: org.springframework.data.relational.core.mapping.Table.
2025-03-06 17:50:02 [restartedMain] INFO  o.s.d.r.c.RepositoryConfigurationExtensionSupport - Spring Data JDBC - Could not safely identify store assignment for repository candidate interface com.yts.revaux.ntQuote.repository.NtQuoteCostOverviewCustomerInputOutputRepository; If you want this repository to be a JDBC repository, consider annotating your entities with one of these annotations: org.springframework.data.relational.core.mapping.Table.
2025-03-06 17:50:02 [restartedMain] INFO  o.s.d.r.c.RepositoryConfigurationExtensionSupport - Spring Data JDBC - Could not safely identify store assignment for repository candidate interface com.yts.revaux.ntQuote.repository.NtQuoteCustomerProjectRepository; If you want this repository to be a JDBC repository, consider annotating your entities with one of these annotations: org.springframework.data.relational.core.mapping.Table.
2025-03-06 17:50:02 [restartedMain] INFO  o.s.d.r.c.RepositoryConfigurationExtensionSupport - Spring Data JDBC - Could not safely identify store assignment for repository candidate interface com.yts.revaux.ntQuote.repository.NtQuoteProjectConsiderationRepository; If you want this repository to be a JDBC repository, consider annotating your entities with one of these annotations: org.springframework.data.relational.core.mapping.Table.
2025-03-06 17:50:02 [restartedMain] INFO  o.s.d.r.c.RepositoryConfigurationExtensionSupport - Spring Data JDBC - Could not safely identify store assignment for repository candidate interface com.yts.revaux.ntQuote.repository.NtQuoteProjectEstimatedTimingRepository; If you want this repository to be a JDBC repository, consider annotating your entities with one of these annotations: org.springframework.data.relational.core.mapping.Table.
2025-03-06 17:50:02 [restartedMain] INFO  o.s.d.r.c.RepositoryConfigurationExtensionSupport - Spring Data JDBC - Could not safely identify store assignment for repository candidate interface com.yts.revaux.ntQuote.repository.QuoteLabourRateRepository; If you want this repository to be a JDBC repository, consider annotating your entities with one of these annotations: org.springframework.data.relational.core.mapping.Table.
2025-03-06 17:50:02 [restartedMain] INFO  o.s.d.r.c.RepositoryConfigurationExtensionSupport - Spring Data JDBC - Could not safely identify store assignment for repository candidate interface com.yts.revaux.ntQuote.repository.QuoteMachineEfficiencyRepository; If you want this repository to be a JDBC repository, consider annotating your entities with one of these annotations: org.springframework.data.relational.core.mapping.Table.
2025-03-06 17:50:02 [restartedMain] INFO  o.s.d.r.c.RepositoryConfigurationExtensionSupport - Spring Data JDBC - Could not safely identify store assignment for repository candidate interface com.yts.revaux.ntQuote.repository.QuoteMachineSetupRepository; If you want this repository to be a JDBC repository, consider annotating your entities with one of these annotations: org.springframework.data.relational.core.mapping.Table.
2025-03-06 17:50:02 [restartedMain] INFO  o.s.d.r.c.RepositoryConfigurationExtensionSupport - Spring Data JDBC - Could not safely identify store assignment for repository candidate interface com.yts.revaux.ntQuote.repository.QuoteMaterialMarkupRepository; If you want this repository to be a JDBC repository, consider annotating your entities with one of these annotations: org.springframework.data.relational.core.mapping.Table.
2025-03-06 17:50:02 [restartedMain] INFO  o.s.d.r.c.RepositoryConfigurationExtensionSupport - Spring Data JDBC - Could not safely identify store assignment for repository candidate interface com.yts.revaux.ntQuote.repository.QuoteProfitRepository; If you want this repository to be a JDBC repository, consider annotating your entities with one of these annotations: org.springframework.data.relational.core.mapping.Table.
2025-03-06 17:50:02 [restartedMain] INFO  o.s.d.r.c.RepositoryConfigurationExtensionSupport - Spring Data JDBC - Could not safely identify store assignment for repository candidate interface com.yts.revaux.ntQuote.repository.QuoteScrapRateRepository; If you want this repository to be a JDBC repository, consider annotating your entities with one of these annotations: org.springframework.data.relational.core.mapping.Table.
2025-03-06 17:50:02 [restartedMain] INFO  o.s.d.r.c.RepositoryConfigurationExtensionSupport - Spring Data JDBC - Could not safely identify store assignment for repository candidate interface com.yts.revaux.ntQuote.repository.QuoteSgaRateRepository; If you want this repository to be a JDBC repository, consider annotating your entities with one of these annotations: org.springframework.data.relational.core.mapping.Table.
2025-03-06 17:50:02 [restartedMain] INFO  o.s.d.r.c.RepositoryConfigurationDelegate - Finished Spring Data repository scanning in 8 ms. Found 0 JDBC repository interfaces.
2025-03-06 17:50:02 [restartedMain] INFO  o.s.d.r.c.RepositoryConfigurationDelegate - Multiple Spring Data modules found, entering strict repository configuration mode
2025-03-06 17:50:02 [restartedMain] INFO  o.s.d.r.c.RepositoryConfigurationDelegate - Bootstrapping Spring Data JPA repositories in DEFAULT mode.
2025-03-06 17:50:02 [restartedMain] INFO  o.s.d.r.c.RepositoryConfigurationDelegate - Finished Spring Data repository scanning in 12 ms. Found 16 JPA repository interfaces.
2025-03-06 17:50:02 [restartedMain] INFO  o.s.d.r.c.RepositoryConfigurationDelegate - Multiple Spring Data modules found, entering strict repository configuration mode
2025-03-06 17:50:02 [restartedMain] INFO  o.s.d.r.c.RepositoryConfigurationDelegate - Bootstrapping Spring Data Redis repositories in DEFAULT mode.
2025-03-06 17:50:02 [restartedMain] INFO  o.s.d.r.c.RepositoryConfigurationExtensionSupport - Spring Data Redis - Could not safely identify store assignment for repository candidate interface com.yts.revaux.admin.repository.AdminRepository; If you want this repository to be a Redis repository, consider annotating your entities with one of these annotations: org.springframework.data.redis.core.RedisHash (preferred), or consider extending one of the following types with your repository: org.springframework.data.keyvalue.repository.KeyValueRepository
2025-03-06 17:50:02 [restartedMain] INFO  o.s.d.r.c.RepositoryConfigurationExtensionSupport - Spring Data Redis - Could not safely identify store assignment for repository candidate interface com.yts.revaux.admin.repository.UserRepository; If you want this repository to be a Redis repository, consider annotating your entities with one of these annotations: org.springframework.data.redis.core.RedisHash (preferred), or consider extending one of the following types with your repository: org.springframework.data.keyvalue.repository.KeyValueRepository
2025-03-06 17:50:02 [restartedMain] INFO  o.s.d.r.c.RepositoryConfigurationExtensionSupport - Spring Data Redis - Could not safely identify store assignment for repository candidate interface com.yts.revaux.ntQuote.repository.NTQuoteListRepository; If you want this repository to be a Redis repository, consider annotating your entities with one of these annotations: org.springframework.data.redis.core.RedisHash (preferred), or consider extending one of the following types with your repository: org.springframework.data.keyvalue.repository.KeyValueRepository
2025-03-06 17:50:02 [restartedMain] INFO  o.s.d.r.c.RepositoryConfigurationExtensionSupport - Spring Data Redis - Could not safely identify store assignment for repository candidate interface com.yts.revaux.ntQuote.repository.NtQuoteComponentDetailRepository; If you want this repository to be a Redis repository, consider annotating your entities with one of these annotations: org.springframework.data.redis.core.RedisHash (preferred), or consider extending one of the following types with your repository: org.springframework.data.keyvalue.repository.KeyValueRepository
2025-03-06 17:50:02 [restartedMain] INFO  o.s.d.r.c.RepositoryConfigurationExtensionSupport - Spring Data Redis - Could not safely identify store assignment for repository candidate interface com.yts.revaux.ntQuote.repository.NtQuoteContactReviewInformationRepository; If you want this repository to be a Redis repository, consider annotating your entities with one of these annotations: org.springframework.data.redis.core.RedisHash (preferred), or consider extending one of the following types with your repository: org.springframework.data.keyvalue.repository.KeyValueRepository
2025-03-06 17:50:02 [restartedMain] INFO  o.s.d.r.c.RepositoryConfigurationExtensionSupport - Spring Data Redis - Could not safely identify store assignment for repository candidate interface com.yts.revaux.ntQuote.repository.NtQuoteCostOverviewCustomerInputOutputRepository; If you want this repository to be a Redis repository, consider annotating your entities with one of these annotations: org.springframework.data.redis.core.RedisHash (preferred), or consider extending one of the following types with your repository: org.springframework.data.keyvalue.repository.KeyValueRepository
2025-03-06 17:50:02 [restartedMain] INFO  o.s.d.r.c.RepositoryConfigurationExtensionSupport - Spring Data Redis - Could not safely identify store assignment for repository candidate interface com.yts.revaux.ntQuote.repository.NtQuoteCustomerProjectRepository; If you want this repository to be a Redis repository, consider annotating your entities with one of these annotations: org.springframework.data.redis.core.RedisHash (preferred), or consider extending one of the following types with your repository: org.springframework.data.keyvalue.repository.KeyValueRepository
2025-03-06 17:50:02 [restartedMain] INFO  o.s.d.r.c.RepositoryConfigurationExtensionSupport - Spring Data Redis - Could not safely identify store assignment for repository candidate interface com.yts.revaux.ntQuote.repository.NtQuoteProjectConsiderationRepository; If you want this repository to be a Redis repository, consider annotating your entities with one of these annotations: org.springframework.data.redis.core.RedisHash (preferred), or consider extending one of the following types with your repository: org.springframework.data.keyvalue.repository.KeyValueRepository
2025-03-06 17:50:02 [restartedMain] INFO  o.s.d.r.c.RepositoryConfigurationExtensionSupport - Spring Data Redis - Could not safely identify store assignment for repository candidate interface com.yts.revaux.ntQuote.repository.NtQuoteProjectEstimatedTimingRepository; If you want this repository to be a Redis repository, consider annotating your entities with one of these annotations: org.springframework.data.redis.core.RedisHash (preferred), or consider extending one of the following types with your repository: org.springframework.data.keyvalue.repository.KeyValueRepository
2025-03-06 17:50:02 [restartedMain] INFO  o.s.d.r.c.RepositoryConfigurationExtensionSupport - Spring Data Redis - Could not safely identify store assignment for repository candidate interface com.yts.revaux.ntQuote.repository.QuoteLabourRateRepository; If you want this repository to be a Redis repository, consider annotating your entities with one of these annotations: org.springframework.data.redis.core.RedisHash (preferred), or consider extending one of the following types with your repository: org.springframework.data.keyvalue.repository.KeyValueRepository
2025-03-06 17:50:02 [restartedMain] INFO  o.s.d.r.c.RepositoryConfigurationExtensionSupport - Spring Data Redis - Could not safely identify store assignment for repository candidate interface com.yts.revaux.ntQuote.repository.QuoteMachineEfficiencyRepository; If you want this repository to be a Redis repository, consider annotating your entities with one of these annotations: org.springframework.data.redis.core.RedisHash (preferred), or consider extending one of the following types with your repository: org.springframework.data.keyvalue.repository.KeyValueRepository
2025-03-06 17:50:02 [restartedMain] INFO  o.s.d.r.c.RepositoryConfigurationExtensionSupport - Spring Data Redis - Could not safely identify store assignment for repository candidate interface com.yts.revaux.ntQuote.repository.QuoteMachineSetupRepository; If you want this repository to be a Redis repository, consider annotating your entities with one of these annotations: org.springframework.data.redis.core.RedisHash (preferred), or consider extending one of the following types with your repository: org.springframework.data.keyvalue.repository.KeyValueRepository
2025-03-06 17:50:02 [restartedMain] INFO  o.s.d.r.c.RepositoryConfigurationExtensionSupport - Spring Data Redis - Could not safely identify store assignment for repository candidate interface com.yts.revaux.ntQuote.repository.QuoteMaterialMarkupRepository; If you want this repository to be a Redis repository, consider annotating your entities with one of these annotations: org.springframework.data.redis.core.RedisHash (preferred), or consider extending one of the following types with your repository: org.springframework.data.keyvalue.repository.KeyValueRepository
2025-03-06 17:50:02 [restartedMain] INFO  o.s.d.r.c.RepositoryConfigurationExtensionSupport - Spring Data Redis - Could not safely identify store assignment for repository candidate interface com.yts.revaux.ntQuote.repository.QuoteProfitRepository; If you want this repository to be a Redis repository, consider annotating your entities with one of these annotations: org.springframework.data.redis.core.RedisHash (preferred), or consider extending one of the following types with your repository: org.springframework.data.keyvalue.repository.KeyValueRepository
2025-03-06 17:50:02 [restartedMain] INFO  o.s.d.r.c.RepositoryConfigurationExtensionSupport - Spring Data Redis - Could not safely identify store assignment for repository candidate interface com.yts.revaux.ntQuote.repository.QuoteScrapRateRepository; If you want this repository to be a Redis repository, consider annotating your entities with one of these annotations: org.springframework.data.redis.core.RedisHash (preferred), or consider extending one of the following types with your repository: org.springframework.data.keyvalue.repository.KeyValueRepository
2025-03-06 17:50:02 [restartedMain] INFO  o.s.d.r.c.RepositoryConfigurationExtensionSupport - Spring Data Redis - Could not safely identify store assignment for repository candidate interface com.yts.revaux.ntQuote.repository.QuoteSgaRateRepository; If you want this repository to be a Redis repository, consider annotating your entities with one of these annotations: org.springframework.data.redis.core.RedisHash (preferred), or consider extending one of the following types with your repository: org.springframework.data.keyvalue.repository.KeyValueRepository
2025-03-06 17:50:02 [restartedMain] INFO  o.s.d.r.c.RepositoryConfigurationDelegate - Finished Spring Data repository scanning in 2 ms. Found 0 Redis repository interfaces.
2025-03-06 17:50:02 [restartedMain] INFO  o.s.b.w.e.tomcat.TomcatWebServer - Tomcat initialized with port 8080 (http)
2025-03-06 17:50:02 [restartedMain] INFO  o.a.coyote.http11.Http11NioProtocol - Initializing ProtocolHandler ["http-nio-8080"]
2025-03-06 17:50:02 [restartedMain] INFO  o.a.catalina.core.StandardService - Starting service [Tomcat]
2025-03-06 17:50:02 [restartedMain] INFO  o.a.catalina.core.StandardEngine - Starting Servlet engine: [Apache Tomcat/10.1.36]
2025-03-06 17:50:02 [restartedMain] INFO  o.a.c.c.C.[.[localhost].[/rev-aux] - Initializing Spring embedded WebApplicationContext
2025-03-06 17:50:02 [restartedMain] INFO  o.s.b.w.s.c.ServletWebServerApplicationContext - Root WebApplicationContext: initialization completed in 192 ms
2025-03-06 17:50:02 [restartedMain] INFO  o.h.jpa.internal.util.LogHelper - HHH000204: Processing PersistenceUnitInfo [name: default]
2025-03-06 17:50:02 [restartedMain] INFO  o.h.c.i.RegionFactoryInitiator - HHH000026: Second-level cache disabled
2025-03-06 17:50:02 [restartedMain] INFO  o.s.o.j.p.SpringPersistenceUnitInfo - No LoadTimeWeaver setup: ignoring JPA class transformer
2025-03-06 17:50:02 [restartedMain] INFO  com.zaxxer.hikari.HikariDataSource - HikariPool-3 - Starting...
2025-03-06 17:50:02 [restartedMain] INFO  com.zaxxer.hikari.pool.HikariPool - HikariPool-3 - Added connection org.postgresql.jdbc.PgConnection@474841dd
2025-03-06 17:50:02 [restartedMain] INFO  com.zaxxer.hikari.HikariDataSource - HikariPool-3 - Start completed.
2025-03-06 17:50:02 [restartedMain] INFO  o.hibernate.orm.connections.pooling - HHH10001005: Database info:
	Database JDBC URL [Connecting through datasource 'HikariDataSource (HikariPool-3)']
	Database driver: undefined/unknown
	Database version: 14.17
	Autocommit mode: undefined/unknown
	Isolation level: undefined/unknown
	Minimum pool size: undefined/unknown
	Maximum pool size: undefined/unknown
2025-03-06 17:50:02 [restartedMain] INFO  o.h.e.t.j.p.i.JtaPlatformInitiator - HHH000489: No JTA platform available (set 'hibernate.transaction.jta.platform' to enable JTA platform integration)
2025-03-06 17:50:04 [restartedMain] INFO  o.s.o.j.LocalContainerEntityManagerFactoryBean - Initialized JPA EntityManagerFactory for persistence unit 'default'
2025-03-06 17:50:04 [restartedMain] WARN  o.s.b.a.o.j.JpaBaseConfiguration$JpaWebConfiguration - spring.jpa.open-in-view is enabled by default. Therefore, database queries may be performed during view rendering. Explicitly configure spring.jpa.open-in-view to disable this warning
2025-03-06 17:50:04 [restartedMain] INFO  o.s.s.c.a.a.c.InitializeUserDetailsBeanManagerConfigurer$InitializeUserDetailsManagerConfigurer - Global AuthenticationManager configured with UserDetailsService bean with name customUserDetailsService
2025-03-06 17:50:04 [restartedMain] INFO  o.s.b.d.a.OptionalLiveReloadServer - LiveReload server is running on port 35729
2025-03-06 17:50:04 [restartedMain] INFO  o.a.coyote.http11.Http11NioProtocol - Starting ProtocolHandler ["http-nio-8080"]
2025-03-06 17:50:04 [restartedMain] INFO  o.s.b.w.e.tomcat.TomcatWebServer - Tomcat started on port 8080 (http) with context path '/rev-aux'
2025-03-06 17:50:04 [restartedMain] INFO  com.yts.revaux.RevAuxApplication - Started RevAuxApplication in 2.516 seconds (process running for 1348.88)
2025-03-06 17:50:04 [restartedMain] INFO  o.s.b.d.a.ConditionEvaluationDeltaLoggingListener - Condition evaluation unchanged
2025-03-06 17:50:04 [http-nio-8080-exec-1] INFO  o.a.c.c.C.[.[localhost].[/rev-aux] - Initializing Spring DispatcherServlet 'dispatcherServlet'
2025-03-06 17:50:04 [http-nio-8080-exec-1] INFO  o.s.web.servlet.DispatcherServlet - Initializing Servlet 'dispatcherServlet'
2025-03-06 17:50:04 [http-nio-8080-exec-1] INFO  o.s.web.servlet.DispatcherServlet - Completed initialization in 1 ms
2025-03-06 17:50:04 [http-nio-8080-exec-1] WARN  c.y.r.config.JwtAuthenticationFilter - ❌ No valid JWT token found in cookies!
2025-03-06 17:50:04 [http-nio-8080-exec-5] WARN  c.y.r.config.JwtAuthenticationFilter - ❌ No valid JWT token found in cookies!
2025-03-06 17:50:04 [http-nio-8080-exec-3] WARN  c.y.r.config.JwtAuthenticationFilter - ❌ No valid JWT token found in cookies!
2025-03-06 17:50:04 [http-nio-8080-exec-4] WARN  c.y.r.config.JwtAuthenticationFilter - ❌ No valid JWT token found in cookies!
2025-03-06 17:50:04 [http-nio-8080-exec-2] WARN  c.y.r.config.JwtAuthenticationFilter - ❌ No valid JWT token found in cookies!
2025-03-06 17:50:04 [http-nio-8080-exec-7] WARN  c.y.r.config.JwtAuthenticationFilter - ❌ No valid JWT token found in cookies!
2025-03-06 17:50:04 [http-nio-8080-exec-6] WARN  c.y.r.config.JwtAuthenticationFilter - ❌ No valid JWT token found in cookies!
2025-03-06 17:50:04 [http-nio-8080-exec-8] WARN  c.y.r.config.JwtAuthenticationFilter - ❌ No valid JWT token found in cookies!
2025-03-06 17:50:04 [http-nio-8080-exec-9] WARN  c.y.r.config.JwtAuthenticationFilter - ❌ No valid JWT token found in cookies!
2025-03-06 17:50:04 [http-nio-8080-exec-10] WARN  c.y.r.config.JwtAuthenticationFilter - ❌ No valid JWT token found in cookies!
2025-03-06 17:55:33 [File Watcher] INFO  o.s.b.d.a.LocalDevToolsAutoConfiguration$RestartingClassPathChangeChangedEventListener - Restarting due to 1 class path change (0 additions, 0 deletions, 1 modification)
2025-03-06 17:55:33 [Thread-21] INFO  o.s.b.w.e.tomcat.GracefulShutdown - Commencing graceful shutdown. Waiting for active requests to complete
2025-03-06 17:55:33 [tomcat-shutdown] INFO  o.a.coyote.http11.Http11NioProtocol - Pausing ProtocolHandler ["http-nio-8080"]
2025-03-06 17:55:33 [tomcat-shutdown] INFO  o.s.b.w.e.tomcat.GracefulShutdown - Graceful shutdown complete
2025-03-06 17:55:33 [Thread-21] INFO  o.a.coyote.http11.Http11NioProtocol - Stopping ProtocolHandler ["http-nio-8080"]
2025-03-06 17:55:33 [Thread-21] INFO  o.s.o.j.LocalContainerEntityManagerFactoryBean - Closing JPA EntityManagerFactory for persistence unit 'default'
2025-03-06 17:55:33 [Thread-21] INFO  com.zaxxer.hikari.HikariDataSource - HikariPool-3 - Shutdown initiated...
2025-03-06 17:55:33 [Thread-21] INFO  com.zaxxer.hikari.HikariDataSource - HikariPool-3 - Shutdown completed.
2025-03-06 17:55:33 [restartedMain] INFO  com.yts.revaux.RevAuxApplication - Starting RevAuxApplication using Java 21.0.5 with PID 63896 (/home/yts125/Desktop/LatestNtQuote_March6/rev-aux/target/classes started by yts125 in /home/yts125/Desktop/LatestNtQuote_March6/rev-aux)
2025-03-06 17:55:33 [restartedMain] INFO  com.yts.revaux.RevAuxApplication - The following 1 profile is active: "dev"
2025-03-06 17:55:33 [restartedMain] INFO  o.s.d.r.c.RepositoryConfigurationDelegate - Multiple Spring Data modules found, entering strict repository configuration mode
2025-03-06 17:55:33 [restartedMain] INFO  o.s.d.r.c.RepositoryConfigurationDelegate - Bootstrapping Spring Data JDBC repositories in DEFAULT mode.
2025-03-06 17:55:33 [restartedMain] INFO  o.s.d.r.c.RepositoryConfigurationExtensionSupport - Spring Data JDBC - Could not safely identify store assignment for repository candidate interface com.yts.revaux.admin.repository.AdminRepository; If you want this repository to be a JDBC repository, consider annotating your entities with one of these annotations: org.springframework.data.relational.core.mapping.Table.
2025-03-06 17:55:33 [restartedMain] INFO  o.s.d.r.c.RepositoryConfigurationExtensionSupport - Spring Data JDBC - Could not safely identify store assignment for repository candidate interface com.yts.revaux.admin.repository.UserRepository; If you want this repository to be a JDBC repository, consider annotating your entities with one of these annotations: org.springframework.data.relational.core.mapping.Table.
2025-03-06 17:55:33 [restartedMain] INFO  o.s.d.r.c.RepositoryConfigurationExtensionSupport - Spring Data JDBC - Could not safely identify store assignment for repository candidate interface com.yts.revaux.ntQuote.repository.NTQuoteListRepository; If you want this repository to be a JDBC repository, consider annotating your entities with one of these annotations: org.springframework.data.relational.core.mapping.Table.
2025-03-06 17:55:33 [restartedMain] INFO  o.s.d.r.c.RepositoryConfigurationExtensionSupport - Spring Data JDBC - Could not safely identify store assignment for repository candidate interface com.yts.revaux.ntQuote.repository.NtQuoteComponentDetailRepository; If you want this repository to be a JDBC repository, consider annotating your entities with one of these annotations: org.springframework.data.relational.core.mapping.Table.
2025-03-06 17:55:33 [restartedMain] INFO  o.s.d.r.c.RepositoryConfigurationExtensionSupport - Spring Data JDBC - Could not safely identify store assignment for repository candidate interface com.yts.revaux.ntQuote.repository.NtQuoteContactReviewInformationRepository; If you want this repository to be a JDBC repository, consider annotating your entities with one of these annotations: org.springframework.data.relational.core.mapping.Table.
2025-03-06 17:55:33 [restartedMain] INFO  o.s.d.r.c.RepositoryConfigurationExtensionSupport - Spring Data JDBC - Could not safely identify store assignment for repository candidate interface com.yts.revaux.ntQuote.repository.NtQuoteCostOverviewCustomerInputOutputRepository; If you want this repository to be a JDBC repository, consider annotating your entities with one of these annotations: org.springframework.data.relational.core.mapping.Table.
2025-03-06 17:55:33 [restartedMain] INFO  o.s.d.r.c.RepositoryConfigurationExtensionSupport - Spring Data JDBC - Could not safely identify store assignment for repository candidate interface com.yts.revaux.ntQuote.repository.NtQuoteCustomerProjectRepository; If you want this repository to be a JDBC repository, consider annotating your entities with one of these annotations: org.springframework.data.relational.core.mapping.Table.
2025-03-06 17:55:33 [restartedMain] INFO  o.s.d.r.c.RepositoryConfigurationExtensionSupport - Spring Data JDBC - Could not safely identify store assignment for repository candidate interface com.yts.revaux.ntQuote.repository.NtQuoteProjectConsiderationRepository; If you want this repository to be a JDBC repository, consider annotating your entities with one of these annotations: org.springframework.data.relational.core.mapping.Table.
2025-03-06 17:55:33 [restartedMain] INFO  o.s.d.r.c.RepositoryConfigurationExtensionSupport - Spring Data JDBC - Could not safely identify store assignment for repository candidate interface com.yts.revaux.ntQuote.repository.NtQuoteProjectEstimatedTimingRepository; If you want this repository to be a JDBC repository, consider annotating your entities with one of these annotations: org.springframework.data.relational.core.mapping.Table.
2025-03-06 17:55:33 [restartedMain] INFO  o.s.d.r.c.RepositoryConfigurationExtensionSupport - Spring Data JDBC - Could not safely identify store assignment for repository candidate interface com.yts.revaux.ntQuote.repository.QuoteLabourRateRepository; If you want this repository to be a JDBC repository, consider annotating your entities with one of these annotations: org.springframework.data.relational.core.mapping.Table.
2025-03-06 17:55:33 [restartedMain] INFO  o.s.d.r.c.RepositoryConfigurationExtensionSupport - Spring Data JDBC - Could not safely identify store assignment for repository candidate interface com.yts.revaux.ntQuote.repository.QuoteMachineEfficiencyRepository; If you want this repository to be a JDBC repository, consider annotating your entities with one of these annotations: org.springframework.data.relational.core.mapping.Table.
2025-03-06 17:55:33 [restartedMain] INFO  o.s.d.r.c.RepositoryConfigurationExtensionSupport - Spring Data JDBC - Could not safely identify store assignment for repository candidate interface com.yts.revaux.ntQuote.repository.QuoteMachineSetupRepository; If you want this repository to be a JDBC repository, consider annotating your entities with one of these annotations: org.springframework.data.relational.core.mapping.Table.
2025-03-06 17:55:33 [restartedMain] INFO  o.s.d.r.c.RepositoryConfigurationExtensionSupport - Spring Data JDBC - Could not safely identify store assignment for repository candidate interface com.yts.revaux.ntQuote.repository.QuoteMaterialMarkupRepository; If you want this repository to be a JDBC repository, consider annotating your entities with one of these annotations: org.springframework.data.relational.core.mapping.Table.
2025-03-06 17:55:33 [restartedMain] INFO  o.s.d.r.c.RepositoryConfigurationExtensionSupport - Spring Data JDBC - Could not safely identify store assignment for repository candidate interface com.yts.revaux.ntQuote.repository.QuoteProfitRepository; If you want this repository to be a JDBC repository, consider annotating your entities with one of these annotations: org.springframework.data.relational.core.mapping.Table.
2025-03-06 17:55:33 [restartedMain] INFO  o.s.d.r.c.RepositoryConfigurationExtensionSupport - Spring Data JDBC - Could not safely identify store assignment for repository candidate interface com.yts.revaux.ntQuote.repository.QuoteScrapRateRepository; If you want this repository to be a JDBC repository, consider annotating your entities with one of these annotations: org.springframework.data.relational.core.mapping.Table.
2025-03-06 17:55:33 [restartedMain] INFO  o.s.d.r.c.RepositoryConfigurationExtensionSupport - Spring Data JDBC - Could not safely identify store assignment for repository candidate interface com.yts.revaux.ntQuote.repository.QuoteSgaRateRepository; If you want this repository to be a JDBC repository, consider annotating your entities with one of these annotations: org.springframework.data.relational.core.mapping.Table.
2025-03-06 17:55:33 [restartedMain] INFO  o.s.d.r.c.RepositoryConfigurationDelegate - Finished Spring Data repository scanning in 12 ms. Found 0 JDBC repository interfaces.
2025-03-06 17:55:33 [restartedMain] INFO  o.s.d.r.c.RepositoryConfigurationDelegate - Multiple Spring Data modules found, entering strict repository configuration mode
2025-03-06 17:55:33 [restartedMain] INFO  o.s.d.r.c.RepositoryConfigurationDelegate - Bootstrapping Spring Data JPA repositories in DEFAULT mode.
2025-03-06 17:55:33 [restartedMain] INFO  o.s.d.r.c.RepositoryConfigurationDelegate - Finished Spring Data repository scanning in 16 ms. Found 16 JPA repository interfaces.
2025-03-06 17:55:33 [restartedMain] INFO  o.s.d.r.c.RepositoryConfigurationDelegate - Multiple Spring Data modules found, entering strict repository configuration mode
2025-03-06 17:55:33 [restartedMain] INFO  o.s.d.r.c.RepositoryConfigurationDelegate - Bootstrapping Spring Data Redis repositories in DEFAULT mode.
2025-03-06 17:55:33 [restartedMain] INFO  o.s.d.r.c.RepositoryConfigurationExtensionSupport - Spring Data Redis - Could not safely identify store assignment for repository candidate interface com.yts.revaux.admin.repository.AdminRepository; If you want this repository to be a Redis repository, consider annotating your entities with one of these annotations: org.springframework.data.redis.core.RedisHash (preferred), or consider extending one of the following types with your repository: org.springframework.data.keyvalue.repository.KeyValueRepository
2025-03-06 17:55:33 [restartedMain] INFO  o.s.d.r.c.RepositoryConfigurationExtensionSupport - Spring Data Redis - Could not safely identify store assignment for repository candidate interface com.yts.revaux.admin.repository.UserRepository; If you want this repository to be a Redis repository, consider annotating your entities with one of these annotations: org.springframework.data.redis.core.RedisHash (preferred), or consider extending one of the following types with your repository: org.springframework.data.keyvalue.repository.KeyValueRepository
2025-03-06 17:55:33 [restartedMain] INFO  o.s.d.r.c.RepositoryConfigurationExtensionSupport - Spring Data Redis - Could not safely identify store assignment for repository candidate interface com.yts.revaux.ntQuote.repository.NTQuoteListRepository; If you want this repository to be a Redis repository, consider annotating your entities with one of these annotations: org.springframework.data.redis.core.RedisHash (preferred), or consider extending one of the following types with your repository: org.springframework.data.keyvalue.repository.KeyValueRepository
2025-03-06 17:55:33 [restartedMain] INFO  o.s.d.r.c.RepositoryConfigurationExtensionSupport - Spring Data Redis - Could not safely identify store assignment for repository candidate interface com.yts.revaux.ntQuote.repository.NtQuoteComponentDetailRepository; If you want this repository to be a Redis repository, consider annotating your entities with one of these annotations: org.springframework.data.redis.core.RedisHash (preferred), or consider extending one of the following types with your repository: org.springframework.data.keyvalue.repository.KeyValueRepository
2025-03-06 17:55:33 [restartedMain] INFO  o.s.d.r.c.RepositoryConfigurationExtensionSupport - Spring Data Redis - Could not safely identify store assignment for repository candidate interface com.yts.revaux.ntQuote.repository.NtQuoteContactReviewInformationRepository; If you want this repository to be a Redis repository, consider annotating your entities with one of these annotations: org.springframework.data.redis.core.RedisHash (preferred), or consider extending one of the following types with your repository: org.springframework.data.keyvalue.repository.KeyValueRepository
2025-03-06 17:55:33 [restartedMain] INFO  o.s.d.r.c.RepositoryConfigurationExtensionSupport - Spring Data Redis - Could not safely identify store assignment for repository candidate interface com.yts.revaux.ntQuote.repository.NtQuoteCostOverviewCustomerInputOutputRepository; If you want this repository to be a Redis repository, consider annotating your entities with one of these annotations: org.springframework.data.redis.core.RedisHash (preferred), or consider extending one of the following types with your repository: org.springframework.data.keyvalue.repository.KeyValueRepository
2025-03-06 17:55:33 [restartedMain] INFO  o.s.d.r.c.RepositoryConfigurationExtensionSupport - Spring Data Redis - Could not safely identify store assignment for repository candidate interface com.yts.revaux.ntQuote.repository.NtQuoteCustomerProjectRepository; If you want this repository to be a Redis repository, consider annotating your entities with one of these annotations: org.springframework.data.redis.core.RedisHash (preferred), or consider extending one of the following types with your repository: org.springframework.data.keyvalue.repository.KeyValueRepository
2025-03-06 17:55:33 [restartedMain] INFO  o.s.d.r.c.RepositoryConfigurationExtensionSupport - Spring Data Redis - Could not safely identify store assignment for repository candidate interface com.yts.revaux.ntQuote.repository.NtQuoteProjectConsiderationRepository; If you want this repository to be a Redis repository, consider annotating your entities with one of these annotations: org.springframework.data.redis.core.RedisHash (preferred), or consider extending one of the following types with your repository: org.springframework.data.keyvalue.repository.KeyValueRepository
2025-03-06 17:55:33 [restartedMain] INFO  o.s.d.r.c.RepositoryConfigurationExtensionSupport - Spring Data Redis - Could not safely identify store assignment for repository candidate interface com.yts.revaux.ntQuote.repository.NtQuoteProjectEstimatedTimingRepository; If you want this repository to be a Redis repository, consider annotating your entities with one of these annotations: org.springframework.data.redis.core.RedisHash (preferred), or consider extending one of the following types with your repository: org.springframework.data.keyvalue.repository.KeyValueRepository
2025-03-06 17:55:33 [restartedMain] INFO  o.s.d.r.c.RepositoryConfigurationExtensionSupport - Spring Data Redis - Could not safely identify store assignment for repository candidate interface com.yts.revaux.ntQuote.repository.QuoteLabourRateRepository; If you want this repository to be a Redis repository, consider annotating your entities with one of these annotations: org.springframework.data.redis.core.RedisHash (preferred), or consider extending one of the following types with your repository: org.springframework.data.keyvalue.repository.KeyValueRepository
2025-03-06 17:55:33 [restartedMain] INFO  o.s.d.r.c.RepositoryConfigurationExtensionSupport - Spring Data Redis - Could not safely identify store assignment for repository candidate interface com.yts.revaux.ntQuote.repository.QuoteMachineEfficiencyRepository; If you want this repository to be a Redis repository, consider annotating your entities with one of these annotations: org.springframework.data.redis.core.RedisHash (preferred), or consider extending one of the following types with your repository: org.springframework.data.keyvalue.repository.KeyValueRepository
2025-03-06 17:55:33 [restartedMain] INFO  o.s.d.r.c.RepositoryConfigurationExtensionSupport - Spring Data Redis - Could not safely identify store assignment for repository candidate interface com.yts.revaux.ntQuote.repository.QuoteMachineSetupRepository; If you want this repository to be a Redis repository, consider annotating your entities with one of these annotations: org.springframework.data.redis.core.RedisHash (preferred), or consider extending one of the following types with your repository: org.springframework.data.keyvalue.repository.KeyValueRepository
2025-03-06 17:55:33 [restartedMain] INFO  o.s.d.r.c.RepositoryConfigurationExtensionSupport - Spring Data Redis - Could not safely identify store assignment for repository candidate interface com.yts.revaux.ntQuote.repository.QuoteMaterialMarkupRepository; If you want this repository to be a Redis repository, consider annotating your entities with one of these annotations: org.springframework.data.redis.core.RedisHash (preferred), or consider extending one of the following types with your repository: org.springframework.data.keyvalue.repository.KeyValueRepository
2025-03-06 17:55:33 [restartedMain] INFO  o.s.d.r.c.RepositoryConfigurationExtensionSupport - Spring Data Redis - Could not safely identify store assignment for repository candidate interface com.yts.revaux.ntQuote.repository.QuoteProfitRepository; If you want this repository to be a Redis repository, consider annotating your entities with one of these annotations: org.springframework.data.redis.core.RedisHash (preferred), or consider extending one of the following types with your repository: org.springframework.data.keyvalue.repository.KeyValueRepository
2025-03-06 17:55:33 [restartedMain] INFO  o.s.d.r.c.RepositoryConfigurationExtensionSupport - Spring Data Redis - Could not safely identify store assignment for repository candidate interface com.yts.revaux.ntQuote.repository.QuoteScrapRateRepository; If you want this repository to be a Redis repository, consider annotating your entities with one of these annotations: org.springframework.data.redis.core.RedisHash (preferred), or consider extending one of the following types with your repository: org.springframework.data.keyvalue.repository.KeyValueRepository
2025-03-06 17:55:33 [restartedMain] INFO  o.s.d.r.c.RepositoryConfigurationExtensionSupport - Spring Data Redis - Could not safely identify store assignment for repository candidate interface com.yts.revaux.ntQuote.repository.QuoteSgaRateRepository; If you want this repository to be a Redis repository, consider annotating your entities with one of these annotations: org.springframework.data.redis.core.RedisHash (preferred), or consider extending one of the following types with your repository: org.springframework.data.keyvalue.repository.KeyValueRepository
2025-03-06 17:55:33 [restartedMain] INFO  o.s.d.r.c.RepositoryConfigurationDelegate - Finished Spring Data repository scanning in 3 ms. Found 0 Redis repository interfaces.
2025-03-06 17:55:33 [restartedMain] INFO  o.s.b.w.e.tomcat.TomcatWebServer - Tomcat initialized with port 8080 (http)
2025-03-06 17:55:33 [restartedMain] INFO  o.a.coyote.http11.Http11NioProtocol - Initializing ProtocolHandler ["http-nio-8080"]
2025-03-06 17:55:33 [restartedMain] INFO  o.a.catalina.core.StandardService - Starting service [Tomcat]
2025-03-06 17:55:33 [restartedMain] INFO  o.a.catalina.core.StandardEngine - Starting Servlet engine: [Apache Tomcat/10.1.36]
2025-03-06 17:55:33 [restartedMain] INFO  o.a.c.c.C.[.[localhost].[/rev-aux] - Initializing Spring embedded WebApplicationContext
2025-03-06 17:55:33 [restartedMain] INFO  o.s.b.w.s.c.ServletWebServerApplicationContext - Root WebApplicationContext: initialization completed in 297 ms
2025-03-06 17:55:33 [restartedMain] INFO  o.h.jpa.internal.util.LogHelper - HHH000204: Processing PersistenceUnitInfo [name: default]
2025-03-06 17:55:33 [restartedMain] INFO  o.h.c.i.RegionFactoryInitiator - HHH000026: Second-level cache disabled
2025-03-06 17:55:33 [restartedMain] INFO  o.s.o.j.p.SpringPersistenceUnitInfo - No LoadTimeWeaver setup: ignoring JPA class transformer
2025-03-06 17:55:33 [restartedMain] INFO  com.zaxxer.hikari.HikariDataSource - HikariPool-4 - Starting...
2025-03-06 17:55:33 [restartedMain] INFO  com.zaxxer.hikari.pool.HikariPool - HikariPool-4 - Added connection org.postgresql.jdbc.PgConnection@52cb2870
2025-03-06 17:55:33 [restartedMain] INFO  com.zaxxer.hikari.HikariDataSource - HikariPool-4 - Start completed.
2025-03-06 17:55:33 [restartedMain] INFO  o.hibernate.orm.connections.pooling - HHH10001005: Database info:
	Database JDBC URL [Connecting through datasource 'HikariDataSource (HikariPool-4)']
	Database driver: undefined/unknown
	Database version: 14.17
	Autocommit mode: undefined/unknown
	Isolation level: undefined/unknown
	Minimum pool size: undefined/unknown
	Maximum pool size: undefined/unknown
2025-03-06 17:55:34 [restartedMain] INFO  o.h.e.t.j.p.i.JtaPlatformInitiator - HHH000489: No JTA platform available (set 'hibernate.transaction.jta.platform' to enable JTA platform integration)
2025-03-06 17:55:35 [restartedMain] INFO  o.s.o.j.LocalContainerEntityManagerFactoryBean - Initialized JPA EntityManagerFactory for persistence unit 'default'
2025-03-06 17:55:35 [restartedMain] WARN  o.s.b.a.o.j.JpaBaseConfiguration$JpaWebConfiguration - spring.jpa.open-in-view is enabled by default. Therefore, database queries may be performed during view rendering. Explicitly configure spring.jpa.open-in-view to disable this warning
2025-03-06 17:55:35 [restartedMain] INFO  o.s.s.c.a.a.c.InitializeUserDetailsBeanManagerConfigurer$InitializeUserDetailsManagerConfigurer - Global AuthenticationManager configured with UserDetailsService bean with name customUserDetailsService
2025-03-06 17:55:35 [restartedMain] INFO  o.s.b.d.a.OptionalLiveReloadServer - LiveReload server is running on port 35729
2025-03-06 17:55:35 [restartedMain] INFO  o.a.coyote.http11.Http11NioProtocol - Starting ProtocolHandler ["http-nio-8080"]
2025-03-06 17:55:35 [restartedMain] INFO  o.s.b.w.e.tomcat.TomcatWebServer - Tomcat started on port 8080 (http) with context path '/rev-aux'
2025-03-06 17:55:35 [restartedMain] INFO  com.yts.revaux.RevAuxApplication - Started RevAuxApplication in 2.305 seconds (process running for 1679.863)
2025-03-06 17:55:35 [restartedMain] INFO  o.s.b.d.a.ConditionEvaluationDeltaLoggingListener - Condition evaluation unchanged
2025-03-06 17:55:35 [http-nio-8080-exec-1] INFO  o.a.c.c.C.[.[localhost].[/rev-aux] - Initializing Spring DispatcherServlet 'dispatcherServlet'
2025-03-06 17:55:35 [http-nio-8080-exec-1] INFO  o.s.web.servlet.DispatcherServlet - Initializing Servlet 'dispatcherServlet'
2025-03-06 17:55:35 [http-nio-8080-exec-1] INFO  o.s.web.servlet.DispatcherServlet - Completed initialization in 1 ms
2025-03-06 17:55:35 [http-nio-8080-exec-1] WARN  c.y.r.config.JwtAuthenticationFilter - ❌ No valid JWT token found in cookies!
2025-03-06 17:55:35 [http-nio-8080-exec-3] WARN  c.y.r.config.JwtAuthenticationFilter - ❌ No valid JWT token found in cookies!
2025-03-06 17:55:35 [http-nio-8080-exec-5] WARN  c.y.r.config.JwtAuthenticationFilter - ❌ No valid JWT token found in cookies!
2025-03-06 17:55:35 [http-nio-8080-exec-4] WARN  c.y.r.config.JwtAuthenticationFilter - ❌ No valid JWT token found in cookies!
2025-03-06 17:55:35 [http-nio-8080-exec-2] WARN  c.y.r.config.JwtAuthenticationFilter - ❌ No valid JWT token found in cookies!
2025-03-06 17:55:35 [http-nio-8080-exec-6] WARN  c.y.r.config.JwtAuthenticationFilter - ❌ No valid JWT token found in cookies!
2025-03-06 17:55:35 [http-nio-8080-exec-8] WARN  c.y.r.config.JwtAuthenticationFilter - ❌ No valid JWT token found in cookies!
2025-03-06 17:55:35 [http-nio-8080-exec-7] WARN  c.y.r.config.JwtAuthenticationFilter - ❌ No valid JWT token found in cookies!
2025-03-06 17:55:35 [http-nio-8080-exec-9] WARN  c.y.r.config.JwtAuthenticationFilter - ❌ No valid JWT token found in cookies!
2025-03-06 17:55:35 [http-nio-8080-exec-10] WARN  c.y.r.config.JwtAuthenticationFilter - ❌ No valid JWT token found in cookies!
2025-03-06 17:55:55 [File Watcher] INFO  o.s.b.d.a.LocalDevToolsAutoConfiguration$RestartingClassPathChangeChangedEventListener - Restarting due to 1 class path change (0 additions, 0 deletions, 1 modification)
2025-03-06 17:55:55 [Thread-25] INFO  o.s.b.w.e.tomcat.GracefulShutdown - Commencing graceful shutdown. Waiting for active requests to complete
2025-03-06 17:55:55 [tomcat-shutdown] INFO  o.a.coyote.http11.Http11NioProtocol - Pausing ProtocolHandler ["http-nio-8080"]
2025-03-06 17:55:55 [tomcat-shutdown] INFO  o.s.b.w.e.tomcat.GracefulShutdown - Graceful shutdown complete
2025-03-06 17:55:55 [Thread-25] INFO  o.a.coyote.http11.Http11NioProtocol - Stopping ProtocolHandler ["http-nio-8080"]
2025-03-06 17:55:55 [Thread-25] INFO  o.s.o.j.LocalContainerEntityManagerFactoryBean - Closing JPA EntityManagerFactory for persistence unit 'default'
2025-03-06 17:55:55 [Thread-25] INFO  com.zaxxer.hikari.HikariDataSource - HikariPool-4 - Shutdown initiated...
2025-03-06 17:55:55 [Thread-25] INFO  com.zaxxer.hikari.HikariDataSource - HikariPool-4 - Shutdown completed.
2025-03-06 17:55:55 [restartedMain] INFO  com.yts.revaux.RevAuxApplication - Starting RevAuxApplication using Java 21.0.5 with PID 63896 (/home/yts125/Desktop/LatestNtQuote_March6/rev-aux/target/classes started by yts125 in /home/yts125/Desktop/LatestNtQuote_March6/rev-aux)
2025-03-06 17:55:55 [restartedMain] INFO  com.yts.revaux.RevAuxApplication - The following 1 profile is active: "dev"
2025-03-06 17:55:55 [restartedMain] INFO  o.s.d.r.c.RepositoryConfigurationDelegate - Multiple Spring Data modules found, entering strict repository configuration mode
2025-03-06 17:55:55 [restartedMain] INFO  o.s.d.r.c.RepositoryConfigurationDelegate - Bootstrapping Spring Data JDBC repositories in DEFAULT mode.
2025-03-06 17:55:55 [restartedMain] INFO  o.s.d.r.c.RepositoryConfigurationExtensionSupport - Spring Data JDBC - Could not safely identify store assignment for repository candidate interface com.yts.revaux.admin.repository.AdminRepository; If you want this repository to be a JDBC repository, consider annotating your entities with one of these annotations: org.springframework.data.relational.core.mapping.Table.
2025-03-06 17:55:55 [restartedMain] INFO  o.s.d.r.c.RepositoryConfigurationExtensionSupport - Spring Data JDBC - Could not safely identify store assignment for repository candidate interface com.yts.revaux.admin.repository.UserRepository; If you want this repository to be a JDBC repository, consider annotating your entities with one of these annotations: org.springframework.data.relational.core.mapping.Table.
2025-03-06 17:55:55 [restartedMain] INFO  o.s.d.r.c.RepositoryConfigurationExtensionSupport - Spring Data JDBC - Could not safely identify store assignment for repository candidate interface com.yts.revaux.ntQuote.repository.NTQuoteListRepository; If you want this repository to be a JDBC repository, consider annotating your entities with one of these annotations: org.springframework.data.relational.core.mapping.Table.
2025-03-06 17:55:55 [restartedMain] INFO  o.s.d.r.c.RepositoryConfigurationExtensionSupport - Spring Data JDBC - Could not safely identify store assignment for repository candidate interface com.yts.revaux.ntQuote.repository.NtQuoteComponentDetailRepository; If you want this repository to be a JDBC repository, consider annotating your entities with one of these annotations: org.springframework.data.relational.core.mapping.Table.
2025-03-06 17:55:55 [restartedMain] INFO  o.s.d.r.c.RepositoryConfigurationExtensionSupport - Spring Data JDBC - Could not safely identify store assignment for repository candidate interface com.yts.revaux.ntQuote.repository.NtQuoteContactReviewInformationRepository; If you want this repository to be a JDBC repository, consider annotating your entities with one of these annotations: org.springframework.data.relational.core.mapping.Table.
2025-03-06 17:55:55 [restartedMain] INFO  o.s.d.r.c.RepositoryConfigurationExtensionSupport - Spring Data JDBC - Could not safely identify store assignment for repository candidate interface com.yts.revaux.ntQuote.repository.NtQuoteCostOverviewCustomerInputOutputRepository; If you want this repository to be a JDBC repository, consider annotating your entities with one of these annotations: org.springframework.data.relational.core.mapping.Table.
2025-03-06 17:55:55 [restartedMain] INFO  o.s.d.r.c.RepositoryConfigurationExtensionSupport - Spring Data JDBC - Could not safely identify store assignment for repository candidate interface com.yts.revaux.ntQuote.repository.NtQuoteCustomerProjectRepository; If you want this repository to be a JDBC repository, consider annotating your entities with one of these annotations: org.springframework.data.relational.core.mapping.Table.
2025-03-06 17:55:55 [restartedMain] INFO  o.s.d.r.c.RepositoryConfigurationExtensionSupport - Spring Data JDBC - Could not safely identify store assignment for repository candidate interface com.yts.revaux.ntQuote.repository.NtQuoteProjectConsiderationRepository; If you want this repository to be a JDBC repository, consider annotating your entities with one of these annotations: org.springframework.data.relational.core.mapping.Table.
2025-03-06 17:55:55 [restartedMain] INFO  o.s.d.r.c.RepositoryConfigurationExtensionSupport - Spring Data JDBC - Could not safely identify store assignment for repository candidate interface com.yts.revaux.ntQuote.repository.NtQuoteProjectEstimatedTimingRepository; If you want this repository to be a JDBC repository, consider annotating your entities with one of these annotations: org.springframework.data.relational.core.mapping.Table.
2025-03-06 17:55:55 [restartedMain] INFO  o.s.d.r.c.RepositoryConfigurationExtensionSupport - Spring Data JDBC - Could not safely identify store assignment for repository candidate interface com.yts.revaux.ntQuote.repository.QuoteLabourRateRepository; If you want this repository to be a JDBC repository, consider annotating your entities with one of these annotations: org.springframework.data.relational.core.mapping.Table.
2025-03-06 17:55:55 [restartedMain] INFO  o.s.d.r.c.RepositoryConfigurationExtensionSupport - Spring Data JDBC - Could not safely identify store assignment for repository candidate interface com.yts.revaux.ntQuote.repository.QuoteMachineEfficiencyRepository; If you want this repository to be a JDBC repository, consider annotating your entities with one of these annotations: org.springframework.data.relational.core.mapping.Table.
2025-03-06 17:55:55 [restartedMain] INFO  o.s.d.r.c.RepositoryConfigurationExtensionSupport - Spring Data JDBC - Could not safely identify store assignment for repository candidate interface com.yts.revaux.ntQuote.repository.QuoteMachineSetupRepository; If you want this repository to be a JDBC repository, consider annotating your entities with one of these annotations: org.springframework.data.relational.core.mapping.Table.
2025-03-06 17:55:55 [restartedMain] INFO  o.s.d.r.c.RepositoryConfigurationExtensionSupport - Spring Data JDBC - Could not safely identify store assignment for repository candidate interface com.yts.revaux.ntQuote.repository.QuoteMaterialMarkupRepository; If you want this repository to be a JDBC repository, consider annotating your entities with one of these annotations: org.springframework.data.relational.core.mapping.Table.
2025-03-06 17:55:55 [restartedMain] INFO  o.s.d.r.c.RepositoryConfigurationExtensionSupport - Spring Data JDBC - Could not safely identify store assignment for repository candidate interface com.yts.revaux.ntQuote.repository.QuoteProfitRepository; If you want this repository to be a JDBC repository, consider annotating your entities with one of these annotations: org.springframework.data.relational.core.mapping.Table.
2025-03-06 17:55:55 [restartedMain] INFO  o.s.d.r.c.RepositoryConfigurationExtensionSupport - Spring Data JDBC - Could not safely identify store assignment for repository candidate interface com.yts.revaux.ntQuote.repository.QuoteScrapRateRepository; If you want this repository to be a JDBC repository, consider annotating your entities with one of these annotations: org.springframework.data.relational.core.mapping.Table.
2025-03-06 17:55:55 [restartedMain] INFO  o.s.d.r.c.RepositoryConfigurationExtensionSupport - Spring Data JDBC - Could not safely identify store assignment for repository candidate interface com.yts.revaux.ntQuote.repository.QuoteSgaRateRepository; If you want this repository to be a JDBC repository, consider annotating your entities with one of these annotations: org.springframework.data.relational.core.mapping.Table.
2025-03-06 17:55:55 [restartedMain] INFO  o.s.d.r.c.RepositoryConfigurationDelegate - Finished Spring Data repository scanning in 8 ms. Found 0 JDBC repository interfaces.
2025-03-06 17:55:55 [restartedMain] INFO  o.s.d.r.c.RepositoryConfigurationDelegate - Multiple Spring Data modules found, entering strict repository configuration mode
2025-03-06 17:55:55 [restartedMain] INFO  o.s.d.r.c.RepositoryConfigurationDelegate - Bootstrapping Spring Data JPA repositories in DEFAULT mode.
2025-03-06 17:55:55 [restartedMain] INFO  o.s.d.r.c.RepositoryConfigurationDelegate - Finished Spring Data repository scanning in 13 ms. Found 16 JPA repository interfaces.
2025-03-06 17:55:55 [restartedMain] INFO  o.s.d.r.c.RepositoryConfigurationDelegate - Multiple Spring Data modules found, entering strict repository configuration mode
2025-03-06 17:55:55 [restartedMain] INFO  o.s.d.r.c.RepositoryConfigurationDelegate - Bootstrapping Spring Data Redis repositories in DEFAULT mode.
2025-03-06 17:55:55 [restartedMain] INFO  o.s.d.r.c.RepositoryConfigurationExtensionSupport - Spring Data Redis - Could not safely identify store assignment for repository candidate interface com.yts.revaux.admin.repository.AdminRepository; If you want this repository to be a Redis repository, consider annotating your entities with one of these annotations: org.springframework.data.redis.core.RedisHash (preferred), or consider extending one of the following types with your repository: org.springframework.data.keyvalue.repository.KeyValueRepository
2025-03-06 17:55:55 [restartedMain] INFO  o.s.d.r.c.RepositoryConfigurationExtensionSupport - Spring Data Redis - Could not safely identify store assignment for repository candidate interface com.yts.revaux.admin.repository.UserRepository; If you want this repository to be a Redis repository, consider annotating your entities with one of these annotations: org.springframework.data.redis.core.RedisHash (preferred), or consider extending one of the following types with your repository: org.springframework.data.keyvalue.repository.KeyValueRepository
2025-03-06 17:55:55 [restartedMain] INFO  o.s.d.r.c.RepositoryConfigurationExtensionSupport - Spring Data Redis - Could not safely identify store assignment for repository candidate interface com.yts.revaux.ntQuote.repository.NTQuoteListRepository; If you want this repository to be a Redis repository, consider annotating your entities with one of these annotations: org.springframework.data.redis.core.RedisHash (preferred), or consider extending one of the following types with your repository: org.springframework.data.keyvalue.repository.KeyValueRepository
2025-03-06 17:55:55 [restartedMain] INFO  o.s.d.r.c.RepositoryConfigurationExtensionSupport - Spring Data Redis - Could not safely identify store assignment for repository candidate interface com.yts.revaux.ntQuote.repository.NtQuoteComponentDetailRepository; If you want this repository to be a Redis repository, consider annotating your entities with one of these annotations: org.springframework.data.redis.core.RedisHash (preferred), or consider extending one of the following types with your repository: org.springframework.data.keyvalue.repository.KeyValueRepository
2025-03-06 17:55:55 [restartedMain] INFO  o.s.d.r.c.RepositoryConfigurationExtensionSupport - Spring Data Redis - Could not safely identify store assignment for repository candidate interface com.yts.revaux.ntQuote.repository.NtQuoteContactReviewInformationRepository; If you want this repository to be a Redis repository, consider annotating your entities with one of these annotations: org.springframework.data.redis.core.RedisHash (preferred), or consider extending one of the following types with your repository: org.springframework.data.keyvalue.repository.KeyValueRepository
2025-03-06 17:55:55 [restartedMain] INFO  o.s.d.r.c.RepositoryConfigurationExtensionSupport - Spring Data Redis - Could not safely identify store assignment for repository candidate interface com.yts.revaux.ntQuote.repository.NtQuoteCostOverviewCustomerInputOutputRepository; If you want this repository to be a Redis repository, consider annotating your entities with one of these annotations: org.springframework.data.redis.core.RedisHash (preferred), or consider extending one of the following types with your repository: org.springframework.data.keyvalue.repository.KeyValueRepository
2025-03-06 17:55:55 [restartedMain] INFO  o.s.d.r.c.RepositoryConfigurationExtensionSupport - Spring Data Redis - Could not safely identify store assignment for repository candidate interface com.yts.revaux.ntQuote.repository.NtQuoteCustomerProjectRepository; If you want this repository to be a Redis repository, consider annotating your entities with one of these annotations: org.springframework.data.redis.core.RedisHash (preferred), or consider extending one of the following types with your repository: org.springframework.data.keyvalue.repository.KeyValueRepository
2025-03-06 17:55:55 [restartedMain] INFO  o.s.d.r.c.RepositoryConfigurationExtensionSupport - Spring Data Redis - Could not safely identify store assignment for repository candidate interface com.yts.revaux.ntQuote.repository.NtQuoteProjectConsiderationRepository; If you want this repository to be a Redis repository, consider annotating your entities with one of these annotations: org.springframework.data.redis.core.RedisHash (preferred), or consider extending one of the following types with your repository: org.springframework.data.keyvalue.repository.KeyValueRepository
2025-03-06 17:55:55 [restartedMain] INFO  o.s.d.r.c.RepositoryConfigurationExtensionSupport - Spring Data Redis - Could not safely identify store assignment for repository candidate interface com.yts.revaux.ntQuote.repository.NtQuoteProjectEstimatedTimingRepository; If you want this repository to be a Redis repository, consider annotating your entities with one of these annotations: org.springframework.data.redis.core.RedisHash (preferred), or consider extending one of the following types with your repository: org.springframework.data.keyvalue.repository.KeyValueRepository
2025-03-06 17:55:55 [restartedMain] INFO  o.s.d.r.c.RepositoryConfigurationExtensionSupport - Spring Data Redis - Could not safely identify store assignment for repository candidate interface com.yts.revaux.ntQuote.repository.QuoteLabourRateRepository; If you want this repository to be a Redis repository, consider annotating your entities with one of these annotations: org.springframework.data.redis.core.RedisHash (preferred), or consider extending one of the following types with your repository: org.springframework.data.keyvalue.repository.KeyValueRepository
2025-03-06 17:55:55 [restartedMain] INFO  o.s.d.r.c.RepositoryConfigurationExtensionSupport - Spring Data Redis - Could not safely identify store assignment for repository candidate interface com.yts.revaux.ntQuote.repository.QuoteMachineEfficiencyRepository; If you want this repository to be a Redis repository, consider annotating your entities with one of these annotations: org.springframework.data.redis.core.RedisHash (preferred), or consider extending one of the following types with your repository: org.springframework.data.keyvalue.repository.KeyValueRepository
2025-03-06 17:55:55 [restartedMain] INFO  o.s.d.r.c.RepositoryConfigurationExtensionSupport - Spring Data Redis - Could not safely identify store assignment for repository candidate interface com.yts.revaux.ntQuote.repository.QuoteMachineSetupRepository; If you want this repository to be a Redis repository, consider annotating your entities with one of these annotations: org.springframework.data.redis.core.RedisHash (preferred), or consider extending one of the following types with your repository: org.springframework.data.keyvalue.repository.KeyValueRepository
2025-03-06 17:55:55 [restartedMain] INFO  o.s.d.r.c.RepositoryConfigurationExtensionSupport - Spring Data Redis - Could not safely identify store assignment for repository candidate interface com.yts.revaux.ntQuote.repository.QuoteMaterialMarkupRepository; If you want this repository to be a Redis repository, consider annotating your entities with one of these annotations: org.springframework.data.redis.core.RedisHash (preferred), or consider extending one of the following types with your repository: org.springframework.data.keyvalue.repository.KeyValueRepository
2025-03-06 17:55:55 [restartedMain] INFO  o.s.d.r.c.RepositoryConfigurationExtensionSupport - Spring Data Redis - Could not safely identify store assignment for repository candidate interface com.yts.revaux.ntQuote.repository.QuoteProfitRepository; If you want this repository to be a Redis repository, consider annotating your entities with one of these annotations: org.springframework.data.redis.core.RedisHash (preferred), or consider extending one of the following types with your repository: org.springframework.data.keyvalue.repository.KeyValueRepository
2025-03-06 17:55:55 [restartedMain] INFO  o.s.d.r.c.RepositoryConfigurationExtensionSupport - Spring Data Redis - Could not safely identify store assignment for repository candidate interface com.yts.revaux.ntQuote.repository.QuoteScrapRateRepository; If you want this repository to be a Redis repository, consider annotating your entities with one of these annotations: org.springframework.data.redis.core.RedisHash (preferred), or consider extending one of the following types with your repository: org.springframework.data.keyvalue.repository.KeyValueRepository
2025-03-06 17:55:55 [restartedMain] INFO  o.s.d.r.c.RepositoryConfigurationExtensionSupport - Spring Data Redis - Could not safely identify store assignment for repository candidate interface com.yts.revaux.ntQuote.repository.QuoteSgaRateRepository; If you want this repository to be a Redis repository, consider annotating your entities with one of these annotations: org.springframework.data.redis.core.RedisHash (preferred), or consider extending one of the following types with your repository: org.springframework.data.keyvalue.repository.KeyValueRepository
2025-03-06 17:55:55 [restartedMain] INFO  o.s.d.r.c.RepositoryConfigurationDelegate - Finished Spring Data repository scanning in 2 ms. Found 0 Redis repository interfaces.
2025-03-06 17:55:55 [restartedMain] INFO  o.s.b.w.e.tomcat.TomcatWebServer - Tomcat initialized with port 8080 (http)
2025-03-06 17:55:55 [restartedMain] INFO  o.a.coyote.http11.Http11NioProtocol - Initializing ProtocolHandler ["http-nio-8080"]
2025-03-06 17:55:55 [restartedMain] INFO  o.a.catalina.core.StandardService - Starting service [Tomcat]
2025-03-06 17:55:55 [restartedMain] INFO  o.a.catalina.core.StandardEngine - Starting Servlet engine: [Apache Tomcat/10.1.36]
2025-03-06 17:55:55 [restartedMain] INFO  o.a.c.c.C.[.[localhost].[/rev-aux] - Initializing Spring embedded WebApplicationContext
2025-03-06 17:55:55 [restartedMain] INFO  o.s.b.w.s.c.ServletWebServerApplicationContext - Root WebApplicationContext: initialization completed in 191 ms
2025-03-06 17:55:55 [restartedMain] INFO  o.h.jpa.internal.util.LogHelper - HHH000204: Processing PersistenceUnitInfo [name: default]
2025-03-06 17:55:55 [restartedMain] INFO  o.h.c.i.RegionFactoryInitiator - HHH000026: Second-level cache disabled
2025-03-06 17:55:55 [restartedMain] INFO  o.s.o.j.p.SpringPersistenceUnitInfo - No LoadTimeWeaver setup: ignoring JPA class transformer
2025-03-06 17:55:55 [restartedMain] INFO  com.zaxxer.hikari.HikariDataSource - HikariPool-5 - Starting...
2025-03-06 17:55:55 [restartedMain] INFO  com.zaxxer.hikari.pool.HikariPool - HikariPool-5 - Added connection org.postgresql.jdbc.PgConnection@bc349a3
2025-03-06 17:55:55 [restartedMain] INFO  com.zaxxer.hikari.HikariDataSource - HikariPool-5 - Start completed.
2025-03-06 17:55:55 [restartedMain] INFO  o.hibernate.orm.connections.pooling - HHH10001005: Database info:
	Database JDBC URL [Connecting through datasource 'HikariDataSource (HikariPool-5)']
	Database driver: undefined/unknown
	Database version: 14.17
	Autocommit mode: undefined/unknown
	Isolation level: undefined/unknown
	Minimum pool size: undefined/unknown
	Maximum pool size: undefined/unknown
2025-03-06 17:55:56 [restartedMain] INFO  o.h.e.t.j.p.i.JtaPlatformInitiator - HHH000489: No JTA platform available (set 'hibernate.transaction.jta.platform' to enable JTA platform integration)
2025-03-06 17:55:57 [restartedMain] INFO  o.s.o.j.LocalContainerEntityManagerFactoryBean - Initialized JPA EntityManagerFactory for persistence unit 'default'
2025-03-06 17:55:57 [restartedMain] WARN  o.s.b.a.o.j.JpaBaseConfiguration$JpaWebConfiguration - spring.jpa.open-in-view is enabled by default. Therefore, database queries may be performed during view rendering. Explicitly configure spring.jpa.open-in-view to disable this warning
2025-03-06 17:55:57 [restartedMain] INFO  o.s.s.c.a.a.c.InitializeUserDetailsBeanManagerConfigurer$InitializeUserDetailsManagerConfigurer - Global AuthenticationManager configured with UserDetailsService bean with name customUserDetailsService
2025-03-06 17:55:57 [restartedMain] INFO  o.s.b.d.a.OptionalLiveReloadServer - LiveReload server is running on port 35729
2025-03-06 17:55:57 [restartedMain] INFO  o.a.coyote.http11.Http11NioProtocol - Starting ProtocolHandler ["http-nio-8080"]
2025-03-06 17:55:57 [restartedMain] INFO  o.s.b.w.e.tomcat.TomcatWebServer - Tomcat started on port 8080 (http) with context path '/rev-aux'
2025-03-06 17:55:57 [restartedMain] INFO  com.yts.revaux.RevAuxApplication - Started RevAuxApplication in 2.061 seconds (process running for 1701.804)
2025-03-06 17:55:57 [restartedMain] INFO  o.s.b.d.a.ConditionEvaluationDeltaLoggingListener - Condition evaluation unchanged
2025-03-06 17:55:57 [http-nio-8080-exec-1] INFO  o.a.c.c.C.[.[localhost].[/rev-aux] - Initializing Spring DispatcherServlet 'dispatcherServlet'
2025-03-06 17:55:57 [http-nio-8080-exec-1] INFO  o.s.web.servlet.DispatcherServlet - Initializing Servlet 'dispatcherServlet'
2025-03-06 17:55:57 [http-nio-8080-exec-1] INFO  o.s.web.servlet.DispatcherServlet - Completed initialization in 2 ms
2025-03-06 17:55:57 [http-nio-8080-exec-1] WARN  c.y.r.config.JwtAuthenticationFilter - ❌ No valid JWT token found in cookies!
2025-03-06 17:55:57 [http-nio-8080-exec-5] WARN  c.y.r.config.JwtAuthenticationFilter - ❌ No valid JWT token found in cookies!
2025-03-06 17:55:57 [http-nio-8080-exec-4] WARN  c.y.r.config.JwtAuthenticationFilter - ❌ No valid JWT token found in cookies!
2025-03-06 17:55:57 [http-nio-8080-exec-2] WARN  c.y.r.config.JwtAuthenticationFilter - ❌ No valid JWT token found in cookies!
2025-03-06 17:55:57 [http-nio-8080-exec-3] WARN  c.y.r.config.JwtAuthenticationFilter - ❌ No valid JWT token found in cookies!
2025-03-06 17:55:57 [http-nio-8080-exec-6] WARN  c.y.r.config.JwtAuthenticationFilter - ❌ No valid JWT token found in cookies!
2025-03-06 17:55:57 [http-nio-8080-exec-7] WARN  c.y.r.config.JwtAuthenticationFilter - ❌ No valid JWT token found in cookies!
2025-03-06 17:55:57 [http-nio-8080-exec-8] WARN  c.y.r.config.JwtAuthenticationFilter - ❌ No valid JWT token found in cookies!
2025-03-06 17:55:57 [http-nio-8080-exec-9] WARN  c.y.r.config.JwtAuthenticationFilter - ❌ No valid JWT token found in cookies!
2025-03-06 17:55:57 [http-nio-8080-exec-10] WARN  c.y.r.config.JwtAuthenticationFilter - ❌ No valid JWT token found in cookies!
2025-03-06 18:07:04 [File Watcher] INFO  o.s.b.d.a.LocalDevToolsAutoConfiguration$RestartingClassPathChangeChangedEventListener - Restarting due to 2 class path changes (0 additions, 0 deletions, 2 modifications)
2025-03-06 18:07:04 [Thread-29] INFO  o.s.b.w.e.tomcat.GracefulShutdown - Commencing graceful shutdown. Waiting for active requests to complete
2025-03-06 18:07:04 [tomcat-shutdown] INFO  o.a.coyote.http11.Http11NioProtocol - Pausing ProtocolHandler ["http-nio-8080"]
2025-03-06 18:07:04 [tomcat-shutdown] INFO  o.s.b.w.e.tomcat.GracefulShutdown - Graceful shutdown complete
2025-03-06 18:07:04 [Thread-29] INFO  o.a.coyote.http11.Http11NioProtocol - Stopping ProtocolHandler ["http-nio-8080"]
2025-03-06 18:07:04 [Thread-29] INFO  o.s.o.j.LocalContainerEntityManagerFactoryBean - Closing JPA EntityManagerFactory for persistence unit 'default'
2025-03-06 18:07:04 [Thread-29] INFO  com.zaxxer.hikari.HikariDataSource - HikariPool-5 - Shutdown initiated...
2025-03-06 18:07:04 [Thread-29] INFO  com.zaxxer.hikari.HikariDataSource - HikariPool-5 - Shutdown completed.
2025-03-06 18:07:04 [restartedMain] INFO  com.yts.revaux.RevAuxApplication - Starting RevAuxApplication using Java 21.0.5 with PID 63896 (/home/yts125/Desktop/LatestNtQuote_March6/rev-aux/target/classes started by yts125 in /home/yts125/Desktop/LatestNtQuote_March6/rev-aux)
2025-03-06 18:07:04 [restartedMain] INFO  com.yts.revaux.RevAuxApplication - The following 1 profile is active: "dev"
2025-03-06 18:07:04 [restartedMain] INFO  o.s.d.r.c.RepositoryConfigurationDelegate - Multiple Spring Data modules found, entering strict repository configuration mode
2025-03-06 18:07:04 [restartedMain] INFO  o.s.d.r.c.RepositoryConfigurationDelegate - Bootstrapping Spring Data JDBC repositories in DEFAULT mode.
2025-03-06 18:07:04 [restartedMain] INFO  o.s.d.r.c.RepositoryConfigurationExtensionSupport - Spring Data JDBC - Could not safely identify store assignment for repository candidate interface com.yts.revaux.admin.repository.AdminRepository; If you want this repository to be a JDBC repository, consider annotating your entities with one of these annotations: org.springframework.data.relational.core.mapping.Table.
2025-03-06 18:07:04 [restartedMain] INFO  o.s.d.r.c.RepositoryConfigurationExtensionSupport - Spring Data JDBC - Could not safely identify store assignment for repository candidate interface com.yts.revaux.admin.repository.UserRepository; If you want this repository to be a JDBC repository, consider annotating your entities with one of these annotations: org.springframework.data.relational.core.mapping.Table.
2025-03-06 18:07:04 [restartedMain] INFO  o.s.d.r.c.RepositoryConfigurationExtensionSupport - Spring Data JDBC - Could not safely identify store assignment for repository candidate interface com.yts.revaux.ntQuote.repository.NTQuoteListRepository; If you want this repository to be a JDBC repository, consider annotating your entities with one of these annotations: org.springframework.data.relational.core.mapping.Table.
2025-03-06 18:07:04 [restartedMain] INFO  o.s.d.r.c.RepositoryConfigurationExtensionSupport - Spring Data JDBC - Could not safely identify store assignment for repository candidate interface com.yts.revaux.ntQuote.repository.NtQuoteComponentDetailRepository; If you want this repository to be a JDBC repository, consider annotating your entities with one of these annotations: org.springframework.data.relational.core.mapping.Table.
2025-03-06 18:07:04 [restartedMain] INFO  o.s.d.r.c.RepositoryConfigurationExtensionSupport - Spring Data JDBC - Could not safely identify store assignment for repository candidate interface com.yts.revaux.ntQuote.repository.NtQuoteContactReviewInformationRepository; If you want this repository to be a JDBC repository, consider annotating your entities with one of these annotations: org.springframework.data.relational.core.mapping.Table.
2025-03-06 18:07:04 [restartedMain] INFO  o.s.d.r.c.RepositoryConfigurationExtensionSupport - Spring Data JDBC - Could not safely identify store assignment for repository candidate interface com.yts.revaux.ntQuote.repository.NtQuoteCostOverviewCustomerInputOutputRepository; If you want this repository to be a JDBC repository, consider annotating your entities with one of these annotations: org.springframework.data.relational.core.mapping.Table.
2025-03-06 18:07:04 [restartedMain] INFO  o.s.d.r.c.RepositoryConfigurationExtensionSupport - Spring Data JDBC - Could not safely identify store assignment for repository candidate interface com.yts.revaux.ntQuote.repository.NtQuoteCustomerProjectRepository; If you want this repository to be a JDBC repository, consider annotating your entities with one of these annotations: org.springframework.data.relational.core.mapping.Table.
2025-03-06 18:07:04 [restartedMain] INFO  o.s.d.r.c.RepositoryConfigurationExtensionSupport - Spring Data JDBC - Could not safely identify store assignment for repository candidate interface com.yts.revaux.ntQuote.repository.NtQuoteProjectConsiderationRepository; If you want this repository to be a JDBC repository, consider annotating your entities with one of these annotations: org.springframework.data.relational.core.mapping.Table.
2025-03-06 18:07:04 [restartedMain] INFO  o.s.d.r.c.RepositoryConfigurationExtensionSupport - Spring Data JDBC - Could not safely identify store assignment for repository candidate interface com.yts.revaux.ntQuote.repository.NtQuoteProjectEstimatedTimingRepository; If you want this repository to be a JDBC repository, consider annotating your entities with one of these annotations: org.springframework.data.relational.core.mapping.Table.
2025-03-06 18:07:04 [restartedMain] INFO  o.s.d.r.c.RepositoryConfigurationExtensionSupport - Spring Data JDBC - Could not safely identify store assignment for repository candidate interface com.yts.revaux.ntQuote.repository.QuoteLabourRateRepository; If you want this repository to be a JDBC repository, consider annotating your entities with one of these annotations: org.springframework.data.relational.core.mapping.Table.
2025-03-06 18:07:04 [restartedMain] INFO  o.s.d.r.c.RepositoryConfigurationExtensionSupport - Spring Data JDBC - Could not safely identify store assignment for repository candidate interface com.yts.revaux.ntQuote.repository.QuoteMachineEfficiencyRepository; If you want this repository to be a JDBC repository, consider annotating your entities with one of these annotations: org.springframework.data.relational.core.mapping.Table.
2025-03-06 18:07:04 [restartedMain] INFO  o.s.d.r.c.RepositoryConfigurationExtensionSupport - Spring Data JDBC - Could not safely identify store assignment for repository candidate interface com.yts.revaux.ntQuote.repository.QuoteMachineSetupRepository; If you want this repository to be a JDBC repository, consider annotating your entities with one of these annotations: org.springframework.data.relational.core.mapping.Table.
2025-03-06 18:07:04 [restartedMain] INFO  o.s.d.r.c.RepositoryConfigurationExtensionSupport - Spring Data JDBC - Could not safely identify store assignment for repository candidate interface com.yts.revaux.ntQuote.repository.QuoteMaterialMarkupRepository; If you want this repository to be a JDBC repository, consider annotating your entities with one of these annotations: org.springframework.data.relational.core.mapping.Table.
2025-03-06 18:07:04 [restartedMain] INFO  o.s.d.r.c.RepositoryConfigurationExtensionSupport - Spring Data JDBC - Could not safely identify store assignment for repository candidate interface com.yts.revaux.ntQuote.repository.QuoteProfitRepository; If you want this repository to be a JDBC repository, consider annotating your entities with one of these annotations: org.springframework.data.relational.core.mapping.Table.
2025-03-06 18:07:04 [restartedMain] INFO  o.s.d.r.c.RepositoryConfigurationExtensionSupport - Spring Data JDBC - Could not safely identify store assignment for repository candidate interface com.yts.revaux.ntQuote.repository.QuoteScrapRateRepository; If you want this repository to be a JDBC repository, consider annotating your entities with one of these annotations: org.springframework.data.relational.core.mapping.Table.
2025-03-06 18:07:04 [restartedMain] INFO  o.s.d.r.c.RepositoryConfigurationExtensionSupport - Spring Data JDBC - Could not safely identify store assignment for repository candidate interface com.yts.revaux.ntQuote.repository.QuoteSgaRateRepository; If you want this repository to be a JDBC repository, consider annotating your entities with one of these annotations: org.springframework.data.relational.core.mapping.Table.
2025-03-06 18:07:04 [restartedMain] INFO  o.s.d.r.c.RepositoryConfigurationDelegate - Finished Spring Data repository scanning in 12 ms. Found 0 JDBC repository interfaces.
2025-03-06 18:07:04 [restartedMain] INFO  o.s.d.r.c.RepositoryConfigurationDelegate - Multiple Spring Data modules found, entering strict repository configuration mode
2025-03-06 18:07:04 [restartedMain] INFO  o.s.d.r.c.RepositoryConfigurationDelegate - Bootstrapping Spring Data JPA repositories in DEFAULT mode.
2025-03-06 18:07:04 [restartedMain] INFO  o.s.d.r.c.RepositoryConfigurationDelegate - Finished Spring Data repository scanning in 15 ms. Found 16 JPA repository interfaces.
2025-03-06 18:07:04 [restartedMain] INFO  o.s.d.r.c.RepositoryConfigurationDelegate - Multiple Spring Data modules found, entering strict repository configuration mode
2025-03-06 18:07:04 [restartedMain] INFO  o.s.d.r.c.RepositoryConfigurationDelegate - Bootstrapping Spring Data Redis repositories in DEFAULT mode.
2025-03-06 18:07:04 [restartedMain] INFO  o.s.d.r.c.RepositoryConfigurationExtensionSupport - Spring Data Redis - Could not safely identify store assignment for repository candidate interface com.yts.revaux.admin.repository.AdminRepository; If you want this repository to be a Redis repository, consider annotating your entities with one of these annotations: org.springframework.data.redis.core.RedisHash (preferred), or consider extending one of the following types with your repository: org.springframework.data.keyvalue.repository.KeyValueRepository
2025-03-06 18:07:04 [restartedMain] INFO  o.s.d.r.c.RepositoryConfigurationExtensionSupport - Spring Data Redis - Could not safely identify store assignment for repository candidate interface com.yts.revaux.admin.repository.UserRepository; If you want this repository to be a Redis repository, consider annotating your entities with one of these annotations: org.springframework.data.redis.core.RedisHash (preferred), or consider extending one of the following types with your repository: org.springframework.data.keyvalue.repository.KeyValueRepository
2025-03-06 18:07:04 [restartedMain] INFO  o.s.d.r.c.RepositoryConfigurationExtensionSupport - Spring Data Redis - Could not safely identify store assignment for repository candidate interface com.yts.revaux.ntQuote.repository.NTQuoteListRepository; If you want this repository to be a Redis repository, consider annotating your entities with one of these annotations: org.springframework.data.redis.core.RedisHash (preferred), or consider extending one of the following types with your repository: org.springframework.data.keyvalue.repository.KeyValueRepository
2025-03-06 18:07:04 [restartedMain] INFO  o.s.d.r.c.RepositoryConfigurationExtensionSupport - Spring Data Redis - Could not safely identify store assignment for repository candidate interface com.yts.revaux.ntQuote.repository.NtQuoteComponentDetailRepository; If you want this repository to be a Redis repository, consider annotating your entities with one of these annotations: org.springframework.data.redis.core.RedisHash (preferred), or consider extending one of the following types with your repository: org.springframework.data.keyvalue.repository.KeyValueRepository
2025-03-06 18:07:04 [restartedMain] INFO  o.s.d.r.c.RepositoryConfigurationExtensionSupport - Spring Data Redis - Could not safely identify store assignment for repository candidate interface com.yts.revaux.ntQuote.repository.NtQuoteContactReviewInformationRepository; If you want this repository to be a Redis repository, consider annotating your entities with one of these annotations: org.springframework.data.redis.core.RedisHash (preferred), or consider extending one of the following types with your repository: org.springframework.data.keyvalue.repository.KeyValueRepository
2025-03-06 18:07:04 [restartedMain] INFO  o.s.d.r.c.RepositoryConfigurationExtensionSupport - Spring Data Redis - Could not safely identify store assignment for repository candidate interface com.yts.revaux.ntQuote.repository.NtQuoteCostOverviewCustomerInputOutputRepository; If you want this repository to be a Redis repository, consider annotating your entities with one of these annotations: org.springframework.data.redis.core.RedisHash (preferred), or consider extending one of the following types with your repository: org.springframework.data.keyvalue.repository.KeyValueRepository
2025-03-06 18:07:04 [restartedMain] INFO  o.s.d.r.c.RepositoryConfigurationExtensionSupport - Spring Data Redis - Could not safely identify store assignment for repository candidate interface com.yts.revaux.ntQuote.repository.NtQuoteCustomerProjectRepository; If you want this repository to be a Redis repository, consider annotating your entities with one of these annotations: org.springframework.data.redis.core.RedisHash (preferred), or consider extending one of the following types with your repository: org.springframework.data.keyvalue.repository.KeyValueRepository
2025-03-06 18:07:04 [restartedMain] INFO  o.s.d.r.c.RepositoryConfigurationExtensionSupport - Spring Data Redis - Could not safely identify store assignment for repository candidate interface com.yts.revaux.ntQuote.repository.NtQuoteProjectConsiderationRepository; If you want this repository to be a Redis repository, consider annotating your entities with one of these annotations: org.springframework.data.redis.core.RedisHash (preferred), or consider extending one of the following types with your repository: org.springframework.data.keyvalue.repository.KeyValueRepository
2025-03-06 18:07:04 [restartedMain] INFO  o.s.d.r.c.RepositoryConfigurationExtensionSupport - Spring Data Redis - Could not safely identify store assignment for repository candidate interface com.yts.revaux.ntQuote.repository.NtQuoteProjectEstimatedTimingRepository; If you want this repository to be a Redis repository, consider annotating your entities with one of these annotations: org.springframework.data.redis.core.RedisHash (preferred), or consider extending one of the following types with your repository: org.springframework.data.keyvalue.repository.KeyValueRepository
2025-03-06 18:07:04 [restartedMain] INFO  o.s.d.r.c.RepositoryConfigurationExtensionSupport - Spring Data Redis - Could not safely identify store assignment for repository candidate interface com.yts.revaux.ntQuote.repository.QuoteLabourRateRepository; If you want this repository to be a Redis repository, consider annotating your entities with one of these annotations: org.springframework.data.redis.core.RedisHash (preferred), or consider extending one of the following types with your repository: org.springframework.data.keyvalue.repository.KeyValueRepository
2025-03-06 18:07:04 [restartedMain] INFO  o.s.d.r.c.RepositoryConfigurationExtensionSupport - Spring Data Redis - Could not safely identify store assignment for repository candidate interface com.yts.revaux.ntQuote.repository.QuoteMachineEfficiencyRepository; If you want this repository to be a Redis repository, consider annotating your entities with one of these annotations: org.springframework.data.redis.core.RedisHash (preferred), or consider extending one of the following types with your repository: org.springframework.data.keyvalue.repository.KeyValueRepository
2025-03-06 18:07:04 [restartedMain] INFO  o.s.d.r.c.RepositoryConfigurationExtensionSupport - Spring Data Redis - Could not safely identify store assignment for repository candidate interface com.yts.revaux.ntQuote.repository.QuoteMachineSetupRepository; If you want this repository to be a Redis repository, consider annotating your entities with one of these annotations: org.springframework.data.redis.core.RedisHash (preferred), or consider extending one of the following types with your repository: org.springframework.data.keyvalue.repository.KeyValueRepository
2025-03-06 18:07:04 [restartedMain] INFO  o.s.d.r.c.RepositoryConfigurationExtensionSupport - Spring Data Redis - Could not safely identify store assignment for repository candidate interface com.yts.revaux.ntQuote.repository.QuoteMaterialMarkupRepository; If you want this repository to be a Redis repository, consider annotating your entities with one of these annotations: org.springframework.data.redis.core.RedisHash (preferred), or consider extending one of the following types with your repository: org.springframework.data.keyvalue.repository.KeyValueRepository
2025-03-06 18:07:04 [restartedMain] INFO  o.s.d.r.c.RepositoryConfigurationExtensionSupport - Spring Data Redis - Could not safely identify store assignment for repository candidate interface com.yts.revaux.ntQuote.repository.QuoteProfitRepository; If you want this repository to be a Redis repository, consider annotating your entities with one of these annotations: org.springframework.data.redis.core.RedisHash (preferred), or consider extending one of the following types with your repository: org.springframework.data.keyvalue.repository.KeyValueRepository
2025-03-06 18:07:04 [restartedMain] INFO  o.s.d.r.c.RepositoryConfigurationExtensionSupport - Spring Data Redis - Could not safely identify store assignment for repository candidate interface com.yts.revaux.ntQuote.repository.QuoteScrapRateRepository; If you want this repository to be a Redis repository, consider annotating your entities with one of these annotations: org.springframework.data.redis.core.RedisHash (preferred), or consider extending one of the following types with your repository: org.springframework.data.keyvalue.repository.KeyValueRepository
2025-03-06 18:07:04 [restartedMain] INFO  o.s.d.r.c.RepositoryConfigurationExtensionSupport - Spring Data Redis - Could not safely identify store assignment for repository candidate interface com.yts.revaux.ntQuote.repository.QuoteSgaRateRepository; If you want this repository to be a Redis repository, consider annotating your entities with one of these annotations: org.springframework.data.redis.core.RedisHash (preferred), or consider extending one of the following types with your repository: org.springframework.data.keyvalue.repository.KeyValueRepository
2025-03-06 18:07:04 [restartedMain] INFO  o.s.d.r.c.RepositoryConfigurationDelegate - Finished Spring Data repository scanning in 3 ms. Found 0 Redis repository interfaces.
2025-03-06 18:07:04 [restartedMain] INFO  o.s.b.w.e.tomcat.TomcatWebServer - Tomcat initialized with port 8080 (http)
2025-03-06 18:07:04 [restartedMain] INFO  o.a.coyote.http11.Http11NioProtocol - Initializing ProtocolHandler ["http-nio-8080"]
2025-03-06 18:07:04 [restartedMain] INFO  o.a.catalina.core.StandardService - Starting service [Tomcat]
2025-03-06 18:07:04 [restartedMain] INFO  o.a.catalina.core.StandardEngine - Starting Servlet engine: [Apache Tomcat/10.1.36]
2025-03-06 18:07:04 [restartedMain] INFO  o.a.c.c.C.[.[localhost].[/rev-aux] - Initializing Spring embedded WebApplicationContext
2025-03-06 18:07:04 [restartedMain] INFO  o.s.b.w.s.c.ServletWebServerApplicationContext - Root WebApplicationContext: initialization completed in 296 ms
2025-03-06 18:07:04 [restartedMain] INFO  o.h.jpa.internal.util.LogHelper - HHH000204: Processing PersistenceUnitInfo [name: default]
2025-03-06 18:07:04 [restartedMain] INFO  o.h.c.i.RegionFactoryInitiator - HHH000026: Second-level cache disabled
2025-03-06 18:07:04 [restartedMain] INFO  o.s.o.j.p.SpringPersistenceUnitInfo - No LoadTimeWeaver setup: ignoring JPA class transformer
2025-03-06 18:07:04 [restartedMain] INFO  com.zaxxer.hikari.HikariDataSource - HikariPool-6 - Starting...
2025-03-06 18:07:04 [restartedMain] INFO  com.zaxxer.hikari.pool.HikariPool - HikariPool-6 - Added connection org.postgresql.jdbc.PgConnection@655e8c31
2025-03-06 18:07:04 [restartedMain] INFO  com.zaxxer.hikari.HikariDataSource - HikariPool-6 - Start completed.
2025-03-06 18:07:04 [restartedMain] INFO  o.hibernate.orm.connections.pooling - HHH10001005: Database info:
	Database JDBC URL [Connecting through datasource 'HikariDataSource (HikariPool-6)']
	Database driver: undefined/unknown
	Database version: 14.17
	Autocommit mode: undefined/unknown
	Isolation level: undefined/unknown
	Minimum pool size: undefined/unknown
	Maximum pool size: undefined/unknown
2025-03-06 18:07:05 [restartedMain] INFO  o.h.e.t.j.p.i.JtaPlatformInitiator - HHH000489: No JTA platform available (set 'hibernate.transaction.jta.platform' to enable JTA platform integration)
2025-03-06 18:07:06 [restartedMain] INFO  o.s.o.j.LocalContainerEntityManagerFactoryBean - Initialized JPA EntityManagerFactory for persistence unit 'default'
2025-03-06 18:07:06 [restartedMain] WARN  o.s.b.a.o.j.JpaBaseConfiguration$JpaWebConfiguration - spring.jpa.open-in-view is enabled by default. Therefore, database queries may be performed during view rendering. Explicitly configure spring.jpa.open-in-view to disable this warning
2025-03-06 18:07:06 [restartedMain] INFO  o.s.s.c.a.a.c.InitializeUserDetailsBeanManagerConfigurer$InitializeUserDetailsManagerConfigurer - Global AuthenticationManager configured with UserDetailsService bean with name customUserDetailsService
2025-03-06 18:07:06 [restartedMain] INFO  o.s.b.d.a.OptionalLiveReloadServer - LiveReload server is running on port 35729
2025-03-06 18:07:06 [restartedMain] INFO  o.a.coyote.http11.Http11NioProtocol - Starting ProtocolHandler ["http-nio-8080"]
2025-03-06 18:07:06 [restartedMain] INFO  o.s.b.w.e.tomcat.TomcatWebServer - Tomcat started on port 8080 (http) with context path '/rev-aux'
2025-03-06 18:07:06 [restartedMain] INFO  com.yts.revaux.RevAuxApplication - Started RevAuxApplication in 2.45 seconds (process running for 2371.062)
2025-03-06 18:07:06 [restartedMain] INFO  o.s.b.d.a.ConditionEvaluationDeltaLoggingListener - Condition evaluation unchanged
2025-03-06 18:07:06 [http-nio-8080-exec-1] INFO  o.a.c.c.C.[.[localhost].[/rev-aux] - Initializing Spring DispatcherServlet 'dispatcherServlet'
2025-03-06 18:07:06 [http-nio-8080-exec-1] INFO  o.s.web.servlet.DispatcherServlet - Initializing Servlet 'dispatcherServlet'
2025-03-06 18:07:06 [http-nio-8080-exec-1] INFO  o.s.web.servlet.DispatcherServlet - Completed initialization in 1 ms
2025-03-06 18:07:06 [http-nio-8080-exec-1] WARN  c.y.r.config.JwtAuthenticationFilter - ❌ No valid JWT token found in cookies!
2025-03-06 18:07:06 [http-nio-8080-exec-2] WARN  c.y.r.config.JwtAuthenticationFilter - ❌ No valid JWT token found in cookies!
2025-03-06 18:07:06 [http-nio-8080-exec-3] WARN  c.y.r.config.JwtAuthenticationFilter - ❌ No valid JWT token found in cookies!
2025-03-06 18:07:06 [http-nio-8080-exec-5] WARN  c.y.r.config.JwtAuthenticationFilter - ❌ No valid JWT token found in cookies!
2025-03-06 18:07:06 [http-nio-8080-exec-4] WARN  c.y.r.config.JwtAuthenticationFilter - ❌ No valid JWT token found in cookies!
2025-03-06 18:07:06 [http-nio-8080-exec-6] WARN  c.y.r.config.JwtAuthenticationFilter - ❌ No valid JWT token found in cookies!
2025-03-06 18:07:06 [http-nio-8080-exec-7] WARN  c.y.r.config.JwtAuthenticationFilter - ❌ No valid JWT token found in cookies!
2025-03-06 18:07:06 [http-nio-8080-exec-8] WARN  c.y.r.config.JwtAuthenticationFilter - ❌ No valid JWT token found in cookies!
2025-03-06 18:07:07 [http-nio-8080-exec-9] WARN  c.y.r.config.JwtAuthenticationFilter - ❌ No valid JWT token found in cookies!
2025-03-06 18:07:07 [http-nio-8080-exec-10] WARN  c.y.r.config.JwtAuthenticationFilter - ❌ No valid JWT token found in cookies!
2025-03-06 18:07:59 [File Watcher] INFO  o.s.b.d.a.LocalDevToolsAutoConfiguration$RestartingClassPathChangeChangedEventListener - Restarting due to 2 class path changes (0 additions, 0 deletions, 2 modifications)
2025-03-06 18:07:59 [Thread-33] INFO  o.s.b.w.e.tomcat.GracefulShutdown - Commencing graceful shutdown. Waiting for active requests to complete
2025-03-06 18:07:59 [tomcat-shutdown] INFO  o.a.coyote.http11.Http11NioProtocol - Pausing ProtocolHandler ["http-nio-8080"]
2025-03-06 18:07:59 [tomcat-shutdown] INFO  o.s.b.w.e.tomcat.GracefulShutdown - Graceful shutdown complete
2025-03-06 18:07:59 [Thread-33] INFO  o.a.coyote.http11.Http11NioProtocol - Stopping ProtocolHandler ["http-nio-8080"]
2025-03-06 18:07:59 [Thread-33] INFO  o.s.o.j.LocalContainerEntityManagerFactoryBean - Closing JPA EntityManagerFactory for persistence unit 'default'
2025-03-06 18:07:59 [Thread-33] INFO  com.zaxxer.hikari.HikariDataSource - HikariPool-6 - Shutdown initiated...
2025-03-06 18:07:59 [Thread-33] INFO  com.zaxxer.hikari.HikariDataSource - HikariPool-6 - Shutdown completed.
2025-03-06 18:07:59 [restartedMain] INFO  com.yts.revaux.RevAuxApplication - Starting RevAuxApplication using Java 21.0.5 with PID 63896 (/home/yts125/Desktop/LatestNtQuote_March6/rev-aux/target/classes started by yts125 in /home/yts125/Desktop/LatestNtQuote_March6/rev-aux)
2025-03-06 18:07:59 [restartedMain] INFO  com.yts.revaux.RevAuxApplication - The following 1 profile is active: "dev"
2025-03-06 18:07:59 [restartedMain] INFO  o.s.d.r.c.RepositoryConfigurationDelegate - Multiple Spring Data modules found, entering strict repository configuration mode
2025-03-06 18:07:59 [restartedMain] INFO  o.s.d.r.c.RepositoryConfigurationDelegate - Bootstrapping Spring Data JDBC repositories in DEFAULT mode.
2025-03-06 18:07:59 [restartedMain] INFO  o.s.d.r.c.RepositoryConfigurationExtensionSupport - Spring Data JDBC - Could not safely identify store assignment for repository candidate interface com.yts.revaux.admin.repository.AdminRepository; If you want this repository to be a JDBC repository, consider annotating your entities with one of these annotations: org.springframework.data.relational.core.mapping.Table.
2025-03-06 18:07:59 [restartedMain] INFO  o.s.d.r.c.RepositoryConfigurationExtensionSupport - Spring Data JDBC - Could not safely identify store assignment for repository candidate interface com.yts.revaux.admin.repository.UserRepository; If you want this repository to be a JDBC repository, consider annotating your entities with one of these annotations: org.springframework.data.relational.core.mapping.Table.
2025-03-06 18:07:59 [restartedMain] INFO  o.s.d.r.c.RepositoryConfigurationExtensionSupport - Spring Data JDBC - Could not safely identify store assignment for repository candidate interface com.yts.revaux.ntQuote.repository.NTQuoteListRepository; If you want this repository to be a JDBC repository, consider annotating your entities with one of these annotations: org.springframework.data.relational.core.mapping.Table.
2025-03-06 18:07:59 [restartedMain] INFO  o.s.d.r.c.RepositoryConfigurationExtensionSupport - Spring Data JDBC - Could not safely identify store assignment for repository candidate interface com.yts.revaux.ntQuote.repository.NtQuoteComponentDetailRepository; If you want this repository to be a JDBC repository, consider annotating your entities with one of these annotations: org.springframework.data.relational.core.mapping.Table.
2025-03-06 18:07:59 [restartedMain] INFO  o.s.d.r.c.RepositoryConfigurationExtensionSupport - Spring Data JDBC - Could not safely identify store assignment for repository candidate interface com.yts.revaux.ntQuote.repository.NtQuoteContactReviewInformationRepository; If you want this repository to be a JDBC repository, consider annotating your entities with one of these annotations: org.springframework.data.relational.core.mapping.Table.
2025-03-06 18:07:59 [restartedMain] INFO  o.s.d.r.c.RepositoryConfigurationExtensionSupport - Spring Data JDBC - Could not safely identify store assignment for repository candidate interface com.yts.revaux.ntQuote.repository.NtQuoteCostOverviewCustomerInputOutputRepository; If you want this repository to be a JDBC repository, consider annotating your entities with one of these annotations: org.springframework.data.relational.core.mapping.Table.
2025-03-06 18:07:59 [restartedMain] INFO  o.s.d.r.c.RepositoryConfigurationExtensionSupport - Spring Data JDBC - Could not safely identify store assignment for repository candidate interface com.yts.revaux.ntQuote.repository.NtQuoteCustomerProjectRepository; If you want this repository to be a JDBC repository, consider annotating your entities with one of these annotations: org.springframework.data.relational.core.mapping.Table.
2025-03-06 18:07:59 [restartedMain] INFO  o.s.d.r.c.RepositoryConfigurationExtensionSupport - Spring Data JDBC - Could not safely identify store assignment for repository candidate interface com.yts.revaux.ntQuote.repository.NtQuoteProjectConsiderationRepository; If you want this repository to be a JDBC repository, consider annotating your entities with one of these annotations: org.springframework.data.relational.core.mapping.Table.
2025-03-06 18:07:59 [restartedMain] INFO  o.s.d.r.c.RepositoryConfigurationExtensionSupport - Spring Data JDBC - Could not safely identify store assignment for repository candidate interface com.yts.revaux.ntQuote.repository.NtQuoteProjectEstimatedTimingRepository; If you want this repository to be a JDBC repository, consider annotating your entities with one of these annotations: org.springframework.data.relational.core.mapping.Table.
2025-03-06 18:07:59 [restartedMain] INFO  o.s.d.r.c.RepositoryConfigurationExtensionSupport - Spring Data JDBC - Could not safely identify store assignment for repository candidate interface com.yts.revaux.ntQuote.repository.QuoteLabourRateRepository; If you want this repository to be a JDBC repository, consider annotating your entities with one of these annotations: org.springframework.data.relational.core.mapping.Table.
2025-03-06 18:07:59 [restartedMain] INFO  o.s.d.r.c.RepositoryConfigurationExtensionSupport - Spring Data JDBC - Could not safely identify store assignment for repository candidate interface com.yts.revaux.ntQuote.repository.QuoteMachineEfficiencyRepository; If you want this repository to be a JDBC repository, consider annotating your entities with one of these annotations: org.springframework.data.relational.core.mapping.Table.
2025-03-06 18:07:59 [restartedMain] INFO  o.s.d.r.c.RepositoryConfigurationExtensionSupport - Spring Data JDBC - Could not safely identify store assignment for repository candidate interface com.yts.revaux.ntQuote.repository.QuoteMachineSetupRepository; If you want this repository to be a JDBC repository, consider annotating your entities with one of these annotations: org.springframework.data.relational.core.mapping.Table.
2025-03-06 18:07:59 [restartedMain] INFO  o.s.d.r.c.RepositoryConfigurationExtensionSupport - Spring Data JDBC - Could not safely identify store assignment for repository candidate interface com.yts.revaux.ntQuote.repository.QuoteMaterialMarkupRepository; If you want this repository to be a JDBC repository, consider annotating your entities with one of these annotations: org.springframework.data.relational.core.mapping.Table.
2025-03-06 18:07:59 [restartedMain] INFO  o.s.d.r.c.RepositoryConfigurationExtensionSupport - Spring Data JDBC - Could not safely identify store assignment for repository candidate interface com.yts.revaux.ntQuote.repository.QuoteProfitRepository; If you want this repository to be a JDBC repository, consider annotating your entities with one of these annotations: org.springframework.data.relational.core.mapping.Table.
2025-03-06 18:07:59 [restartedMain] INFO  o.s.d.r.c.RepositoryConfigurationExtensionSupport - Spring Data JDBC - Could not safely identify store assignment for repository candidate interface com.yts.revaux.ntQuote.repository.QuoteScrapRateRepository; If you want this repository to be a JDBC repository, consider annotating your entities with one of these annotations: org.springframework.data.relational.core.mapping.Table.
2025-03-06 18:07:59 [restartedMain] INFO  o.s.d.r.c.RepositoryConfigurationExtensionSupport - Spring Data JDBC - Could not safely identify store assignment for repository candidate interface com.yts.revaux.ntQuote.repository.QuoteSgaRateRepository; If you want this repository to be a JDBC repository, consider annotating your entities with one of these annotations: org.springframework.data.relational.core.mapping.Table.
2025-03-06 18:07:59 [restartedMain] INFO  o.s.d.r.c.RepositoryConfigurationDelegate - Finished Spring Data repository scanning in 8 ms. Found 0 JDBC repository interfaces.
2025-03-06 18:07:59 [restartedMain] INFO  o.s.d.r.c.RepositoryConfigurationDelegate - Multiple Spring Data modules found, entering strict repository configuration mode
2025-03-06 18:07:59 [restartedMain] INFO  o.s.d.r.c.RepositoryConfigurationDelegate - Bootstrapping Spring Data JPA repositories in DEFAULT mode.
2025-03-06 18:07:59 [restartedMain] INFO  o.s.d.r.c.RepositoryConfigurationDelegate - Finished Spring Data repository scanning in 11 ms. Found 16 JPA repository interfaces.
2025-03-06 18:07:59 [restartedMain] INFO  o.s.d.r.c.RepositoryConfigurationDelegate - Multiple Spring Data modules found, entering strict repository configuration mode
2025-03-06 18:07:59 [restartedMain] INFO  o.s.d.r.c.RepositoryConfigurationDelegate - Bootstrapping Spring Data Redis repositories in DEFAULT mode.
2025-03-06 18:07:59 [restartedMain] INFO  o.s.d.r.c.RepositoryConfigurationExtensionSupport - Spring Data Redis - Could not safely identify store assignment for repository candidate interface com.yts.revaux.admin.repository.AdminRepository; If you want this repository to be a Redis repository, consider annotating your entities with one of these annotations: org.springframework.data.redis.core.RedisHash (preferred), or consider extending one of the following types with your repository: org.springframework.data.keyvalue.repository.KeyValueRepository
2025-03-06 18:07:59 [restartedMain] INFO  o.s.d.r.c.RepositoryConfigurationExtensionSupport - Spring Data Redis - Could not safely identify store assignment for repository candidate interface com.yts.revaux.admin.repository.UserRepository; If you want this repository to be a Redis repository, consider annotating your entities with one of these annotations: org.springframework.data.redis.core.RedisHash (preferred), or consider extending one of the following types with your repository: org.springframework.data.keyvalue.repository.KeyValueRepository
2025-03-06 18:07:59 [restartedMain] INFO  o.s.d.r.c.RepositoryConfigurationExtensionSupport - Spring Data Redis - Could not safely identify store assignment for repository candidate interface com.yts.revaux.ntQuote.repository.NTQuoteListRepository; If you want this repository to be a Redis repository, consider annotating your entities with one of these annotations: org.springframework.data.redis.core.RedisHash (preferred), or consider extending one of the following types with your repository: org.springframework.data.keyvalue.repository.KeyValueRepository
2025-03-06 18:07:59 [restartedMain] INFO  o.s.d.r.c.RepositoryConfigurationExtensionSupport - Spring Data Redis - Could not safely identify store assignment for repository candidate interface com.yts.revaux.ntQuote.repository.NtQuoteComponentDetailRepository; If you want this repository to be a Redis repository, consider annotating your entities with one of these annotations: org.springframework.data.redis.core.RedisHash (preferred), or consider extending one of the following types with your repository: org.springframework.data.keyvalue.repository.KeyValueRepository
2025-03-06 18:07:59 [restartedMain] INFO  o.s.d.r.c.RepositoryConfigurationExtensionSupport - Spring Data Redis - Could not safely identify store assignment for repository candidate interface com.yts.revaux.ntQuote.repository.NtQuoteContactReviewInformationRepository; If you want this repository to be a Redis repository, consider annotating your entities with one of these annotations: org.springframework.data.redis.core.RedisHash (preferred), or consider extending one of the following types with your repository: org.springframework.data.keyvalue.repository.KeyValueRepository
2025-03-06 18:07:59 [restartedMain] INFO  o.s.d.r.c.RepositoryConfigurationExtensionSupport - Spring Data Redis - Could not safely identify store assignment for repository candidate interface com.yts.revaux.ntQuote.repository.NtQuoteCostOverviewCustomerInputOutputRepository; If you want this repository to be a Redis repository, consider annotating your entities with one of these annotations: org.springframework.data.redis.core.RedisHash (preferred), or consider extending one of the following types with your repository: org.springframework.data.keyvalue.repository.KeyValueRepository
2025-03-06 18:07:59 [restartedMain] INFO  o.s.d.r.c.RepositoryConfigurationExtensionSupport - Spring Data Redis - Could not safely identify store assignment for repository candidate interface com.yts.revaux.ntQuote.repository.NtQuoteCustomerProjectRepository; If you want this repository to be a Redis repository, consider annotating your entities with one of these annotations: org.springframework.data.redis.core.RedisHash (preferred), or consider extending one of the following types with your repository: org.springframework.data.keyvalue.repository.KeyValueRepository
2025-03-06 18:07:59 [restartedMain] INFO  o.s.d.r.c.RepositoryConfigurationExtensionSupport - Spring Data Redis - Could not safely identify store assignment for repository candidate interface com.yts.revaux.ntQuote.repository.NtQuoteProjectConsiderationRepository; If you want this repository to be a Redis repository, consider annotating your entities with one of these annotations: org.springframework.data.redis.core.RedisHash (preferred), or consider extending one of the following types with your repository: org.springframework.data.keyvalue.repository.KeyValueRepository
2025-03-06 18:07:59 [restartedMain] INFO  o.s.d.r.c.RepositoryConfigurationExtensionSupport - Spring Data Redis - Could not safely identify store assignment for repository candidate interface com.yts.revaux.ntQuote.repository.NtQuoteProjectEstimatedTimingRepository; If you want this repository to be a Redis repository, consider annotating your entities with one of these annotations: org.springframework.data.redis.core.RedisHash (preferred), or consider extending one of the following types with your repository: org.springframework.data.keyvalue.repository.KeyValueRepository
2025-03-06 18:07:59 [restartedMain] INFO  o.s.d.r.c.RepositoryConfigurationExtensionSupport - Spring Data Redis - Could not safely identify store assignment for repository candidate interface com.yts.revaux.ntQuote.repository.QuoteLabourRateRepository; If you want this repository to be a Redis repository, consider annotating your entities with one of these annotations: org.springframework.data.redis.core.RedisHash (preferred), or consider extending one of the following types with your repository: org.springframework.data.keyvalue.repository.KeyValueRepository
2025-03-06 18:07:59 [restartedMain] INFO  o.s.d.r.c.RepositoryConfigurationExtensionSupport - Spring Data Redis - Could not safely identify store assignment for repository candidate interface com.yts.revaux.ntQuote.repository.QuoteMachineEfficiencyRepository; If you want this repository to be a Redis repository, consider annotating your entities with one of these annotations: org.springframework.data.redis.core.RedisHash (preferred), or consider extending one of the following types with your repository: org.springframework.data.keyvalue.repository.KeyValueRepository
2025-03-06 18:07:59 [restartedMain] INFO  o.s.d.r.c.RepositoryConfigurationExtensionSupport - Spring Data Redis - Could not safely identify store assignment for repository candidate interface com.yts.revaux.ntQuote.repository.QuoteMachineSetupRepository; If you want this repository to be a Redis repository, consider annotating your entities with one of these annotations: org.springframework.data.redis.core.RedisHash (preferred), or consider extending one of the following types with your repository: org.springframework.data.keyvalue.repository.KeyValueRepository
2025-03-06 18:07:59 [restartedMain] INFO  o.s.d.r.c.RepositoryConfigurationExtensionSupport - Spring Data Redis - Could not safely identify store assignment for repository candidate interface com.yts.revaux.ntQuote.repository.QuoteMaterialMarkupRepository; If you want this repository to be a Redis repository, consider annotating your entities with one of these annotations: org.springframework.data.redis.core.RedisHash (preferred), or consider extending one of the following types with your repository: org.springframework.data.keyvalue.repository.KeyValueRepository
2025-03-06 18:07:59 [restartedMain] INFO  o.s.d.r.c.RepositoryConfigurationExtensionSupport - Spring Data Redis - Could not safely identify store assignment for repository candidate interface com.yts.revaux.ntQuote.repository.QuoteProfitRepository; If you want this repository to be a Redis repository, consider annotating your entities with one of these annotations: org.springframework.data.redis.core.RedisHash (preferred), or consider extending one of the following types with your repository: org.springframework.data.keyvalue.repository.KeyValueRepository
2025-03-06 18:07:59 [restartedMain] INFO  o.s.d.r.c.RepositoryConfigurationExtensionSupport - Spring Data Redis - Could not safely identify store assignment for repository candidate interface com.yts.revaux.ntQuote.repository.QuoteScrapRateRepository; If you want this repository to be a Redis repository, consider annotating your entities with one of these annotations: org.springframework.data.redis.core.RedisHash (preferred), or consider extending one of the following types with your repository: org.springframework.data.keyvalue.repository.KeyValueRepository
2025-03-06 18:07:59 [restartedMain] INFO  o.s.d.r.c.RepositoryConfigurationExtensionSupport - Spring Data Redis - Could not safely identify store assignment for repository candidate interface com.yts.revaux.ntQuote.repository.QuoteSgaRateRepository; If you want this repository to be a Redis repository, consider annotating your entities with one of these annotations: org.springframework.data.redis.core.RedisHash (preferred), or consider extending one of the following types with your repository: org.springframework.data.keyvalue.repository.KeyValueRepository
2025-03-06 18:07:59 [restartedMain] INFO  o.s.d.r.c.RepositoryConfigurationDelegate - Finished Spring Data repository scanning in 2 ms. Found 0 Redis repository interfaces.
2025-03-06 18:07:59 [restartedMain] INFO  o.s.b.w.e.tomcat.TomcatWebServer - Tomcat initialized with port 8080 (http)
2025-03-06 18:07:59 [restartedMain] INFO  o.a.coyote.http11.Http11NioProtocol - Initializing ProtocolHandler ["http-nio-8080"]
2025-03-06 18:07:59 [restartedMain] INFO  o.a.catalina.core.StandardService - Starting service [Tomcat]
2025-03-06 18:07:59 [restartedMain] INFO  o.a.catalina.core.StandardEngine - Starting Servlet engine: [Apache Tomcat/10.1.36]
2025-03-06 18:07:59 [restartedMain] INFO  o.a.c.c.C.[.[localhost].[/rev-aux] - Initializing Spring embedded WebApplicationContext
2025-03-06 18:07:59 [restartedMain] INFO  o.s.b.w.s.c.ServletWebServerApplicationContext - Root WebApplicationContext: initialization completed in 177 ms
2025-03-06 18:07:59 [restartedMain] INFO  o.h.jpa.internal.util.LogHelper - HHH000204: Processing PersistenceUnitInfo [name: default]
2025-03-06 18:07:59 [restartedMain] INFO  o.h.c.i.RegionFactoryInitiator - HHH000026: Second-level cache disabled
2025-03-06 18:07:59 [restartedMain] INFO  o.s.o.j.p.SpringPersistenceUnitInfo - No LoadTimeWeaver setup: ignoring JPA class transformer
2025-03-06 18:07:59 [restartedMain] INFO  com.zaxxer.hikari.HikariDataSource - HikariPool-7 - Starting...
2025-03-06 18:07:59 [restartedMain] INFO  com.zaxxer.hikari.pool.HikariPool - HikariPool-7 - Added connection org.postgresql.jdbc.PgConnection@b4bb48e
2025-03-06 18:07:59 [restartedMain] INFO  com.zaxxer.hikari.HikariDataSource - HikariPool-7 - Start completed.
2025-03-06 18:07:59 [restartedMain] INFO  o.hibernate.orm.connections.pooling - HHH10001005: Database info:
	Database JDBC URL [Connecting through datasource 'HikariDataSource (HikariPool-7)']
	Database driver: undefined/unknown
	Database version: 14.17
	Autocommit mode: undefined/unknown
	Isolation level: undefined/unknown
	Minimum pool size: undefined/unknown
	Maximum pool size: undefined/unknown
2025-03-06 18:07:59 [restartedMain] INFO  o.h.e.t.j.p.i.JtaPlatformInitiator - HHH000489: No JTA platform available (set 'hibernate.transaction.jta.platform' to enable JTA platform integration)
2025-03-06 18:08:00 [restartedMain] INFO  o.s.o.j.LocalContainerEntityManagerFactoryBean - Initialized JPA EntityManagerFactory for persistence unit 'default'
2025-03-06 18:08:01 [restartedMain] WARN  o.s.b.a.o.j.JpaBaseConfiguration$JpaWebConfiguration - spring.jpa.open-in-view is enabled by default. Therefore, database queries may be performed during view rendering. Explicitly configure spring.jpa.open-in-view to disable this warning
2025-03-06 18:08:01 [restartedMain] INFO  o.s.s.c.a.a.c.InitializeUserDetailsBeanManagerConfigurer$InitializeUserDetailsManagerConfigurer - Global AuthenticationManager configured with UserDetailsService bean with name customUserDetailsService
2025-03-06 18:08:01 [restartedMain] INFO  o.s.b.d.a.OptionalLiveReloadServer - LiveReload server is running on port 35729
2025-03-06 18:08:01 [restartedMain] INFO  o.a.coyote.http11.Http11NioProtocol - Starting ProtocolHandler ["http-nio-8080"]
2025-03-06 18:08:01 [restartedMain] INFO  o.s.b.w.e.tomcat.TomcatWebServer - Tomcat started on port 8080 (http) with context path '/rev-aux'
2025-03-06 18:08:01 [restartedMain] INFO  com.yts.revaux.RevAuxApplication - Started RevAuxApplication in 2.028 seconds (process running for 2425.479)
2025-03-06 18:08:01 [restartedMain] INFO  o.s.b.d.a.ConditionEvaluationDeltaLoggingListener - Condition evaluation unchanged
2025-03-06 18:08:01 [http-nio-8080-exec-1] INFO  o.a.c.c.C.[.[localhost].[/rev-aux] - Initializing Spring DispatcherServlet 'dispatcherServlet'
2025-03-06 18:08:01 [http-nio-8080-exec-1] INFO  o.s.web.servlet.DispatcherServlet - Initializing Servlet 'dispatcherServlet'
2025-03-06 18:08:01 [http-nio-8080-exec-1] INFO  o.s.web.servlet.DispatcherServlet - Completed initialization in 1 ms
2025-03-06 18:08:01 [http-nio-8080-exec-1] WARN  c.y.r.config.JwtAuthenticationFilter - ❌ No valid JWT token found in cookies!
2025-03-06 18:08:01 [http-nio-8080-exec-2] WARN  c.y.r.config.JwtAuthenticationFilter - ❌ No valid JWT token found in cookies!
2025-03-06 18:08:01 [http-nio-8080-exec-5] WARN  c.y.r.config.JwtAuthenticationFilter - ❌ No valid JWT token found in cookies!
2025-03-06 18:08:01 [http-nio-8080-exec-4] WARN  c.y.r.config.JwtAuthenticationFilter - ❌ No valid JWT token found in cookies!
2025-03-06 18:08:01 [http-nio-8080-exec-3] WARN  c.y.r.config.JwtAuthenticationFilter - ❌ No valid JWT token found in cookies!
2025-03-06 18:08:01 [http-nio-8080-exec-7] WARN  c.y.r.config.JwtAuthenticationFilter - ❌ No valid JWT token found in cookies!
2025-03-06 18:08:01 [http-nio-8080-exec-6] WARN  c.y.r.config.JwtAuthenticationFilter - ❌ No valid JWT token found in cookies!
2025-03-06 18:08:01 [http-nio-8080-exec-8] WARN  c.y.r.config.JwtAuthenticationFilter - ❌ No valid JWT token found in cookies!
2025-03-06 18:08:01 [http-nio-8080-exec-9] WARN  c.y.r.config.JwtAuthenticationFilter - ❌ No valid JWT token found in cookies!
2025-03-06 18:08:01 [http-nio-8080-exec-10] WARN  c.y.r.config.JwtAuthenticationFilter - ❌ No valid JWT token found in cookies!
2025-03-06 18:08:53 [http-nio-8080-exec-1] WARN  c.y.r.config.JwtAuthenticationFilter - ❌ No valid JWT token found in cookies!
2025-03-06 18:08:53 [http-nio-8080-exec-4] WARN  c.y.r.config.JwtAuthenticationFilter - ❌ No valid JWT token found in cookies!
2025-03-06 18:08:53 [http-nio-8080-exec-5] WARN  c.y.r.config.JwtAuthenticationFilter - ❌ No valid JWT token found in cookies!
2025-03-06 18:08:53 [http-nio-8080-exec-8] WARN  c.y.r.config.JwtAuthenticationFilter - ❌ No valid JWT token found in cookies!
2025-03-06 18:08:53 [http-nio-8080-exec-3] WARN  c.y.r.config.JwtAuthenticationFilter - ❌ No valid JWT token found in cookies!
2025-03-06 18:08:53 [http-nio-8080-exec-2] WARN  c.y.r.config.JwtAuthenticationFilter - ❌ No valid JWT token found in cookies!
2025-03-06 18:08:53 [http-nio-8080-exec-7] WARN  c.y.r.config.JwtAuthenticationFilter - ❌ No valid JWT token found in cookies!
2025-03-06 18:08:53 [http-nio-8080-exec-6] WARN  c.y.r.config.JwtAuthenticationFilter - ❌ No valid JWT token found in cookies!
2025-03-06 18:08:53 [http-nio-8080-exec-9] WARN  c.y.r.config.JwtAuthenticationFilter - ❌ No valid JWT token found in cookies!
2025-03-06 18:08:53 [http-nio-8080-exec-1] WARN  c.y.r.config.JwtAuthenticationFilter - ❌ No valid JWT token found in cookies!
2025-03-06 18:08:53 [http-nio-8080-exec-10] WARN  c.y.r.config.JwtAuthenticationFilter - ❌ No valid JWT token found in cookies!
2025-03-06 18:08:53 [http-nio-8080-exec-4] WARN  c.y.r.config.JwtAuthenticationFilter - ❌ No valid JWT token found in cookies!
2025-03-06 18:08:53 [http-nio-8080-exec-5] WARN  c.y.r.config.JwtAuthenticationFilter - ❌ No valid JWT token found in cookies!
2025-03-06 18:08:53 [http-nio-8080-exec-7] WARN  c.y.r.config.JwtAuthenticationFilter - ❌ No valid JWT token found in cookies!
2025-03-06 18:08:53 [http-nio-8080-exec-2] WARN  c.y.r.config.JwtAuthenticationFilter - ❌ No valid JWT token found in cookies!
2025-03-06 18:08:53 [http-nio-8080-exec-8] WARN  c.y.r.config.JwtAuthenticationFilter - ❌ No valid JWT token found in cookies!
2025-03-06 18:08:53 [http-nio-8080-exec-3] WARN  c.y.r.config.JwtAuthenticationFilter - ❌ No valid JWT token found in cookies!
2025-03-06 18:08:53 [http-nio-8080-exec-6] WARN  c.y.r.config.JwtAuthenticationFilter - ❌ No valid JWT token found in cookies!
2025-03-06 18:08:53 [http-nio-8080-exec-9] WARN  c.y.r.config.JwtAuthenticationFilter - ❌ No valid JWT token found in cookies!
2025-03-06 18:08:53 [http-nio-8080-exec-4] WARN  c.y.r.config.JwtAuthenticationFilter - ❌ No valid JWT token found in cookies!
2025-03-06 18:08:53 [http-nio-8080-exec-10] WARN  c.y.r.config.JwtAuthenticationFilter - ❌ No valid JWT token found in cookies!
2025-03-06 18:08:53 [http-nio-8080-exec-5] WARN  c.y.r.config.JwtAuthenticationFilter - ❌ No valid JWT token found in cookies!
2025-03-06 18:08:53 [http-nio-8080-exec-7] WARN  c.y.r.config.JwtAuthenticationFilter - ❌ No valid JWT token found in cookies!
2025-03-06 18:08:53 [http-nio-8080-exec-3] WARN  c.y.r.config.JwtAuthenticationFilter - ❌ No valid JWT token found in cookies!
2025-03-06 18:08:53 [http-nio-8080-exec-1] WARN  c.y.r.config.JwtAuthenticationFilter - ❌ No valid JWT token found in cookies!
2025-03-06 18:08:53 [http-nio-8080-exec-8] WARN  c.y.r.config.JwtAuthenticationFilter - ❌ No valid JWT token found in cookies!
2025-03-06 18:08:53 [http-nio-8080-exec-4] WARN  c.y.r.config.JwtAuthenticationFilter - ❌ No valid JWT token found in cookies!
2025-03-06 18:08:53 [http-nio-8080-exec-2] WARN  c.y.r.config.JwtAuthenticationFilter - ❌ No valid JWT token found in cookies!
2025-03-06 18:08:53 [http-nio-8080-exec-9] WARN  c.y.r.config.JwtAuthenticationFilter - ❌ No valid JWT token found in cookies!
2025-03-06 18:08:53 [http-nio-8080-exec-6] WARN  c.y.r.config.JwtAuthenticationFilter - ❌ No valid JWT token found in cookies!
2025-03-06 18:08:53 [http-nio-8080-exec-10] WARN  c.y.r.config.JwtAuthenticationFilter - ❌ No valid JWT token found in cookies!
2025-03-06 18:08:53 [http-nio-8080-exec-1] WARN  c.y.r.config.JwtAuthenticationFilter - ❌ No valid JWT token found in cookies!
2025-03-06 18:08:53 [http-nio-8080-exec-8] WARN  c.y.r.config.JwtAuthenticationFilter - ❌ No valid JWT token found in cookies!
2025-03-06 18:08:53 [http-nio-8080-exec-5] WARN  c.y.r.config.JwtAuthenticationFilter - ❌ No valid JWT token found in cookies!
2025-03-06 18:08:53 [http-nio-8080-exec-3] WARN  c.y.r.config.JwtAuthenticationFilter - ❌ No valid JWT token found in cookies!
2025-03-06 18:08:53 [http-nio-8080-exec-7] WARN  c.y.r.config.JwtAuthenticationFilter - ❌ No valid JWT token found in cookies!
2025-03-06 18:08:53 [http-nio-8080-exec-2] WARN  c.y.r.config.JwtAuthenticationFilter - ❌ No valid JWT token found in cookies!
2025-03-06 18:08:53 [http-nio-8080-exec-9] WARN  c.y.r.config.JwtAuthenticationFilter - ❌ No valid JWT token found in cookies!
2025-03-06 18:08:53 [http-nio-8080-exec-4] WARN  c.y.r.config.JwtAuthenticationFilter - ❌ No valid JWT token found in cookies!
2025-03-06 18:08:53 [http-nio-8080-exec-6] WARN  c.y.r.config.JwtAuthenticationFilter - ❌ No valid JWT token found in cookies!
2025-03-06 18:08:53 [http-nio-8080-exec-10] WARN  c.y.r.config.JwtAuthenticationFilter - ❌ No valid JWT token found in cookies!
2025-03-06 18:08:53 [http-nio-8080-exec-1] WARN  c.y.r.config.JwtAuthenticationFilter - ❌ No valid JWT token found in cookies!
2025-03-06 18:08:53 [http-nio-8080-exec-7] WARN  c.y.r.config.JwtAuthenticationFilter - ❌ No valid JWT token found in cookies!
2025-03-06 18:08:53 [http-nio-8080-exec-3] WARN  c.y.r.config.JwtAuthenticationFilter - ❌ No valid JWT token found in cookies!
2025-03-06 18:08:53 [http-nio-8080-exec-5] WARN  c.y.r.config.JwtAuthenticationFilter - ❌ No valid JWT token found in cookies!
2025-03-06 18:08:53 [http-nio-8080-exec-6] WARN  c.y.r.config.JwtAuthenticationFilter - ❌ No valid JWT token found in cookies!
2025-03-06 18:08:53 [http-nio-8080-exec-10] WARN  c.y.r.config.JwtAuthenticationFilter - ❌ No valid JWT token found in cookies!
2025-03-06 18:08:53 [http-nio-8080-exec-4] WARN  c.y.r.config.JwtAuthenticationFilter - ❌ No valid JWT token found in cookies!
2025-03-06 18:08:53 [http-nio-8080-exec-8] WARN  c.y.r.config.JwtAuthenticationFilter - ❌ No valid JWT token found in cookies!
2025-03-06 18:08:53 [http-nio-8080-exec-9] WARN  c.y.r.config.JwtAuthenticationFilter - ❌ No valid JWT token found in cookies!
2025-03-06 18:08:53 [http-nio-8080-exec-2] WARN  c.y.r.config.JwtAuthenticationFilter - ❌ No valid JWT token found in cookies!
2025-03-06 18:08:53 [http-nio-8080-exec-1] WARN  c.y.r.config.JwtAuthenticationFilter - ❌ No valid JWT token found in cookies!
2025-03-06 18:08:53 [http-nio-8080-exec-7] WARN  c.y.r.config.JwtAuthenticationFilter - ❌ No valid JWT token found in cookies!
2025-03-06 18:08:54 [http-nio-8080-exec-6] WARN  c.y.r.config.JwtAuthenticationFilter - ❌ No valid JWT token found in cookies!
2025-03-06 18:08:54 [http-nio-8080-exec-3] WARN  c.y.r.config.JwtAuthenticationFilter - ❌ No valid JWT token found in cookies!
2025-03-06 18:08:54 [http-nio-8080-exec-5] WARN  c.y.r.config.JwtAuthenticationFilter - ❌ No valid JWT token found in cookies!
2025-03-06 18:08:54 [http-nio-8080-exec-9] WARN  c.y.r.config.JwtAuthenticationFilter - ❌ No valid JWT token found in cookies!
2025-03-06 18:08:54 [http-nio-8080-exec-4] WARN  c.y.r.config.JwtAuthenticationFilter - ❌ No valid JWT token found in cookies!
2025-03-06 18:08:54 [http-nio-8080-exec-8] WARN  c.y.r.config.JwtAuthenticationFilter - ❌ No valid JWT token found in cookies!
2025-03-06 18:08:54 [http-nio-8080-exec-10] WARN  c.y.r.config.JwtAuthenticationFilter - ❌ No valid JWT token found in cookies!
2025-03-06 18:08:55 [http-nio-8080-exec-2] WARN  c.y.r.config.JwtAuthenticationFilter - ❌ No valid JWT token found in cookies!
2025-03-06 18:08:55 [http-nio-8080-exec-2] INFO  c.y.r.n.w.rest.NtQuoteListController - Fetching all NT Quotes
2025-03-06 18:08:55 [http-nio-8080-exec-1] WARN  c.y.r.config.JwtAuthenticationFilter - ❌ No valid JWT token found in cookies!
2025-03-06 18:08:56 [http-nio-8080-exec-7] WARN  c.y.r.config.JwtAuthenticationFilter - ❌ No valid JWT token found in cookies!
2025-03-06 18:09:11 [http-nio-8080-exec-6] WARN  c.y.r.config.JwtAuthenticationFilter - ❌ No valid JWT token found in cookies!
2025-03-06 18:09:11 [http-nio-8080-exec-9] WARN  c.y.r.config.JwtAuthenticationFilter - ❌ No valid JWT token found in cookies!
2025-03-06 18:09:11 [http-nio-8080-exec-10] WARN  c.y.r.config.JwtAuthenticationFilter - ❌ No valid JWT token found in cookies!
2025-03-06 18:09:11 [http-nio-8080-exec-1] WARN  c.y.r.config.JwtAuthenticationFilter - ❌ No valid JWT token found in cookies!
2025-03-06 18:09:11 [http-nio-8080-exec-2] WARN  c.y.r.config.JwtAuthenticationFilter - ❌ No valid JWT token found in cookies!
2025-03-06 18:09:11 [http-nio-8080-exec-7] WARN  c.y.r.config.JwtAuthenticationFilter - ❌ No valid JWT token found in cookies!
2025-03-06 18:09:11 [http-nio-8080-exec-3] WARN  c.y.r.config.JwtAuthenticationFilter - ❌ No valid JWT token found in cookies!
2025-03-06 18:09:11 [http-nio-8080-exec-6] WARN  c.y.r.config.JwtAuthenticationFilter - ❌ No valid JWT token found in cookies!
2025-03-06 18:09:11 [http-nio-8080-exec-5] WARN  c.y.r.config.JwtAuthenticationFilter - ❌ No valid JWT token found in cookies!
2025-03-06 18:09:11 [http-nio-8080-exec-8] WARN  c.y.r.config.JwtAuthenticationFilter - ❌ No valid JWT token found in cookies!
2025-03-06 18:09:11 [http-nio-8080-exec-4] WARN  c.y.r.config.JwtAuthenticationFilter - ❌ No valid JWT token found in cookies!
2025-03-06 18:09:11 [http-nio-8080-exec-9] WARN  c.y.r.config.JwtAuthenticationFilter - ❌ No valid JWT token found in cookies!
2025-03-06 18:09:11 [http-nio-8080-exec-10] WARN  c.y.r.config.JwtAuthenticationFilter - ❌ No valid JWT token found in cookies!
2025-03-06 18:09:11 [http-nio-8080-exec-1] WARN  c.y.r.config.JwtAuthenticationFilter - ❌ No valid JWT token found in cookies!
2025-03-06 18:09:11 [http-nio-8080-exec-7] WARN  c.y.r.config.JwtAuthenticationFilter - ❌ No valid JWT token found in cookies!
2025-03-06 18:09:11 [http-nio-8080-exec-3] WARN  c.y.r.config.JwtAuthenticationFilter - ❌ No valid JWT token found in cookies!
2025-03-06 18:09:11 [http-nio-8080-exec-2] WARN  c.y.r.config.JwtAuthenticationFilter - ❌ No valid JWT token found in cookies!
2025-03-06 18:09:11 [http-nio-8080-exec-5] WARN  c.y.r.config.JwtAuthenticationFilter - ❌ No valid JWT token found in cookies!
2025-03-06 18:09:11 [http-nio-8080-exec-6] WARN  c.y.r.config.JwtAuthenticationFilter - ❌ No valid JWT token found in cookies!
2025-03-06 18:09:11 [http-nio-8080-exec-8] WARN  c.y.r.config.JwtAuthenticationFilter - ❌ No valid JWT token found in cookies!
2025-03-06 18:09:11 [http-nio-8080-exec-4] WARN  c.y.r.config.JwtAuthenticationFilter - ❌ No valid JWT token found in cookies!
2025-03-06 18:09:11 [http-nio-8080-exec-9] WARN  c.y.r.config.JwtAuthenticationFilter - ❌ No valid JWT token found in cookies!
2025-03-06 18:09:11 [http-nio-8080-exec-10] WARN  c.y.r.config.JwtAuthenticationFilter - ❌ No valid JWT token found in cookies!
2025-03-06 18:09:11 [http-nio-8080-exec-1] WARN  c.y.r.config.JwtAuthenticationFilter - ❌ No valid JWT token found in cookies!
2025-03-06 18:09:11 [http-nio-8080-exec-3] WARN  c.y.r.config.JwtAuthenticationFilter - ❌ No valid JWT token found in cookies!
2025-03-06 18:09:11 [http-nio-8080-exec-7] WARN  c.y.r.config.JwtAuthenticationFilter - ❌ No valid JWT token found in cookies!
2025-03-06 18:09:11 [http-nio-8080-exec-5] WARN  c.y.r.config.JwtAuthenticationFilter - ❌ No valid JWT token found in cookies!
2025-03-06 18:09:11 [http-nio-8080-exec-6] WARN  c.y.r.config.JwtAuthenticationFilter - ❌ No valid JWT token found in cookies!
2025-03-06 18:09:11 [http-nio-8080-exec-2] WARN  c.y.r.config.JwtAuthenticationFilter - ❌ No valid JWT token found in cookies!
2025-03-06 18:09:11 [http-nio-8080-exec-8] WARN  c.y.r.config.JwtAuthenticationFilter - ❌ No valid JWT token found in cookies!
2025-03-06 18:09:11 [http-nio-8080-exec-4] WARN  c.y.r.config.JwtAuthenticationFilter - ❌ No valid JWT token found in cookies!
2025-03-06 18:09:11 [http-nio-8080-exec-9] WARN  c.y.r.config.JwtAuthenticationFilter - ❌ No valid JWT token found in cookies!
2025-03-06 18:09:11 [http-nio-8080-exec-10] WARN  c.y.r.config.JwtAuthenticationFilter - ❌ No valid JWT token found in cookies!
2025-03-06 18:09:11 [http-nio-8080-exec-1] WARN  c.y.r.config.JwtAuthenticationFilter - ❌ No valid JWT token found in cookies!
2025-03-06 18:09:11 [http-nio-8080-exec-3] WARN  c.y.r.config.JwtAuthenticationFilter - ❌ No valid JWT token found in cookies!
2025-03-06 18:09:11 [http-nio-8080-exec-7] WARN  c.y.r.config.JwtAuthenticationFilter - ❌ No valid JWT token found in cookies!
2025-03-06 18:09:11 [http-nio-8080-exec-6] WARN  c.y.r.config.JwtAuthenticationFilter - ❌ No valid JWT token found in cookies!
2025-03-06 18:09:11 [http-nio-8080-exec-5] WARN  c.y.r.config.JwtAuthenticationFilter - ❌ No valid JWT token found in cookies!
2025-03-06 18:09:11 [http-nio-8080-exec-2] WARN  c.y.r.config.JwtAuthenticationFilter - ❌ No valid JWT token found in cookies!
2025-03-06 18:09:11 [http-nio-8080-exec-8] WARN  c.y.r.config.JwtAuthenticationFilter - ❌ No valid JWT token found in cookies!
2025-03-06 18:09:11 [http-nio-8080-exec-3] WARN  c.y.r.config.JwtAuthenticationFilter - ❌ No valid JWT token found in cookies!
2025-03-06 18:09:11 [http-nio-8080-exec-7] WARN  c.y.r.config.JwtAuthenticationFilter - ❌ No valid JWT token found in cookies!
2025-03-06 18:09:11 [http-nio-8080-exec-10] WARN  c.y.r.config.JwtAuthenticationFilter - ❌ No valid JWT token found in cookies!
2025-03-06 18:09:11 [http-nio-8080-exec-1] WARN  c.y.r.config.JwtAuthenticationFilter - ❌ No valid JWT token found in cookies!
2025-03-06 18:09:11 [http-nio-8080-exec-9] WARN  c.y.r.config.JwtAuthenticationFilter - ❌ No valid JWT token found in cookies!
2025-03-06 18:09:11 [http-nio-8080-exec-4] WARN  c.y.r.config.JwtAuthenticationFilter - ❌ No valid JWT token found in cookies!
2025-03-06 18:09:11 [http-nio-8080-exec-2] WARN  c.y.r.config.JwtAuthenticationFilter - ❌ No valid JWT token found in cookies!
2025-03-06 18:09:11 [http-nio-8080-exec-6] WARN  c.y.r.config.JwtAuthenticationFilter - ❌ No valid JWT token found in cookies!
2025-03-06 18:09:11 [http-nio-8080-exec-8] WARN  c.y.r.config.JwtAuthenticationFilter - ❌ No valid JWT token found in cookies!
2025-03-06 18:09:11 [http-nio-8080-exec-3] WARN  c.y.r.config.JwtAuthenticationFilter - ❌ No valid JWT token found in cookies!
2025-03-06 18:09:11 [http-nio-8080-exec-5] WARN  c.y.r.config.JwtAuthenticationFilter - ❌ No valid JWT token found in cookies!
2025-03-06 18:09:11 [http-nio-8080-exec-1] WARN  c.y.r.config.JwtAuthenticationFilter - ❌ No valid JWT token found in cookies!
2025-03-06 18:09:11 [http-nio-8080-exec-7] WARN  c.y.r.config.JwtAuthenticationFilter - ❌ No valid JWT token found in cookies!
2025-03-06 18:09:12 [http-nio-8080-exec-10] WARN  c.y.r.config.JwtAuthenticationFilter - ❌ No valid JWT token found in cookies!
2025-03-06 18:09:12 [http-nio-8080-exec-2] WARN  c.y.r.config.JwtAuthenticationFilter - ❌ No valid JWT token found in cookies!
2025-03-06 18:09:12 [http-nio-8080-exec-6] WARN  c.y.r.config.JwtAuthenticationFilter - ❌ No valid JWT token found in cookies!
2025-03-06 18:09:12 [http-nio-8080-exec-9] WARN  c.y.r.config.JwtAuthenticationFilter - ❌ No valid JWT token found in cookies!
2025-03-06 18:09:12 [http-nio-8080-exec-4] WARN  c.y.r.config.JwtAuthenticationFilter - ❌ No valid JWT token found in cookies!
2025-03-06 18:09:12 [http-nio-8080-exec-8] WARN  c.y.r.config.JwtAuthenticationFilter - ❌ No valid JWT token found in cookies!
2025-03-06 18:09:12 [http-nio-8080-exec-5] WARN  c.y.r.config.JwtAuthenticationFilter - ❌ No valid JWT token found in cookies!
2025-03-06 18:09:13 [http-nio-8080-exec-1] WARN  c.y.r.config.JwtAuthenticationFilter - ❌ No valid JWT token found in cookies!
2025-03-06 18:09:13 [http-nio-8080-exec-9] WARN  c.y.r.config.JwtAuthenticationFilter - ❌ No valid JWT token found in cookies!
2025-03-06 18:09:13 [http-nio-8080-exec-2] WARN  c.y.r.config.JwtAuthenticationFilter - ❌ No valid JWT token found in cookies!
2025-03-06 18:09:13 [http-nio-8080-exec-3] WARN  c.y.r.config.JwtAuthenticationFilter - ❌ No valid JWT token found in cookies!
2025-03-06 18:09:13 [http-nio-8080-exec-4] WARN  c.y.r.config.JwtAuthenticationFilter - ❌ No valid JWT token found in cookies!
2025-03-06 18:09:13 [http-nio-8080-exec-7] WARN  c.y.r.config.JwtAuthenticationFilter - ❌ No valid JWT token found in cookies!
2025-03-06 18:09:14 [http-nio-8080-exec-8] WARN  c.y.r.config.JwtAuthenticationFilter - ❌ No valid JWT token found in cookies!
2025-03-06 18:09:14 [http-nio-8080-exec-8] INFO  c.y.r.n.w.rest.NtQuoteListController - Fetching all NT Quotes
2025-03-06 18:09:14 [http-nio-8080-exec-6] WARN  c.y.r.config.JwtAuthenticationFilter - ❌ No valid JWT token found in cookies!
2025-03-06 18:09:14 [http-nio-8080-exec-10] WARN  c.y.r.config.JwtAuthenticationFilter - ❌ No valid JWT token found in cookies!
2025-03-06 18:09:33 [http-nio-8080-exec-5] WARN  c.y.r.config.JwtAuthenticationFilter - ❌ No valid JWT token found in cookies!
2025-03-06 18:09:33 [http-nio-8080-exec-3] WARN  c.y.r.config.JwtAuthenticationFilter - ❌ No valid JWT token found in cookies!
2025-03-06 18:09:33 [http-nio-8080-exec-9] WARN  c.y.r.config.JwtAuthenticationFilter - ❌ No valid JWT token found in cookies!
2025-03-06 18:09:33 [http-nio-8080-exec-2] WARN  c.y.r.config.JwtAuthenticationFilter - ❌ No valid JWT token found in cookies!
2025-03-06 18:09:33 [http-nio-8080-exec-4] WARN  c.y.r.config.JwtAuthenticationFilter - ❌ No valid JWT token found in cookies!
2025-03-06 18:09:33 [http-nio-8080-exec-1] WARN  c.y.r.config.JwtAuthenticationFilter - ❌ No valid JWT token found in cookies!
2025-03-06 18:09:33 [http-nio-8080-exec-6] WARN  c.y.r.config.JwtAuthenticationFilter - ❌ No valid JWT token found in cookies!
2025-03-06 18:09:33 [http-nio-8080-exec-7] WARN  c.y.r.config.JwtAuthenticationFilter - ❌ No valid JWT token found in cookies!
2025-03-06 18:09:33 [http-nio-8080-exec-5] WARN  c.y.r.config.JwtAuthenticationFilter - ❌ No valid JWT token found in cookies!
2025-03-06 18:09:33 [http-nio-8080-exec-10] WARN  c.y.r.config.JwtAuthenticationFilter - ❌ No valid JWT token found in cookies!
2025-03-06 18:09:33 [http-nio-8080-exec-8] WARN  c.y.r.config.JwtAuthenticationFilter - ❌ No valid JWT token found in cookies!
2025-03-06 18:09:33 [http-nio-8080-exec-3] WARN  c.y.r.config.JwtAuthenticationFilter - ❌ No valid JWT token found in cookies!
2025-03-06 18:09:33 [http-nio-8080-exec-9] WARN  c.y.r.config.JwtAuthenticationFilter - ❌ No valid JWT token found in cookies!
2025-03-06 18:09:33 [http-nio-8080-exec-4] WARN  c.y.r.config.JwtAuthenticationFilter - ❌ No valid JWT token found in cookies!
2025-03-06 18:09:33 [http-nio-8080-exec-6] WARN  c.y.r.config.JwtAuthenticationFilter - ❌ No valid JWT token found in cookies!
2025-03-06 18:09:33 [http-nio-8080-exec-1] WARN  c.y.r.config.JwtAuthenticationFilter - ❌ No valid JWT token found in cookies!
2025-03-06 18:09:33 [http-nio-8080-exec-2] WARN  c.y.r.config.JwtAuthenticationFilter - ❌ No valid JWT token found in cookies!
2025-03-06 18:09:33 [http-nio-8080-exec-7] WARN  c.y.r.config.JwtAuthenticationFilter - ❌ No valid JWT token found in cookies!
2025-03-06 18:09:33 [http-nio-8080-exec-10] WARN  c.y.r.config.JwtAuthenticationFilter - ❌ No valid JWT token found in cookies!
2025-03-06 18:09:33 [http-nio-8080-exec-8] WARN  c.y.r.config.JwtAuthenticationFilter - ❌ No valid JWT token found in cookies!
2025-03-06 18:09:33 [http-nio-8080-exec-3] WARN  c.y.r.config.JwtAuthenticationFilter - ❌ No valid JWT token found in cookies!
2025-03-06 18:09:33 [http-nio-8080-exec-9] WARN  c.y.r.config.JwtAuthenticationFilter - ❌ No valid JWT token found in cookies!
2025-03-06 18:09:33 [http-nio-8080-exec-2] WARN  c.y.r.config.JwtAuthenticationFilter - ❌ No valid JWT token found in cookies!
2025-03-06 18:09:33 [http-nio-8080-exec-5] WARN  c.y.r.config.JwtAuthenticationFilter - ❌ No valid JWT token found in cookies!
2025-03-06 18:09:33 [http-nio-8080-exec-1] WARN  c.y.r.config.JwtAuthenticationFilter - ❌ No valid JWT token found in cookies!
2025-03-06 18:09:33 [http-nio-8080-exec-6] WARN  c.y.r.config.JwtAuthenticationFilter - ❌ No valid JWT token found in cookies!
2025-03-06 18:09:33 [http-nio-8080-exec-4] WARN  c.y.r.config.JwtAuthenticationFilter - ❌ No valid JWT token found in cookies!
2025-03-06 18:09:33 [http-nio-8080-exec-10] WARN  c.y.r.config.JwtAuthenticationFilter - ❌ No valid JWT token found in cookies!
2025-03-06 18:09:33 [http-nio-8080-exec-7] WARN  c.y.r.config.JwtAuthenticationFilter - ❌ No valid JWT token found in cookies!
2025-03-06 18:09:33 [http-nio-8080-exec-8] WARN  c.y.r.config.JwtAuthenticationFilter - ❌ No valid JWT token found in cookies!
2025-03-06 18:09:33 [http-nio-8080-exec-3] WARN  c.y.r.config.JwtAuthenticationFilter - ❌ No valid JWT token found in cookies!
2025-03-06 18:09:33 [http-nio-8080-exec-2] WARN  c.y.r.config.JwtAuthenticationFilter - ❌ No valid JWT token found in cookies!
2025-03-06 18:09:33 [http-nio-8080-exec-1] WARN  c.y.r.config.JwtAuthenticationFilter - ❌ No valid JWT token found in cookies!
2025-03-06 18:09:33 [http-nio-8080-exec-5] WARN  c.y.r.config.JwtAuthenticationFilter - ❌ No valid JWT token found in cookies!
2025-03-06 18:09:33 [http-nio-8080-exec-6] WARN  c.y.r.config.JwtAuthenticationFilter - ❌ No valid JWT token found in cookies!
2025-03-06 18:09:33 [http-nio-8080-exec-9] WARN  c.y.r.config.JwtAuthenticationFilter - ❌ No valid JWT token found in cookies!
2025-03-06 18:09:33 [http-nio-8080-exec-10] WARN  c.y.r.config.JwtAuthenticationFilter - ❌ No valid JWT token found in cookies!
2025-03-06 18:09:33 [http-nio-8080-exec-4] WARN  c.y.r.config.JwtAuthenticationFilter - ❌ No valid JWT token found in cookies!
2025-03-06 18:09:33 [http-nio-8080-exec-7] WARN  c.y.r.config.JwtAuthenticationFilter - ❌ No valid JWT token found in cookies!
2025-03-06 18:09:33 [http-nio-8080-exec-8] WARN  c.y.r.config.JwtAuthenticationFilter - ❌ No valid JWT token found in cookies!
2025-03-06 18:09:33 [http-nio-8080-exec-3] WARN  c.y.r.config.JwtAuthenticationFilter - ❌ No valid JWT token found in cookies!
2025-03-06 18:09:33 [http-nio-8080-exec-5] WARN  c.y.r.config.JwtAuthenticationFilter - ❌ No valid JWT token found in cookies!
2025-03-06 18:09:33 [http-nio-8080-exec-2] WARN  c.y.r.config.JwtAuthenticationFilter - ❌ No valid JWT token found in cookies!
2025-03-06 18:09:33 [http-nio-8080-exec-1] WARN  c.y.r.config.JwtAuthenticationFilter - ❌ No valid JWT token found in cookies!
2025-03-06 18:09:33 [http-nio-8080-exec-6] WARN  c.y.r.config.JwtAuthenticationFilter - ❌ No valid JWT token found in cookies!
2025-03-06 18:09:34 [http-nio-8080-exec-9] WARN  c.y.r.config.JwtAuthenticationFilter - ❌ No valid JWT token found in cookies!
2025-03-06 18:09:34 [http-nio-8080-exec-3] WARN  c.y.r.config.JwtAuthenticationFilter - ❌ No valid JWT token found in cookies!
2025-03-06 18:09:34 [http-nio-8080-exec-4] WARN  c.y.r.config.JwtAuthenticationFilter - ❌ No valid JWT token found in cookies!
2025-03-06 18:09:34 [http-nio-8080-exec-7] WARN  c.y.r.config.JwtAuthenticationFilter - ❌ No valid JWT token found in cookies!
2025-03-06 18:09:34 [http-nio-8080-exec-8] WARN  c.y.r.config.JwtAuthenticationFilter - ❌ No valid JWT token found in cookies!
2025-03-06 18:09:34 [http-nio-8080-exec-10] WARN  c.y.r.config.JwtAuthenticationFilter - ❌ No valid JWT token found in cookies!
2025-03-06 18:09:34 [http-nio-8080-exec-5] WARN  c.y.r.config.JwtAuthenticationFilter - ❌ No valid JWT token found in cookies!
2025-03-06 18:09:34 [http-nio-8080-exec-1] WARN  c.y.r.config.JwtAuthenticationFilter - ❌ No valid JWT token found in cookies!
2025-03-06 18:09:35 [http-nio-8080-exec-2] WARN  c.y.r.config.JwtAuthenticationFilter - ❌ No valid JWT token found in cookies!
2025-03-06 18:09:35 [http-nio-8080-exec-8] WARN  c.y.r.config.JwtAuthenticationFilter - ❌ No valid JWT token found in cookies!
2025-03-06 18:09:35 [http-nio-8080-exec-6] WARN  c.y.r.config.JwtAuthenticationFilter - ❌ No valid JWT token found in cookies!
2025-03-06 18:09:35 [http-nio-8080-exec-4] WARN  c.y.r.config.JwtAuthenticationFilter - ❌ No valid JWT token found in cookies!
2025-03-06 18:09:35 [http-nio-8080-exec-7] WARN  c.y.r.config.JwtAuthenticationFilter - ❌ No valid JWT token found in cookies!
2025-03-06 18:09:35 [http-nio-8080-exec-3] WARN  c.y.r.config.JwtAuthenticationFilter - ❌ No valid JWT token found in cookies!
2025-03-06 18:09:35 [http-nio-8080-exec-9] WARN  c.y.r.config.JwtAuthenticationFilter - ❌ No valid JWT token found in cookies!
2025-03-06 18:09:36 [http-nio-8080-exec-10] WARN  c.y.r.config.JwtAuthenticationFilter - ❌ No valid JWT token found in cookies!
2025-03-06 18:09:36 [http-nio-8080-exec-5] WARN  c.y.r.config.JwtAuthenticationFilter - ❌ No valid JWT token found in cookies!
2025-03-06 18:09:36 [http-nio-8080-exec-1] WARN  c.y.r.config.JwtAuthenticationFilter - ❌ No valid JWT token found in cookies!
2025-03-06 18:09:36 [http-nio-8080-exec-6] WARN  c.y.r.config.JwtAuthenticationFilter - ❌ No valid JWT token found in cookies!
2025-03-06 18:09:36 [http-nio-8080-exec-4] WARN  c.y.r.config.JwtAuthenticationFilter - ❌ No valid JWT token found in cookies!
2025-03-06 18:09:36 [http-nio-8080-exec-3] WARN  c.y.r.config.JwtAuthenticationFilter - ❌ No valid JWT token found in cookies!
2025-03-06 18:09:36 [http-nio-8080-exec-7] WARN  c.y.r.config.JwtAuthenticationFilter - ❌ No valid JWT token found in cookies!
2025-03-06 18:09:36 [http-nio-8080-exec-2] WARN  c.y.r.config.JwtAuthenticationFilter - ❌ No valid JWT token found in cookies!
2025-03-06 18:09:36 [http-nio-8080-exec-8] WARN  c.y.r.config.JwtAuthenticationFilter - ❌ No valid JWT token found in cookies!
2025-03-06 18:09:36 [http-nio-8080-exec-9] WARN  c.y.r.config.JwtAuthenticationFilter - ❌ No valid JWT token found in cookies!
2025-03-06 18:09:36 [http-nio-8080-exec-10] WARN  c.y.r.config.JwtAuthenticationFilter - ❌ No valid JWT token found in cookies!
2025-03-06 18:09:43 [http-nio-8080-exec-5] WARN  c.y.r.config.JwtAuthenticationFilter - ❌ No valid JWT token found in cookies!
2025-03-06 18:09:43 [http-nio-8080-exec-5] INFO  c.y.r.n.w.rest.NtQuoteListController - Fetching all NT Quotes
2025-03-06 18:09:43 [http-nio-8080-exec-4] WARN  c.y.r.config.JwtAuthenticationFilter - ❌ No valid JWT token found in cookies!
2025-03-06 18:09:45 [http-nio-8080-exec-3] WARN  c.y.r.config.JwtAuthenticationFilter - ❌ No valid JWT token found in cookies!
2025-03-06 18:09:45 [http-nio-8080-exec-3] INFO  c.y.r.n.w.rest.NtQuoteListController - Fetching all NT Quotes
2025-03-06 18:09:45 [http-nio-8080-exec-1] WARN  c.y.r.config.JwtAuthenticationFilter - ❌ No valid JWT token found in cookies!
2025-03-06 18:09:55 [http-nio-8080-exec-6] WARN  c.y.r.config.JwtAuthenticationFilter - ❌ No valid JWT token found in cookies!
2025-03-06 18:09:55 [http-nio-8080-exec-6] INFO  c.y.r.n.w.rest.NtQuoteListController - Checking if Mold Mannual  file exists -> id: 4,  fileName: ntdemo.xlsx
2025-03-06 18:09:55 [http-nio-8080-exec-6] INFO  c.y.r.n.w.rest.NtQuoteListController - generate Remote Mold Mannual File Path id = 4 fileName = ntdemo.xlsx
2025-03-06 18:09:55 [http-nio-8080-exec-6] INFO  c.y.r.n.w.rest.NtQuoteListController - currentPath  = /home/CPS/NtQuote/MoldMannual/4
2025-03-06 18:09:55 [http-nio-8080-exec-6] INFO  c.y.r.n.w.rest.NtQuoteListController - Generated remote file path: /home/CPS/NtQuote/MoldMannual/4/ntdemo.xlsx
2025-03-06 18:09:55 [http-nio-8080-exec-6] INFO  c.y.r.a.web.rest.AdminRestController - Checking Mold Manual File Exists - id: 4, remoteFilePath: '/home/CPS/NtQuote/MoldMannual/4/ntdemo.xlsx'
2025-03-06 18:09:55 [http-nio-8080-exec-6] INFO  c.y.r.a.web.rest.AdminRestController - File existence count: 0
2025-03-06 18:09:55 [http-nio-8080-exec-6] INFO  c.y.r.n.w.rest.NtQuoteListController - File existence check result: false
2025-03-06 18:09:55 [http-nio-8080-exec-2] WARN  c.y.r.config.JwtAuthenticationFilter - ❌ No valid JWT token found in cookies!
2025-03-06 18:09:55 [http-nio-8080-exec-2] INFO  c.y.r.n.w.rest.NtQuoteListController - id in uploadMoldManualFile: 4
2025-03-06 18:09:55 [http-nio-8080-exec-2] INFO  c.y.r.n.w.rest.NtQuoteListController - files in uploadMoldManualFile: [org.springframework.web.multipart.support.StandardMultipartHttpServletRequest$StandardMultipartFile@3511e4b4]
2025-03-06 18:09:55 [http-nio-8080-exec-2] INFO  c.y.r.a.web.rest.AdminRestController - Upload Mold mannual Attach Files - Service method invoked with fileName: ntdemo.xlsx, id: 4
2025-03-06 18:09:55 [http-nio-8080-exec-2] INFO  c.y.r.a.web.rest.AdminRestController - Data size: 5106 bytes
2025-03-06 18:09:55 [http-nio-8080-exec-2] INFO  c.y.r.a.web.rest.AdminRestController - remoteBasePath = /home/CPS/NtQuote/MoldMannual/4/
2025-03-06 18:09:55 [http-nio-8080-exec-2] INFO  c.y.r.a.web.rest.AdminRestController - fileName = ntdemo.xlsx
2025-03-06 18:09:56 [http-nio-8080-exec-2] INFO  c.y.r.a.web.rest.AdminRestController - Attempting to change directory to: /home
2025-03-06 18:09:56 [http-nio-8080-exec-2] INFO  c.y.r.a.web.rest.AdminRestController - Attempting to change directory to: /home/CPS
2025-03-06 18:09:56 [http-nio-8080-exec-2] INFO  c.y.r.a.web.rest.AdminRestController - Attempting to change directory to: /home/CPS/NtQuote
2025-03-06 18:09:56 [http-nio-8080-exec-2] INFO  c.y.r.a.web.rest.AdminRestController - Attempting to change directory to: /home/CPS/NtQuote/MoldMannual
2025-03-06 18:09:56 [http-nio-8080-exec-2] INFO  c.y.r.a.web.rest.AdminRestController - Attempting to change directory to: /home/CPS/NtQuote/MoldMannual/4
2025-03-06 18:09:56 [http-nio-8080-exec-2] INFO  c.y.r.a.web.rest.AdminRestController - Attempting to upload new Mold Mannual file to: /home/CPS/NtQuote/MoldMannual/4/ntdemo.xlsx
2025-03-06 18:09:56 [http-nio-8080-exec-2] INFO  c.y.r.a.web.rest.AdminRestController - Added Mold Mannual file Path to list: /home/CPS/NtQuote/MoldMannual/4/ntdemo.xlsx
2025-03-06 18:09:56 [http-nio-8080-exec-2] INFO  c.y.r.a.web.rest.AdminRestController - Mold Mannual  File uploaded successfully to: /home/CPS/NtQuote/MoldMannual/4/ntdemo.xlsx
2025-03-06 18:09:59 [http-nio-8080-exec-7] WARN  c.y.r.config.JwtAuthenticationFilter - ❌ No valid JWT token found in cookies!
2025-03-06 18:09:59 [http-nio-8080-exec-8] WARN  c.y.r.config.JwtAuthenticationFilter - ❌ No valid JWT token found in cookies!
2025-03-06 18:09:59 [http-nio-8080-exec-9] WARN  c.y.r.config.JwtAuthenticationFilter - ❌ No valid JWT token found in cookies!
2025-03-06 18:09:59 [http-nio-8080-exec-4] WARN  c.y.r.config.JwtAuthenticationFilter - ❌ No valid JWT token found in cookies!
2025-03-06 18:09:59 [http-nio-8080-exec-5] WARN  c.y.r.config.JwtAuthenticationFilter - ❌ No valid JWT token found in cookies!
2025-03-06 18:09:59 [http-nio-8080-exec-3] WARN  c.y.r.config.JwtAuthenticationFilter - ❌ No valid JWT token found in cookies!
2025-03-06 18:09:59 [http-nio-8080-exec-10] WARN  c.y.r.config.JwtAuthenticationFilter - ❌ No valid JWT token found in cookies!
2025-03-06 18:09:59 [http-nio-8080-exec-1] WARN  c.y.r.config.JwtAuthenticationFilter - ❌ No valid JWT token found in cookies!
2025-03-06 18:09:59 [http-nio-8080-exec-6] WARN  c.y.r.config.JwtAuthenticationFilter - ❌ No valid JWT token found in cookies!
2025-03-06 18:09:59 [http-nio-8080-exec-7] WARN  c.y.r.config.JwtAuthenticationFilter - ❌ No valid JWT token found in cookies!
2025-03-06 18:09:59 [http-nio-8080-exec-8] WARN  c.y.r.config.JwtAuthenticationFilter - ❌ No valid JWT token found in cookies!
2025-03-06 18:09:59 [http-nio-8080-exec-2] WARN  c.y.r.config.JwtAuthenticationFilter - ❌ No valid JWT token found in cookies!
2025-03-06 18:09:59 [http-nio-8080-exec-9] WARN  c.y.r.config.JwtAuthenticationFilter - ❌ No valid JWT token found in cookies!
2025-03-06 18:09:59 [http-nio-8080-exec-4] WARN  c.y.r.config.JwtAuthenticationFilter - ❌ No valid JWT token found in cookies!
2025-03-06 18:09:59 [http-nio-8080-exec-10] WARN  c.y.r.config.JwtAuthenticationFilter - ❌ No valid JWT token found in cookies!
2025-03-06 18:09:59 [http-nio-8080-exec-3] WARN  c.y.r.config.JwtAuthenticationFilter - ❌ No valid JWT token found in cookies!
2025-03-06 18:09:59 [http-nio-8080-exec-6] WARN  c.y.r.config.JwtAuthenticationFilter - ❌ No valid JWT token found in cookies!
2025-03-06 18:09:59 [http-nio-8080-exec-1] WARN  c.y.r.config.JwtAuthenticationFilter - ❌ No valid JWT token found in cookies!
2025-03-06 18:09:59 [http-nio-8080-exec-5] WARN  c.y.r.config.JwtAuthenticationFilter - ❌ No valid JWT token found in cookies!
2025-03-06 18:09:59 [http-nio-8080-exec-2] WARN  c.y.r.config.JwtAuthenticationFilter - ❌ No valid JWT token found in cookies!
2025-03-06 18:09:59 [http-nio-8080-exec-9] WARN  c.y.r.config.JwtAuthenticationFilter - ❌ No valid JWT token found in cookies!
2025-03-06 18:09:59 [http-nio-8080-exec-8] WARN  c.y.r.config.JwtAuthenticationFilter - ❌ No valid JWT token found in cookies!
2025-03-06 18:09:59 [http-nio-8080-exec-7] WARN  c.y.r.config.JwtAuthenticationFilter - ❌ No valid JWT token found in cookies!
2025-03-06 18:09:59 [http-nio-8080-exec-3] WARN  c.y.r.config.JwtAuthenticationFilter - ❌ No valid JWT token found in cookies!
2025-03-06 18:09:59 [http-nio-8080-exec-4] WARN  c.y.r.config.JwtAuthenticationFilter - ❌ No valid JWT token found in cookies!
2025-03-06 18:09:59 [http-nio-8080-exec-10] WARN  c.y.r.config.JwtAuthenticationFilter - ❌ No valid JWT token found in cookies!
2025-03-06 18:09:59 [http-nio-8080-exec-6] WARN  c.y.r.config.JwtAuthenticationFilter - ❌ No valid JWT token found in cookies!
2025-03-06 18:09:59 [http-nio-8080-exec-1] WARN  c.y.r.config.JwtAuthenticationFilter - ❌ No valid JWT token found in cookies!
2025-03-06 18:09:59 [http-nio-8080-exec-2] WARN  c.y.r.config.JwtAuthenticationFilter - ❌ No valid JWT token found in cookies!
2025-03-06 18:09:59 [http-nio-8080-exec-5] WARN  c.y.r.config.JwtAuthenticationFilter - ❌ No valid JWT token found in cookies!
2025-03-06 18:09:59 [http-nio-8080-exec-9] WARN  c.y.r.config.JwtAuthenticationFilter - ❌ No valid JWT token found in cookies!
2025-03-06 18:09:59 [http-nio-8080-exec-7] WARN  c.y.r.config.JwtAuthenticationFilter - ❌ No valid JWT token found in cookies!
2025-03-06 18:09:59 [http-nio-8080-exec-8] WARN  c.y.r.config.JwtAuthenticationFilter - ❌ No valid JWT token found in cookies!
2025-03-06 18:09:59 [http-nio-8080-exec-3] WARN  c.y.r.config.JwtAuthenticationFilter - ❌ No valid JWT token found in cookies!
2025-03-06 18:09:59 [http-nio-8080-exec-4] WARN  c.y.r.config.JwtAuthenticationFilter - ❌ No valid JWT token found in cookies!
2025-03-06 18:09:59 [http-nio-8080-exec-10] WARN  c.y.r.config.JwtAuthenticationFilter - ❌ No valid JWT token found in cookies!
2025-03-06 18:09:59 [http-nio-8080-exec-6] WARN  c.y.r.config.JwtAuthenticationFilter - ❌ No valid JWT token found in cookies!
2025-03-06 18:09:59 [http-nio-8080-exec-2] WARN  c.y.r.config.JwtAuthenticationFilter - ❌ No valid JWT token found in cookies!
2025-03-06 18:09:59 [http-nio-8080-exec-1] WARN  c.y.r.config.JwtAuthenticationFilter - ❌ No valid JWT token found in cookies!
2025-03-06 18:09:59 [http-nio-8080-exec-5] WARN  c.y.r.config.JwtAuthenticationFilter - ❌ No valid JWT token found in cookies!
2025-03-06 18:09:59 [http-nio-8080-exec-9] WARN  c.y.r.config.JwtAuthenticationFilter - ❌ No valid JWT token found in cookies!
2025-03-06 18:09:59 [http-nio-8080-exec-3] WARN  c.y.r.config.JwtAuthenticationFilter - ❌ No valid JWT token found in cookies!
2025-03-06 18:09:59 [http-nio-8080-exec-8] WARN  c.y.r.config.JwtAuthenticationFilter - ❌ No valid JWT token found in cookies!
2025-03-06 18:09:59 [http-nio-8080-exec-4] WARN  c.y.r.config.JwtAuthenticationFilter - ❌ No valid JWT token found in cookies!
2025-03-06 18:09:59 [http-nio-8080-exec-7] WARN  c.y.r.config.JwtAuthenticationFilter - ❌ No valid JWT token found in cookies!
2025-03-06 18:09:59 [http-nio-8080-exec-10] WARN  c.y.r.config.JwtAuthenticationFilter - ❌ No valid JWT token found in cookies!
2025-03-06 18:09:59 [http-nio-8080-exec-1] WARN  c.y.r.config.JwtAuthenticationFilter - ❌ No valid JWT token found in cookies!
2025-03-06 18:09:59 [http-nio-8080-exec-2] WARN  c.y.r.config.JwtAuthenticationFilter - ❌ No valid JWT token found in cookies!
2025-03-06 18:09:59 [http-nio-8080-exec-6] WARN  c.y.r.config.JwtAuthenticationFilter - ❌ No valid JWT token found in cookies!
2025-03-06 18:09:59 [http-nio-8080-exec-5] WARN  c.y.r.config.JwtAuthenticationFilter - ❌ No valid JWT token found in cookies!
2025-03-06 18:09:59 [http-nio-8080-exec-9] WARN  c.y.r.config.JwtAuthenticationFilter - ❌ No valid JWT token found in cookies!
2025-03-06 18:09:59 [http-nio-8080-exec-3] WARN  c.y.r.config.JwtAuthenticationFilter - ❌ No valid JWT token found in cookies!
2025-03-06 18:09:59 [http-nio-8080-exec-4] WARN  c.y.r.config.JwtAuthenticationFilter - ❌ No valid JWT token found in cookies!
2025-03-06 18:10:01 [http-nio-8080-exec-8] WARN  c.y.r.config.JwtAuthenticationFilter - ❌ No valid JWT token found in cookies!
2025-03-06 18:10:01 [http-nio-8080-exec-5] WARN  c.y.r.config.JwtAuthenticationFilter - ❌ No valid JWT token found in cookies!
2025-03-06 18:10:01 [http-nio-8080-exec-1] WARN  c.y.r.config.JwtAuthenticationFilter - ❌ No valid JWT token found in cookies!
2025-03-06 18:10:01 [http-nio-8080-exec-7] WARN  c.y.r.config.JwtAuthenticationFilter - ❌ No valid JWT token found in cookies!
2025-03-06 18:10:01 [http-nio-8080-exec-2] WARN  c.y.r.config.JwtAuthenticationFilter - ❌ No valid JWT token found in cookies!
2025-03-06 18:10:01 [http-nio-8080-exec-9] WARN  c.y.r.config.JwtAuthenticationFilter - ❌ No valid JWT token found in cookies!
2025-03-06 18:10:01 [http-nio-8080-exec-6] WARN  c.y.r.config.JwtAuthenticationFilter - ❌ No valid JWT token found in cookies!
2025-03-06 18:10:02 [http-nio-8080-exec-10] WARN  c.y.r.config.JwtAuthenticationFilter - ❌ No valid JWT token found in cookies!
2025-03-06 18:10:02 [http-nio-8080-exec-10] INFO  c.y.r.n.w.rest.NtQuoteListController - Fetching all NT Quotes
2025-03-06 18:10:02 [http-nio-8080-exec-3] WARN  c.y.r.config.JwtAuthenticationFilter - ❌ No valid JWT token found in cookies!
2025-03-06 18:10:02 [http-nio-8080-exec-4] WARN  c.y.r.config.JwtAuthenticationFilter - ❌ No valid JWT token found in cookies!
2025-03-06 18:10:32 [http-nio-8080-exec-7] WARN  c.y.r.config.JwtAuthenticationFilter - ❌ No valid JWT token found in cookies!
2025-03-06 18:10:32 [http-nio-8080-exec-7] INFO  c.y.r.n.w.rest.NtQuoteListController - Checking if Mold Mannual  file exists -> id: 4,  fileName: ntdemo.xlsx
2025-03-06 18:10:32 [http-nio-8080-exec-7] INFO  c.y.r.n.w.rest.NtQuoteListController - generate Remote Mold Mannual File Path id = 4 fileName = ntdemo.xlsx
2025-03-06 18:10:32 [http-nio-8080-exec-7] INFO  c.y.r.n.w.rest.NtQuoteListController - currentPath  = /home/CPS/NtQuote/MoldMannual/4
2025-03-06 18:10:32 [http-nio-8080-exec-7] INFO  c.y.r.n.w.rest.NtQuoteListController - Generated remote file path: /home/CPS/NtQuote/MoldMannual/4/ntdemo.xlsx
2025-03-06 18:10:32 [http-nio-8080-exec-7] INFO  c.y.r.a.web.rest.AdminRestController - Checking Mold Manual File Exists - id: 4, remoteFilePath: '/home/CPS/NtQuote/MoldMannual/4/ntdemo.xlsx'
2025-03-06 18:10:32 [http-nio-8080-exec-7] INFO  c.y.r.a.web.rest.AdminRestController - File existence count: 1
2025-03-06 18:10:32 [http-nio-8080-exec-7] INFO  c.y.r.n.w.rest.NtQuoteListController - File existence check result: true
2025-03-06 18:10:34 [http-nio-8080-exec-5] WARN  c.y.r.config.JwtAuthenticationFilter - ❌ No valid JWT token found in cookies!
2025-03-06 18:10:34 [http-nio-8080-exec-5] INFO  c.y.r.n.w.rest.NtQuoteListController - Downloading Mold Manual file - filePath: /home/CPS/NtQuote/MoldMannual/4/ntdemo.xlsx
2025-03-06 18:10:34 [http-nio-8080-exec-5] INFO  c.y.r.n.w.rest.NtQuoteListController - Decoded filePath: /home/CPS/NtQuote/MoldMannual/4/ntdemo.xlsx
2025-03-06 18:10:34 [http-nio-8080-exec-5] INFO  c.y.r.n.w.rest.NtQuoteListController - Remote Mold Manual file path: /home/CPS/NtQuote/MoldMannual//4/ntdemo.xlsx
2025-03-06 18:10:35 [http-nio-8080-exec-5] INFO  c.y.r.n.w.rest.NtQuoteListController - Mold Manual file downloaded successfully: ntdemo.xlsx
2025-03-06 18:11:02 [http-nio-8080-exec-6] WARN  c.y.r.config.JwtAuthenticationFilter - ❌ No valid JWT token found in cookies!
2025-03-06 18:11:02 [http-nio-8080-exec-6] INFO  c.y.r.n.w.rest.NtQuoteListController - Checking if Mold Mannual  file exists -> id: 4,  fileName: ntdemo.xlsx
2025-03-06 18:11:02 [http-nio-8080-exec-6] INFO  c.y.r.n.w.rest.NtQuoteListController - generate Remote Mold Mannual File Path id = 4 fileName = ntdemo.xlsx
2025-03-06 18:11:02 [http-nio-8080-exec-6] INFO  c.y.r.n.w.rest.NtQuoteListController - currentPath  = /home/CPS/NtQuote/MoldMannual/4
2025-03-06 18:11:02 [http-nio-8080-exec-6] INFO  c.y.r.n.w.rest.NtQuoteListController - Generated remote file path: /home/CPS/NtQuote/MoldMannual/4/ntdemo.xlsx
2025-03-06 18:11:02 [http-nio-8080-exec-6] INFO  c.y.r.a.web.rest.AdminRestController - Checking Mold Manual File Exists - id: 4, remoteFilePath: '/home/CPS/NtQuote/MoldMannual/4/ntdemo.xlsx'
2025-03-06 18:11:02 [http-nio-8080-exec-6] INFO  c.y.r.a.web.rest.AdminRestController - File existence count: 1
2025-03-06 18:11:02 [http-nio-8080-exec-6] INFO  c.y.r.n.w.rest.NtQuoteListController - File existence check result: true
2025-03-06 18:11:14 [http-nio-8080-exec-10] WARN  c.y.r.config.JwtAuthenticationFilter - ❌ No valid JWT token found in cookies!
2025-03-06 18:11:14 [http-nio-8080-exec-10] INFO  c.y.r.n.w.rest.NtQuoteListController - Checking if Mold Mannual  file exists -> id: 4,  fileName: ntdemo.xlsx
2025-03-06 18:11:14 [http-nio-8080-exec-10] INFO  c.y.r.n.w.rest.NtQuoteListController - generate Remote Mold Mannual File Path id = 4 fileName = ntdemo.xlsx
2025-03-06 18:11:14 [http-nio-8080-exec-10] INFO  c.y.r.n.w.rest.NtQuoteListController - currentPath  = /home/CPS/NtQuote/MoldMannual/4
2025-03-06 18:11:14 [http-nio-8080-exec-10] INFO  c.y.r.n.w.rest.NtQuoteListController - Generated remote file path: /home/CPS/NtQuote/MoldMannual/4/ntdemo.xlsx
2025-03-06 18:11:14 [http-nio-8080-exec-10] INFO  c.y.r.a.web.rest.AdminRestController - Checking Mold Manual File Exists - id: 4, remoteFilePath: '/home/CPS/NtQuote/MoldMannual/4/ntdemo.xlsx'
2025-03-06 18:11:14 [http-nio-8080-exec-10] INFO  c.y.r.a.web.rest.AdminRestController - File existence count: 1
2025-03-06 18:11:14 [http-nio-8080-exec-10] INFO  c.y.r.n.w.rest.NtQuoteListController - File existence check result: true
2025-03-06 18:11:15 [http-nio-8080-exec-4] WARN  c.y.r.config.JwtAuthenticationFilter - ❌ No valid JWT token found in cookies!
2025-03-06 18:11:15 [http-nio-8080-exec-4] ERROR c.y.r.n.w.rest.NtQuoteListController - Controller -- overwrite mold mannual File id ===== 4
2025-03-06 18:11:15 [http-nio-8080-exec-4] INFO  c.y.r.n.w.rest.NtQuoteListController - overwrite Mold Mannual File line  ===== 4
2025-03-06 18:11:15 [http-nio-8080-exec-4] INFO  c.y.r.a.web.rest.AdminRestController - overwrite Mold Manual File invoked with fileName: ntdemo.xlsx, id: 4
2025-03-06 18:11:15 [http-nio-8080-exec-4] INFO  c.y.r.a.web.rest.AdminRestController - Data size: 5102 bytes
2025-03-06 18:11:15 [http-nio-8080-exec-4] INFO  c.y.r.a.web.rest.AdminRestController - Remote file path = /home/CPS/NtQuote/MoldManual/4/ntdemo.xlsx
2025-03-06 18:11:18 [http-nio-8080-exec-4] INFO  c.y.r.a.web.rest.AdminRestController - Deleted old file: /home/CPS/NtQuote/MoldManual/4/ntdemo.xlsx
2025-03-06 18:11:18 [http-nio-8080-exec-4] INFO  c.y.r.a.web.rest.AdminRestController - Uploading new file to: /home/CPS/NtQuote/MoldManual/4/ntdemo.xlsx
2025-03-06 18:11:18 [http-nio-8080-exec-4] INFO  c.y.r.a.web.rest.AdminRestController - File successfully replaced.
2025-03-06 18:11:18 [http-nio-8080-exec-4] INFO  c.y.r.a.web.rest.AdminRestController - Mold Manual File overwritten successfully: /home/CPS/NtQuote/MoldManual/4/ntdemo.xlsx
2025-03-06 18:11:18 [http-nio-8080-exec-4] WARN  o.h.e.jdbc.spi.SqlExceptionHelper - SQL Error: 0, SQLState: 42P01
2025-03-06 18:11:18 [http-nio-8080-exec-4] ERROR o.h.e.jdbc.spi.SqlExceptionHelper - ERROR: relation "ntquotelist" does not exist
  Position: 8
2025-03-06 18:11:18 [http-nio-8080-exec-4] ERROR o.a.c.c.C.[.[.[.[dispatcherServlet] - Servlet.service() for servlet [dispatcherServlet] in context with path [/rev-aux] threw exception [Request processing failed: org.springframework.dao.InvalidDataAccessResourceUsageException: JDBC exception executing SQL [UPDATE NtQuoteList SET moldManual = array_append(array_remove(COALESCE(moldManual, ARRAY[]::TEXT[]), ?), ?) WHERE id = ?] [ERROR: relation "ntquotelist" does not exist
  Position: 8] [n/a]; SQL [n/a]] with root cause
org.postgresql.util.PSQLException: ERROR: relation "ntquotelist" does not exist
  Position: 8
	at org.postgresql.core.v3.QueryExecutorImpl.receiveErrorResponse(QueryExecutorImpl.java:2733)
	at org.postgresql.core.v3.QueryExecutorImpl.processResults(QueryExecutorImpl.java:2420)
	at org.postgresql.core.v3.QueryExecutorImpl.execute(QueryExecutorImpl.java:372)
	at org.postgresql.jdbc.PgStatement.executeInternal(PgStatement.java:517)
	at org.postgresql.jdbc.PgStatement.execute(PgStatement.java:434)
	at org.postgresql.jdbc.PgPreparedStatement.executeWithFlags(PgPreparedStatement.java:194)
	at org.postgresql.jdbc.PgPreparedStatement.executeUpdate(PgPreparedStatement.java:155)
	at com.zaxxer.hikari.pool.ProxyPreparedStatement.executeUpdate(ProxyPreparedStatement.java:61)
	at com.zaxxer.hikari.pool.HikariProxyPreparedStatement.executeUpdate(HikariProxyPreparedStatement.java)
	at org.hibernate.sql.exec.internal.StandardJdbcMutationExecutor.execute(StandardJdbcMutationExecutor.java:90)
	at org.hibernate.query.sql.internal.NativeNonSelectQueryPlanImpl.executeUpdate(NativeNonSelectQueryPlanImpl.java:76)
	at org.hibernate.query.sql.internal.NativeQueryImpl.doExecuteUpdate(NativeQueryImpl.java:973)
	at org.hibernate.query.spi.AbstractQuery.executeUpdate(AbstractQuery.java:651)
	at org.springframework.data.jpa.repository.query.JpaQueryExecution$ModifyingExecution.doExecute(JpaQueryExecution.java:267)
	at org.springframework.data.jpa.repository.query.JpaQueryExecution.execute(JpaQueryExecution.java:93)
	at org.springframework.data.jpa.repository.query.AbstractJpaQuery.doExecute(AbstractJpaQuery.java:152)
	at org.springframework.data.jpa.repository.query.AbstractJpaQuery.execute(AbstractJpaQuery.java:140)
	at org.springframework.data.repository.core.support.RepositoryMethodInvoker.doInvoke(RepositoryMethodInvoker.java:170)
	at org.springframework.data.repository.core.support.RepositoryMethodInvoker.invoke(RepositoryMethodInvoker.java:158)
	at org.springframework.data.repository.core.support.QueryExecutorMethodInterceptor.doInvoke(QueryExecutorMethodInterceptor.java:170)
	at org.springframework.data.repository.core.support.QueryExecutorMethodInterceptor.invoke(QueryExecutorMethodInterceptor.java:149)
	at org.springframework.aop.framework.ReflectiveMethodInvocation.proceed(ReflectiveMethodInvocation.java:184)
	at org.springframework.data.projection.DefaultMethodInvokingMethodInterceptor.invoke(DefaultMethodInvokingMethodInterceptor.java:69)
	at org.springframework.aop.framework.ReflectiveMethodInvocation.proceed(ReflectiveMethodInvocation.java:184)
	at org.springframework.transaction.interceptor.TransactionAspectSupport.invokeWithinTransaction(TransactionAspectSupport.java:380)
	at org.springframework.transaction.interceptor.TransactionInterceptor.invoke(TransactionInterceptor.java:119)
	at org.springframework.aop.framework.ReflectiveMethodInvocation.proceed(ReflectiveMethodInvocation.java:184)
	at org.springframework.dao.support.PersistenceExceptionTranslationInterceptor.invoke(PersistenceExceptionTranslationInterceptor.java:138)
	at org.springframework.aop.framework.ReflectiveMethodInvocation.proceed(ReflectiveMethodInvocation.java:184)
	at org.springframework.data.jpa.repository.support.CrudMethodMetadataPostProcessor$CrudMethodMetadataPopulatingMethodInterceptor.invoke(CrudMethodMetadataPostProcessor.java:136)
	at org.springframework.aop.framework.ReflectiveMethodInvocation.proceed(ReflectiveMethodInvocation.java:184)
	at org.springframework.aop.framework.JdkDynamicAopProxy.invoke(JdkDynamicAopProxy.java:223)
	at jdk.proxy16/jdk.proxy16.$Proxy291.overwriteMoldManualAttachment(Unknown Source)
	at com.yts.revaux.ntQuote.service.NtQuoteListService.overwriteMoldManualAttachment(NtQuoteListService.java:432)
	at java.base/jdk.internal.reflect.DirectMethodHandleAccessor.invoke(DirectMethodHandleAccessor.java:103)
	at java.base/java.lang.reflect.Method.invoke(Method.java:580)
	at org.springframework.aop.support.AopUtils.invokeJoinpointUsingReflection(AopUtils.java:359)
	at org.springframework.aop.framework.ReflectiveMethodInvocation.invokeJoinpoint(ReflectiveMethodInvocation.java:196)
	at org.springframework.aop.framework.ReflectiveMethodInvocation.proceed(ReflectiveMethodInvocation.java:163)
	at org.springframework.transaction.interceptor.TransactionAspectSupport.invokeWithinTransaction(TransactionAspectSupport.java:380)
	at org.springframework.transaction.interceptor.TransactionInterceptor.invoke(TransactionInterceptor.java:119)
	at org.springframework.aop.framework.ReflectiveMethodInvocation.proceed(ReflectiveMethodInvocation.java:184)
	at org.springframework.aop.framework.CglibAopProxy$DynamicAdvisedInterceptor.intercept(CglibAopProxy.java:727)
	at com.yts.revaux.ntQuote.service.NtQuoteListService$$SpringCGLIB$$0.overwriteMoldManualAttachment(<generated>)
	at com.yts.revaux.ntQuote.web.rest.NtQuoteListController.updateOverwriteBuyerAttachCadFile(NtQuoteListController.java:261)
	at java.base/jdk.internal.reflect.DirectMethodHandleAccessor.invoke(DirectMethodHandleAccessor.java:103)
	at java.base/java.lang.reflect.Method.invoke(Method.java:580)
	at org.springframework.web.method.support.InvocableHandlerMethod.doInvoke(InvocableHandlerMethod.java:257)
	at org.springframework.web.method.support.InvocableHandlerMethod.invokeForRequest(InvocableHandlerMethod.java:190)
	at org.springframework.web.servlet.mvc.method.annotation.ServletInvocableHandlerMethod.invokeAndHandle(ServletInvocableHandlerMethod.java:118)
	at org.springframework.web.servlet.mvc.method.annotation.RequestMappingHandlerAdapter.invokeHandlerMethod(RequestMappingHandlerAdapter.java:986)
	at org.springframework.web.servlet.mvc.method.annotation.RequestMappingHandlerAdapter.handleInternal(RequestMappingHandlerAdapter.java:891)
	at org.springframework.web.servlet.mvc.method.AbstractHandlerMethodAdapter.handle(AbstractHandlerMethodAdapter.java:87)
	at org.springframework.web.servlet.DispatcherServlet.doDispatch(DispatcherServlet.java:1088)
	at org.springframework.web.servlet.DispatcherServlet.doService(DispatcherServlet.java:978)
	at org.springframework.web.servlet.FrameworkServlet.processRequest(FrameworkServlet.java:1014)
	at org.springframework.web.servlet.FrameworkServlet.doPost(FrameworkServlet.java:914)
	at jakarta.servlet.http.HttpServlet.service(HttpServlet.java:590)
	at org.springframework.web.servlet.FrameworkServlet.service(FrameworkServlet.java:885)
	at jakarta.servlet.http.HttpServlet.service(HttpServlet.java:658)
	at org.apache.catalina.core.ApplicationFilterChain.internalDoFilter(ApplicationFilterChain.java:195)
	at org.apache.catalina.core.ApplicationFilterChain.doFilter(ApplicationFilterChain.java:140)
	at org.apache.tomcat.websocket.server.WsFilter.doFilter(WsFilter.java:51)
	at org.apache.catalina.core.ApplicationFilterChain.internalDoFilter(ApplicationFilterChain.java:164)
	at org.apache.catalina.core.ApplicationFilterChain.doFilter(ApplicationFilterChain.java:140)
	at org.springframework.web.filter.OncePerRequestFilter.doFilter(OncePerRequestFilter.java:110)
	at org.apache.catalina.core.ApplicationFilterChain.internalDoFilter(ApplicationFilterChain.java:164)
	at org.apache.catalina.core.ApplicationFilterChain.doFilter(ApplicationFilterChain.java:140)
	at org.springframework.web.filter.CompositeFilter$VirtualFilterChain.doFilter(CompositeFilter.java:108)
	at org.springframework.security.web.FilterChainProxy.lambda$doFilterInternal$3(FilterChainProxy.java:231)
	at org.springframework.security.web.FilterChainProxy$VirtualFilterChain.doFilter(FilterChainProxy.java:365)
	at org.springframework.security.web.access.intercept.AuthorizationFilter.doFilter(AuthorizationFilter.java:101)
	at org.springframework.security.web.FilterChainProxy$VirtualFilterChain.doFilter(FilterChainProxy.java:374)
	at org.springframework.security.web.access.ExceptionTranslationFilter.doFilter(ExceptionTranslationFilter.java:126)
	at org.springframework.security.web.access.ExceptionTranslationFilter.doFilter(ExceptionTranslationFilter.java:120)
	at org.springframework.security.web.FilterChainProxy$VirtualFilterChain.doFilter(FilterChainProxy.java:374)
	at org.springframework.security.web.session.SessionManagementFilter.doFilter(SessionManagementFilter.java:131)
	at org.springframework.security.web.session.SessionManagementFilter.doFilter(SessionManagementFilter.java:85)
	at org.springframework.security.web.FilterChainProxy$VirtualFilterChain.doFilter(FilterChainProxy.java:374)
	at org.springframework.security.web.authentication.AnonymousAuthenticationFilter.doFilter(AnonymousAuthenticationFilter.java:100)
	at org.springframework.security.web.FilterChainProxy$VirtualFilterChain.doFilter(FilterChainProxy.java:374)
	at org.springframework.security.web.servletapi.SecurityContextHolderAwareRequestFilter.doFilter(SecurityContextHolderAwareRequestFilter.java:179)
	at org.springframework.security.web.FilterChainProxy$VirtualFilterChain.doFilter(FilterChainProxy.java:374)
	at org.springframework.security.web.savedrequest.RequestCacheAwareFilter.doFilter(RequestCacheAwareFilter.java:63)
	at org.springframework.security.web.FilterChainProxy$VirtualFilterChain.doFilter(FilterChainProxy.java:374)
	at com.yts.revaux.config.JwtAuthenticationFilter.doFilterInternal(JwtAuthenticationFilter.java:52)
	at org.springframework.web.filter.OncePerRequestFilter.doFilter(OncePerRequestFilter.java:116)
	at org.springframework.security.web.FilterChainProxy$VirtualFilterChain.doFilter(FilterChainProxy.java:374)
	at org.springframework.security.web.authentication.logout.LogoutFilter.doFilter(LogoutFilter.java:107)
	at org.springframework.security.web.authentication.logout.LogoutFilter.doFilter(LogoutFilter.java:93)
	at org.springframework.security.web.FilterChainProxy$VirtualFilterChain.doFilter(FilterChainProxy.java:374)
	at org.springframework.web.filter.CorsFilter.doFilterInternal(CorsFilter.java:91)
	at org.springframework.web.filter.OncePerRequestFilter.doFilter(OncePerRequestFilter.java:116)
	at org.springframework.security.web.FilterChainProxy$VirtualFilterChain.doFilter(FilterChainProxy.java:374)
	at org.springframework.security.web.header.HeaderWriterFilter.doHeadersAfter(HeaderWriterFilter.java:90)
	at org.springframework.security.web.header.HeaderWriterFilter.doFilterInternal(HeaderWriterFilter.java:75)
	at org.springframework.web.filter.OncePerRequestFilter.doFilter(OncePerRequestFilter.java:116)
	at org.springframework.security.web.FilterChainProxy$VirtualFilterChain.doFilter(FilterChainProxy.java:374)
	at org.springframework.security.web.context.SecurityContextHolderFilter.doFilter(SecurityContextHolderFilter.java:82)
	at org.springframework.security.web.context.SecurityContextHolderFilter.doFilter(SecurityContextHolderFilter.java:69)
	at org.springframework.security.web.FilterChainProxy$VirtualFilterChain.doFilter(FilterChainProxy.java:374)
	at org.springframework.security.web.context.request.async.WebAsyncManagerIntegrationFilter.doFilterInternal(WebAsyncManagerIntegrationFilter.java:62)
	at org.springframework.web.filter.OncePerRequestFilter.doFilter(OncePerRequestFilter.java:116)
	at org.springframework.security.web.FilterChainProxy$VirtualFilterChain.doFilter(FilterChainProxy.java:374)
	at org.springframework.security.web.session.DisableEncodeUrlFilter.doFilterInternal(DisableEncodeUrlFilter.java:42)
	at org.springframework.web.filter.OncePerRequestFilter.doFilter(OncePerRequestFilter.java:116)
	at org.springframework.security.web.FilterChainProxy$VirtualFilterChain.doFilter(FilterChainProxy.java:374)
	at org.springframework.security.web.FilterChainProxy.doFilterInternal(FilterChainProxy.java:233)
	at org.springframework.security.web.FilterChainProxy.doFilter(FilterChainProxy.java:191)
	at org.springframework.web.filter.CompositeFilter$VirtualFilterChain.doFilter(CompositeFilter.java:113)
	at org.springframework.web.servlet.handler.HandlerMappingIntrospector.lambda$createCacheFilter$3(HandlerMappingIntrospector.java:243)
	at org.springframework.web.filter.CompositeFilter$VirtualFilterChain.doFilter(CompositeFilter.java:113)
	at org.springframework.web.filter.CompositeFilter.doFilter(CompositeFilter.java:74)
	at org.springframework.security.config.annotation.web.configuration.WebMvcSecurityConfiguration$CompositeFilterChainProxy.doFilter(WebMvcSecurityConfiguration.java:238)
	at org.springframework.web.filter.DelegatingFilterProxy.invokeDelegate(DelegatingFilterProxy.java:362)
	at org.springframework.web.filter.DelegatingFilterProxy.doFilter(DelegatingFilterProxy.java:278)
	at org.apache.catalina.core.ApplicationFilterChain.internalDoFilter(ApplicationFilterChain.java:164)
	at org.apache.catalina.core.ApplicationFilterChain.doFilter(ApplicationFilterChain.java:140)
	at org.springframework.web.filter.RequestContextFilter.doFilterInternal(RequestContextFilter.java:100)
	at org.springframework.web.filter.OncePerRequestFilter.doFilter(OncePerRequestFilter.java:116)
	at org.apache.catalina.core.ApplicationFilterChain.internalDoFilter(ApplicationFilterChain.java:164)
	at org.apache.catalina.core.ApplicationFilterChain.doFilter(ApplicationFilterChain.java:140)
	at org.springframework.web.filter.FormContentFilter.doFilterInternal(FormContentFilter.java:93)
	at org.springframework.web.filter.OncePerRequestFilter.doFilter(OncePerRequestFilter.java:116)
	at org.apache.catalina.core.ApplicationFilterChain.internalDoFilter(ApplicationFilterChain.java:164)
	at org.apache.catalina.core.ApplicationFilterChain.doFilter(ApplicationFilterChain.java:140)
	at org.springframework.web.filter.CharacterEncodingFilter.doFilterInternal(CharacterEncodingFilter.java:201)
	at org.springframework.web.filter.OncePerRequestFilter.doFilter(OncePerRequestFilter.java:116)
	at org.apache.catalina.core.ApplicationFilterChain.internalDoFilter(ApplicationFilterChain.java:164)
	at org.apache.catalina.core.ApplicationFilterChain.doFilter(ApplicationFilterChain.java:140)
	at org.apache.catalina.core.StandardWrapperValve.invoke(StandardWrapperValve.java:167)
	at org.apache.catalina.core.StandardContextValve.invoke(StandardContextValve.java:90)
	at org.apache.catalina.authenticator.AuthenticatorBase.invoke(AuthenticatorBase.java:483)
	at org.apache.catalina.core.StandardHostValve.invoke(StandardHostValve.java:115)
	at org.apache.catalina.valves.ErrorReportValve.invoke(ErrorReportValve.java:93)
	at org.apache.catalina.core.StandardEngineValve.invoke(StandardEngineValve.java:74)
	at org.apache.catalina.connector.CoyoteAdapter.service(CoyoteAdapter.java:344)
	at org.apache.coyote.http11.Http11Processor.service(Http11Processor.java:397)
	at org.apache.coyote.AbstractProcessorLight.process(AbstractProcessorLight.java:63)
	at org.apache.coyote.AbstractProtocol$ConnectionHandler.process(AbstractProtocol.java:905)
	at org.apache.tomcat.util.net.NioEndpoint$SocketProcessor.doRun(NioEndpoint.java:1743)
	at org.apache.tomcat.util.net.SocketProcessorBase.run(SocketProcessorBase.java:52)
	at org.apache.tomcat.util.threads.ThreadPoolExecutor.runWorker(ThreadPoolExecutor.java:1190)
	at org.apache.tomcat.util.threads.ThreadPoolExecutor$Worker.run(ThreadPoolExecutor.java:659)
	at org.apache.tomcat.util.threads.TaskThread$WrappingRunnable.run(TaskThread.java:63)
	at java.base/java.lang.Thread.run(Thread.java:1583)
2025-03-06 18:11:18 [http-nio-8080-exec-7] WARN  c.y.r.config.JwtAuthenticationFilter - ❌ No valid JWT token found in cookies!
2025-03-06 18:11:23 [http-nio-8080-exec-5] WARN  c.y.r.config.JwtAuthenticationFilter - ❌ No valid JWT token found in cookies!
2025-03-06 18:11:23 [http-nio-8080-exec-5] INFO  c.y.r.n.w.rest.NtQuoteListController - Downloading Mold Manual file - filePath: /home/CPS/NtQuote/MoldMannual/4/ntdemo.xlsx
2025-03-06 18:11:23 [http-nio-8080-exec-5] INFO  c.y.r.n.w.rest.NtQuoteListController - Decoded filePath: /home/CPS/NtQuote/MoldMannual/4/ntdemo.xlsx
2025-03-06 18:11:23 [http-nio-8080-exec-5] INFO  c.y.r.n.w.rest.NtQuoteListController - Remote Mold Manual file path: /home/CPS/NtQuote/MoldMannual//4/ntdemo.xlsx
2025-03-06 18:11:23 [http-nio-8080-exec-5] INFO  c.y.r.n.w.rest.NtQuoteListController - Mold Manual file downloaded successfully: ntdemo.xlsx
2025-03-06 18:13:39 [http-nio-8080-exec-8] WARN  c.y.r.config.JwtAuthenticationFilter - ❌ No valid JWT token found in cookies!
2025-03-06 18:13:39 [http-nio-8080-exec-8] INFO  c.y.r.n.w.rest.NtQuoteListController - Checking if Mold Mannual  file exists -> id: 4,  fileName: ntdemo.xlsx
2025-03-06 18:13:39 [http-nio-8080-exec-8] INFO  c.y.r.n.w.rest.NtQuoteListController - generate Remote Mold Mannual File Path id = 4 fileName = ntdemo.xlsx
2025-03-06 18:13:39 [http-nio-8080-exec-8] INFO  c.y.r.n.w.rest.NtQuoteListController - currentPath  = /home/CPS/NtQuote/MoldMannual/4
2025-03-06 18:13:39 [http-nio-8080-exec-8] INFO  c.y.r.n.w.rest.NtQuoteListController - Generated remote file path: /home/CPS/NtQuote/MoldMannual/4/ntdemo.xlsx
2025-03-06 18:13:39 [http-nio-8080-exec-8] INFO  c.y.r.a.web.rest.AdminRestController - Checking Mold Manual File Exists - id: 4, remoteFilePath: '/home/CPS/NtQuote/MoldMannual/4/ntdemo.xlsx'
2025-03-06 18:13:39 [http-nio-8080-exec-8] INFO  c.y.r.a.web.rest.AdminRestController - File existence count: 1
2025-03-06 18:13:39 [http-nio-8080-exec-8] INFO  c.y.r.n.w.rest.NtQuoteListController - File existence check result: true
2025-03-06 18:13:40 [http-nio-8080-exec-1] WARN  c.y.r.config.JwtAuthenticationFilter - ❌ No valid JWT token found in cookies!
2025-03-06 18:13:40 [http-nio-8080-exec-1] ERROR c.y.r.n.w.rest.NtQuoteListController - Controller -- overwrite mold mannual File id ===== 4
2025-03-06 18:13:40 [http-nio-8080-exec-1] INFO  c.y.r.n.w.rest.NtQuoteListController - overwrite Mold Mannual File line  ===== 4
2025-03-06 18:13:40 [http-nio-8080-exec-1] INFO  c.y.r.a.web.rest.AdminRestController - overwrite Mold Manual File invoked with fileName: ntdemo.xlsx, id: 4
2025-03-06 18:13:40 [http-nio-8080-exec-1] INFO  c.y.r.a.web.rest.AdminRestController - Data size: 5102 bytes
2025-03-06 18:13:40 [http-nio-8080-exec-1] INFO  c.y.r.a.web.rest.AdminRestController - Remote file path = /home/CPS/NtQuote/MoldManual/4/ntdemo.xlsx
2025-03-06 18:13:43 [http-nio-8080-exec-1] INFO  c.y.r.a.web.rest.AdminRestController - Deleted old file: /home/CPS/NtQuote/MoldManual/4/ntdemo.xlsx
2025-03-06 18:13:43 [http-nio-8080-exec-1] INFO  c.y.r.a.web.rest.AdminRestController - Uploading new file to: /home/CPS/NtQuote/MoldManual/4/ntdemo.xlsx
2025-03-06 18:13:43 [http-nio-8080-exec-1] INFO  c.y.r.a.web.rest.AdminRestController - File successfully replaced.
2025-03-06 18:13:43 [http-nio-8080-exec-1] INFO  c.y.r.a.web.rest.AdminRestController - Mold Manual File overwritten successfully: /home/CPS/NtQuote/MoldManual/4/ntdemo.xlsx
2025-03-06 18:13:43 [http-nio-8080-exec-1] WARN  o.h.e.jdbc.spi.SqlExceptionHelper - SQL Error: 0, SQLState: 42P01
2025-03-06 18:13:43 [http-nio-8080-exec-1] ERROR o.h.e.jdbc.spi.SqlExceptionHelper - ERROR: relation "ntquotelist" does not exist
  Position: 8
2025-03-06 18:13:43 [http-nio-8080-exec-1] ERROR o.a.c.c.C.[.[.[.[dispatcherServlet] - Servlet.service() for servlet [dispatcherServlet] in context with path [/rev-aux] threw exception [Request processing failed: org.springframework.dao.InvalidDataAccessResourceUsageException: JDBC exception executing SQL [UPDATE NtQuoteList SET moldManual = array_append(array_remove(COALESCE(moldManual, ARRAY[]::TEXT[]), ?), ?) WHERE id = ?] [ERROR: relation "ntquotelist" does not exist
  Position: 8] [n/a]; SQL [n/a]] with root cause
org.postgresql.util.PSQLException: ERROR: relation "ntquotelist" does not exist
  Position: 8
	at org.postgresql.core.v3.QueryExecutorImpl.receiveErrorResponse(QueryExecutorImpl.java:2733)
	at org.postgresql.core.v3.QueryExecutorImpl.processResults(QueryExecutorImpl.java:2420)
	at org.postgresql.core.v3.QueryExecutorImpl.execute(QueryExecutorImpl.java:372)
	at org.postgresql.jdbc.PgStatement.executeInternal(PgStatement.java:517)
	at org.postgresql.jdbc.PgStatement.execute(PgStatement.java:434)
	at org.postgresql.jdbc.PgPreparedStatement.executeWithFlags(PgPreparedStatement.java:194)
	at org.postgresql.jdbc.PgPreparedStatement.executeUpdate(PgPreparedStatement.java:155)
	at com.zaxxer.hikari.pool.ProxyPreparedStatement.executeUpdate(ProxyPreparedStatement.java:61)
	at com.zaxxer.hikari.pool.HikariProxyPreparedStatement.executeUpdate(HikariProxyPreparedStatement.java)
	at org.hibernate.sql.exec.internal.StandardJdbcMutationExecutor.execute(StandardJdbcMutationExecutor.java:90)
	at org.hibernate.query.sql.internal.NativeNonSelectQueryPlanImpl.executeUpdate(NativeNonSelectQueryPlanImpl.java:76)
	at org.hibernate.query.sql.internal.NativeQueryImpl.doExecuteUpdate(NativeQueryImpl.java:973)
	at org.hibernate.query.spi.AbstractQuery.executeUpdate(AbstractQuery.java:651)
	at org.springframework.data.jpa.repository.query.JpaQueryExecution$ModifyingExecution.doExecute(JpaQueryExecution.java:267)
	at org.springframework.data.jpa.repository.query.JpaQueryExecution.execute(JpaQueryExecution.java:93)
	at org.springframework.data.jpa.repository.query.AbstractJpaQuery.doExecute(AbstractJpaQuery.java:152)
	at org.springframework.data.jpa.repository.query.AbstractJpaQuery.execute(AbstractJpaQuery.java:140)
	at org.springframework.data.repository.core.support.RepositoryMethodInvoker.doInvoke(RepositoryMethodInvoker.java:170)
	at org.springframework.data.repository.core.support.RepositoryMethodInvoker.invoke(RepositoryMethodInvoker.java:158)
	at org.springframework.data.repository.core.support.QueryExecutorMethodInterceptor.doInvoke(QueryExecutorMethodInterceptor.java:170)
	at org.springframework.data.repository.core.support.QueryExecutorMethodInterceptor.invoke(QueryExecutorMethodInterceptor.java:149)
	at org.springframework.aop.framework.ReflectiveMethodInvocation.proceed(ReflectiveMethodInvocation.java:184)
	at org.springframework.data.projection.DefaultMethodInvokingMethodInterceptor.invoke(DefaultMethodInvokingMethodInterceptor.java:69)
	at org.springframework.aop.framework.ReflectiveMethodInvocation.proceed(ReflectiveMethodInvocation.java:184)
	at org.springframework.transaction.interceptor.TransactionAspectSupport.invokeWithinTransaction(TransactionAspectSupport.java:380)
	at org.springframework.transaction.interceptor.TransactionInterceptor.invoke(TransactionInterceptor.java:119)
	at org.springframework.aop.framework.ReflectiveMethodInvocation.proceed(ReflectiveMethodInvocation.java:184)
	at org.springframework.dao.support.PersistenceExceptionTranslationInterceptor.invoke(PersistenceExceptionTranslationInterceptor.java:138)
	at org.springframework.aop.framework.ReflectiveMethodInvocation.proceed(ReflectiveMethodInvocation.java:184)
	at org.springframework.data.jpa.repository.support.CrudMethodMetadataPostProcessor$CrudMethodMetadataPopulatingMethodInterceptor.invoke(CrudMethodMetadataPostProcessor.java:136)
	at org.springframework.aop.framework.ReflectiveMethodInvocation.proceed(ReflectiveMethodInvocation.java:184)
	at org.springframework.aop.framework.JdkDynamicAopProxy.invoke(JdkDynamicAopProxy.java:223)
	at jdk.proxy16/jdk.proxy16.$Proxy291.overwriteMoldManualAttachment(Unknown Source)
	at com.yts.revaux.ntQuote.service.NtQuoteListService.overwriteMoldManualAttachment(NtQuoteListService.java:432)
	at java.base/jdk.internal.reflect.DirectMethodHandleAccessor.invoke(DirectMethodHandleAccessor.java:103)
	at java.base/java.lang.reflect.Method.invoke(Method.java:580)
	at org.springframework.aop.support.AopUtils.invokeJoinpointUsingReflection(AopUtils.java:359)
	at org.springframework.aop.framework.ReflectiveMethodInvocation.invokeJoinpoint(ReflectiveMethodInvocation.java:196)
	at org.springframework.aop.framework.ReflectiveMethodInvocation.proceed(ReflectiveMethodInvocation.java:163)
	at org.springframework.transaction.interceptor.TransactionAspectSupport.invokeWithinTransaction(TransactionAspectSupport.java:380)
	at org.springframework.transaction.interceptor.TransactionInterceptor.invoke(TransactionInterceptor.java:119)
	at org.springframework.aop.framework.ReflectiveMethodInvocation.proceed(ReflectiveMethodInvocation.java:184)
	at org.springframework.aop.framework.CglibAopProxy$DynamicAdvisedInterceptor.intercept(CglibAopProxy.java:727)
	at com.yts.revaux.ntQuote.service.NtQuoteListService$$SpringCGLIB$$0.overwriteMoldManualAttachment(<generated>)
	at com.yts.revaux.ntQuote.web.rest.NtQuoteListController.updateOverwriteBuyerAttachCadFile(NtQuoteListController.java:261)
	at java.base/jdk.internal.reflect.DirectMethodHandleAccessor.invoke(DirectMethodHandleAccessor.java:103)
	at java.base/java.lang.reflect.Method.invoke(Method.java:580)
	at org.springframework.web.method.support.InvocableHandlerMethod.doInvoke(InvocableHandlerMethod.java:257)
	at org.springframework.web.method.support.InvocableHandlerMethod.invokeForRequest(InvocableHandlerMethod.java:190)
	at org.springframework.web.servlet.mvc.method.annotation.ServletInvocableHandlerMethod.invokeAndHandle(ServletInvocableHandlerMethod.java:118)
	at org.springframework.web.servlet.mvc.method.annotation.RequestMappingHandlerAdapter.invokeHandlerMethod(RequestMappingHandlerAdapter.java:986)
	at org.springframework.web.servlet.mvc.method.annotation.RequestMappingHandlerAdapter.handleInternal(RequestMappingHandlerAdapter.java:891)
	at org.springframework.web.servlet.mvc.method.AbstractHandlerMethodAdapter.handle(AbstractHandlerMethodAdapter.java:87)
	at org.springframework.web.servlet.DispatcherServlet.doDispatch(DispatcherServlet.java:1088)
	at org.springframework.web.servlet.DispatcherServlet.doService(DispatcherServlet.java:978)
	at org.springframework.web.servlet.FrameworkServlet.processRequest(FrameworkServlet.java:1014)
	at org.springframework.web.servlet.FrameworkServlet.doPost(FrameworkServlet.java:914)
	at jakarta.servlet.http.HttpServlet.service(HttpServlet.java:590)
	at org.springframework.web.servlet.FrameworkServlet.service(FrameworkServlet.java:885)
	at jakarta.servlet.http.HttpServlet.service(HttpServlet.java:658)
	at org.apache.catalina.core.ApplicationFilterChain.internalDoFilter(ApplicationFilterChain.java:195)
	at org.apache.catalina.core.ApplicationFilterChain.doFilter(ApplicationFilterChain.java:140)
	at org.apache.tomcat.websocket.server.WsFilter.doFilter(WsFilter.java:51)
	at org.apache.catalina.core.ApplicationFilterChain.internalDoFilter(ApplicationFilterChain.java:164)
	at org.apache.catalina.core.ApplicationFilterChain.doFilter(ApplicationFilterChain.java:140)
	at org.springframework.web.filter.OncePerRequestFilter.doFilter(OncePerRequestFilter.java:110)
	at org.apache.catalina.core.ApplicationFilterChain.internalDoFilter(ApplicationFilterChain.java:164)
	at org.apache.catalina.core.ApplicationFilterChain.doFilter(ApplicationFilterChain.java:140)
	at org.springframework.web.filter.CompositeFilter$VirtualFilterChain.doFilter(CompositeFilter.java:108)
	at org.springframework.security.web.FilterChainProxy.lambda$doFilterInternal$3(FilterChainProxy.java:231)
	at org.springframework.security.web.FilterChainProxy$VirtualFilterChain.doFilter(FilterChainProxy.java:365)
	at org.springframework.security.web.access.intercept.AuthorizationFilter.doFilter(AuthorizationFilter.java:101)
	at org.springframework.security.web.FilterChainProxy$VirtualFilterChain.doFilter(FilterChainProxy.java:374)
	at org.springframework.security.web.access.ExceptionTranslationFilter.doFilter(ExceptionTranslationFilter.java:126)
	at org.springframework.security.web.access.ExceptionTranslationFilter.doFilter(ExceptionTranslationFilter.java:120)
	at org.springframework.security.web.FilterChainProxy$VirtualFilterChain.doFilter(FilterChainProxy.java:374)
	at org.springframework.security.web.session.SessionManagementFilter.doFilter(SessionManagementFilter.java:131)
	at org.springframework.security.web.session.SessionManagementFilter.doFilter(SessionManagementFilter.java:85)
	at org.springframework.security.web.FilterChainProxy$VirtualFilterChain.doFilter(FilterChainProxy.java:374)
	at org.springframework.security.web.authentication.AnonymousAuthenticationFilter.doFilter(AnonymousAuthenticationFilter.java:100)
	at org.springframework.security.web.FilterChainProxy$VirtualFilterChain.doFilter(FilterChainProxy.java:374)
	at org.springframework.security.web.servletapi.SecurityContextHolderAwareRequestFilter.doFilter(SecurityContextHolderAwareRequestFilter.java:179)
	at org.springframework.security.web.FilterChainProxy$VirtualFilterChain.doFilter(FilterChainProxy.java:374)
	at org.springframework.security.web.savedrequest.RequestCacheAwareFilter.doFilter(RequestCacheAwareFilter.java:63)
	at org.springframework.security.web.FilterChainProxy$VirtualFilterChain.doFilter(FilterChainProxy.java:374)
	at com.yts.revaux.config.JwtAuthenticationFilter.doFilterInternal(JwtAuthenticationFilter.java:52)
	at org.springframework.web.filter.OncePerRequestFilter.doFilter(OncePerRequestFilter.java:116)
	at org.springframework.security.web.FilterChainProxy$VirtualFilterChain.doFilter(FilterChainProxy.java:374)
	at org.springframework.security.web.authentication.logout.LogoutFilter.doFilter(LogoutFilter.java:107)
	at org.springframework.security.web.authentication.logout.LogoutFilter.doFilter(LogoutFilter.java:93)
	at org.springframework.security.web.FilterChainProxy$VirtualFilterChain.doFilter(FilterChainProxy.java:374)
	at org.springframework.web.filter.CorsFilter.doFilterInternal(CorsFilter.java:91)
	at org.springframework.web.filter.OncePerRequestFilter.doFilter(OncePerRequestFilter.java:116)
	at org.springframework.security.web.FilterChainProxy$VirtualFilterChain.doFilter(FilterChainProxy.java:374)
	at org.springframework.security.web.header.HeaderWriterFilter.doHeadersAfter(HeaderWriterFilter.java:90)
	at org.springframework.security.web.header.HeaderWriterFilter.doFilterInternal(HeaderWriterFilter.java:75)
	at org.springframework.web.filter.OncePerRequestFilter.doFilter(OncePerRequestFilter.java:116)
	at org.springframework.security.web.FilterChainProxy$VirtualFilterChain.doFilter(FilterChainProxy.java:374)
	at org.springframework.security.web.context.SecurityContextHolderFilter.doFilter(SecurityContextHolderFilter.java:82)
	at org.springframework.security.web.context.SecurityContextHolderFilter.doFilter(SecurityContextHolderFilter.java:69)
	at org.springframework.security.web.FilterChainProxy$VirtualFilterChain.doFilter(FilterChainProxy.java:374)
	at org.springframework.security.web.context.request.async.WebAsyncManagerIntegrationFilter.doFilterInternal(WebAsyncManagerIntegrationFilter.java:62)
	at org.springframework.web.filter.OncePerRequestFilter.doFilter(OncePerRequestFilter.java:116)
	at org.springframework.security.web.FilterChainProxy$VirtualFilterChain.doFilter(FilterChainProxy.java:374)
	at org.springframework.security.web.session.DisableEncodeUrlFilter.doFilterInternal(DisableEncodeUrlFilter.java:42)
	at org.springframework.web.filter.OncePerRequestFilter.doFilter(OncePerRequestFilter.java:116)
	at org.springframework.security.web.FilterChainProxy$VirtualFilterChain.doFilter(FilterChainProxy.java:374)
	at org.springframework.security.web.FilterChainProxy.doFilterInternal(FilterChainProxy.java:233)
	at org.springframework.security.web.FilterChainProxy.doFilter(FilterChainProxy.java:191)
	at org.springframework.web.filter.CompositeFilter$VirtualFilterChain.doFilter(CompositeFilter.java:113)
	at org.springframework.web.servlet.handler.HandlerMappingIntrospector.lambda$createCacheFilter$3(HandlerMappingIntrospector.java:243)
	at org.springframework.web.filter.CompositeFilter$VirtualFilterChain.doFilter(CompositeFilter.java:113)
	at org.springframework.web.filter.CompositeFilter.doFilter(CompositeFilter.java:74)
	at org.springframework.security.config.annotation.web.configuration.WebMvcSecurityConfiguration$CompositeFilterChainProxy.doFilter(WebMvcSecurityConfiguration.java:238)
	at org.springframework.web.filter.DelegatingFilterProxy.invokeDelegate(DelegatingFilterProxy.java:362)
	at org.springframework.web.filter.DelegatingFilterProxy.doFilter(DelegatingFilterProxy.java:278)
	at org.apache.catalina.core.ApplicationFilterChain.internalDoFilter(ApplicationFilterChain.java:164)
	at org.apache.catalina.core.ApplicationFilterChain.doFilter(ApplicationFilterChain.java:140)
	at org.springframework.web.filter.RequestContextFilter.doFilterInternal(RequestContextFilter.java:100)
	at org.springframework.web.filter.OncePerRequestFilter.doFilter(OncePerRequestFilter.java:116)
	at org.apache.catalina.core.ApplicationFilterChain.internalDoFilter(ApplicationFilterChain.java:164)
	at org.apache.catalina.core.ApplicationFilterChain.doFilter(ApplicationFilterChain.java:140)
	at org.springframework.web.filter.FormContentFilter.doFilterInternal(FormContentFilter.java:93)
	at org.springframework.web.filter.OncePerRequestFilter.doFilter(OncePerRequestFilter.java:116)
	at org.apache.catalina.core.ApplicationFilterChain.internalDoFilter(ApplicationFilterChain.java:164)
	at org.apache.catalina.core.ApplicationFilterChain.doFilter(ApplicationFilterChain.java:140)
	at org.springframework.web.filter.CharacterEncodingFilter.doFilterInternal(CharacterEncodingFilter.java:201)
	at org.springframework.web.filter.OncePerRequestFilter.doFilter(OncePerRequestFilter.java:116)
	at org.apache.catalina.core.ApplicationFilterChain.internalDoFilter(ApplicationFilterChain.java:164)
	at org.apache.catalina.core.ApplicationFilterChain.doFilter(ApplicationFilterChain.java:140)
	at org.apache.catalina.core.StandardWrapperValve.invoke(StandardWrapperValve.java:167)
	at org.apache.catalina.core.StandardContextValve.invoke(StandardContextValve.java:90)
	at org.apache.catalina.authenticator.AuthenticatorBase.invoke(AuthenticatorBase.java:483)
	at org.apache.catalina.core.StandardHostValve.invoke(StandardHostValve.java:115)
	at org.apache.catalina.valves.ErrorReportValve.invoke(ErrorReportValve.java:93)
	at org.apache.catalina.core.StandardEngineValve.invoke(StandardEngineValve.java:74)
	at org.apache.catalina.connector.CoyoteAdapter.service(CoyoteAdapter.java:344)
	at org.apache.coyote.http11.Http11Processor.service(Http11Processor.java:397)
	at org.apache.coyote.AbstractProcessorLight.process(AbstractProcessorLight.java:63)
	at org.apache.coyote.AbstractProtocol$ConnectionHandler.process(AbstractProtocol.java:905)
	at org.apache.tomcat.util.net.NioEndpoint$SocketProcessor.doRun(NioEndpoint.java:1743)
	at org.apache.tomcat.util.net.SocketProcessorBase.run(SocketProcessorBase.java:52)
	at org.apache.tomcat.util.threads.ThreadPoolExecutor.runWorker(ThreadPoolExecutor.java:1190)
	at org.apache.tomcat.util.threads.ThreadPoolExecutor$Worker.run(ThreadPoolExecutor.java:659)
	at org.apache.tomcat.util.threads.TaskThread$WrappingRunnable.run(TaskThread.java:63)
	at java.base/java.lang.Thread.run(Thread.java:1583)
2025-03-06 18:13:43 [http-nio-8080-exec-9] WARN  c.y.r.config.JwtAuthenticationFilter - ❌ No valid JWT token found in cookies!
2025-03-06 18:14:32 [File Watcher] INFO  o.s.b.d.a.LocalDevToolsAutoConfiguration$RestartingClassPathChangeChangedEventListener - Restarting due to 1 class path change (0 additions, 0 deletions, 1 modification)
2025-03-06 18:14:32 [Thread-37] INFO  o.s.b.w.e.tomcat.GracefulShutdown - Commencing graceful shutdown. Waiting for active requests to complete
2025-03-06 18:14:32 [tomcat-shutdown] INFO  o.a.coyote.http11.Http11NioProtocol - Pausing ProtocolHandler ["http-nio-8080"]
2025-03-06 18:14:32 [tomcat-shutdown] INFO  o.s.b.w.e.tomcat.GracefulShutdown - Graceful shutdown complete
2025-03-06 18:14:32 [Thread-37] INFO  o.a.coyote.http11.Http11NioProtocol - Stopping ProtocolHandler ["http-nio-8080"]
2025-03-06 18:14:32 [Thread-37] INFO  o.s.o.j.LocalContainerEntityManagerFactoryBean - Closing JPA EntityManagerFactory for persistence unit 'default'
2025-03-06 18:14:32 [Thread-37] INFO  com.zaxxer.hikari.HikariDataSource - HikariPool-7 - Shutdown initiated...
2025-03-06 18:14:32 [Thread-37] INFO  com.zaxxer.hikari.HikariDataSource - HikariPool-7 - Shutdown completed.
2025-03-06 18:14:32 [restartedMain] INFO  com.yts.revaux.RevAuxApplication - Starting RevAuxApplication using Java 21.0.5 with PID 63896 (/home/yts125/Desktop/LatestNtQuote_March6/rev-aux/target/classes started by yts125 in /home/yts125/Desktop/LatestNtQuote_March6/rev-aux)
2025-03-06 18:14:32 [restartedMain] INFO  com.yts.revaux.RevAuxApplication - The following 1 profile is active: "dev"
2025-03-06 18:14:32 [restartedMain] INFO  o.s.d.r.c.RepositoryConfigurationDelegate - Multiple Spring Data modules found, entering strict repository configuration mode
2025-03-06 18:14:32 [restartedMain] INFO  o.s.d.r.c.RepositoryConfigurationDelegate - Bootstrapping Spring Data JDBC repositories in DEFAULT mode.
2025-03-06 18:14:32 [restartedMain] INFO  o.s.d.r.c.RepositoryConfigurationExtensionSupport - Spring Data JDBC - Could not safely identify store assignment for repository candidate interface com.yts.revaux.admin.repository.AdminRepository; If you want this repository to be a JDBC repository, consider annotating your entities with one of these annotations: org.springframework.data.relational.core.mapping.Table.
2025-03-06 18:14:32 [restartedMain] INFO  o.s.d.r.c.RepositoryConfigurationExtensionSupport - Spring Data JDBC - Could not safely identify store assignment for repository candidate interface com.yts.revaux.admin.repository.UserRepository; If you want this repository to be a JDBC repository, consider annotating your entities with one of these annotations: org.springframework.data.relational.core.mapping.Table.
2025-03-06 18:14:32 [restartedMain] INFO  o.s.d.r.c.RepositoryConfigurationExtensionSupport - Spring Data JDBC - Could not safely identify store assignment for repository candidate interface com.yts.revaux.ntQuote.repository.NTQuoteListRepository; If you want this repository to be a JDBC repository, consider annotating your entities with one of these annotations: org.springframework.data.relational.core.mapping.Table.
2025-03-06 18:14:32 [restartedMain] INFO  o.s.d.r.c.RepositoryConfigurationExtensionSupport - Spring Data JDBC - Could not safely identify store assignment for repository candidate interface com.yts.revaux.ntQuote.repository.NtQuoteComponentDetailRepository; If you want this repository to be a JDBC repository, consider annotating your entities with one of these annotations: org.springframework.data.relational.core.mapping.Table.
2025-03-06 18:14:32 [restartedMain] INFO  o.s.d.r.c.RepositoryConfigurationExtensionSupport - Spring Data JDBC - Could not safely identify store assignment for repository candidate interface com.yts.revaux.ntQuote.repository.NtQuoteContactReviewInformationRepository; If you want this repository to be a JDBC repository, consider annotating your entities with one of these annotations: org.springframework.data.relational.core.mapping.Table.
2025-03-06 18:14:32 [restartedMain] INFO  o.s.d.r.c.RepositoryConfigurationExtensionSupport - Spring Data JDBC - Could not safely identify store assignment for repository candidate interface com.yts.revaux.ntQuote.repository.NtQuoteCostOverviewCustomerInputOutputRepository; If you want this repository to be a JDBC repository, consider annotating your entities with one of these annotations: org.springframework.data.relational.core.mapping.Table.
2025-03-06 18:14:32 [restartedMain] INFO  o.s.d.r.c.RepositoryConfigurationExtensionSupport - Spring Data JDBC - Could not safely identify store assignment for repository candidate interface com.yts.revaux.ntQuote.repository.NtQuoteCustomerProjectRepository; If you want this repository to be a JDBC repository, consider annotating your entities with one of these annotations: org.springframework.data.relational.core.mapping.Table.
2025-03-06 18:14:32 [restartedMain] INFO  o.s.d.r.c.RepositoryConfigurationExtensionSupport - Spring Data JDBC - Could not safely identify store assignment for repository candidate interface com.yts.revaux.ntQuote.repository.NtQuoteProjectConsiderationRepository; If you want this repository to be a JDBC repository, consider annotating your entities with one of these annotations: org.springframework.data.relational.core.mapping.Table.
2025-03-06 18:14:32 [restartedMain] INFO  o.s.d.r.c.RepositoryConfigurationExtensionSupport - Spring Data JDBC - Could not safely identify store assignment for repository candidate interface com.yts.revaux.ntQuote.repository.NtQuoteProjectEstimatedTimingRepository; If you want this repository to be a JDBC repository, consider annotating your entities with one of these annotations: org.springframework.data.relational.core.mapping.Table.
2025-03-06 18:14:32 [restartedMain] INFO  o.s.d.r.c.RepositoryConfigurationExtensionSupport - Spring Data JDBC - Could not safely identify store assignment for repository candidate interface com.yts.revaux.ntQuote.repository.QuoteLabourRateRepository; If you want this repository to be a JDBC repository, consider annotating your entities with one of these annotations: org.springframework.data.relational.core.mapping.Table.
2025-03-06 18:14:32 [restartedMain] INFO  o.s.d.r.c.RepositoryConfigurationExtensionSupport - Spring Data JDBC - Could not safely identify store assignment for repository candidate interface com.yts.revaux.ntQuote.repository.QuoteMachineEfficiencyRepository; If you want this repository to be a JDBC repository, consider annotating your entities with one of these annotations: org.springframework.data.relational.core.mapping.Table.
2025-03-06 18:14:32 [restartedMain] INFO  o.s.d.r.c.RepositoryConfigurationExtensionSupport - Spring Data JDBC - Could not safely identify store assignment for repository candidate interface com.yts.revaux.ntQuote.repository.QuoteMachineSetupRepository; If you want this repository to be a JDBC repository, consider annotating your entities with one of these annotations: org.springframework.data.relational.core.mapping.Table.
2025-03-06 18:14:32 [restartedMain] INFO  o.s.d.r.c.RepositoryConfigurationExtensionSupport - Spring Data JDBC - Could not safely identify store assignment for repository candidate interface com.yts.revaux.ntQuote.repository.QuoteMaterialMarkupRepository; If you want this repository to be a JDBC repository, consider annotating your entities with one of these annotations: org.springframework.data.relational.core.mapping.Table.
2025-03-06 18:14:32 [restartedMain] INFO  o.s.d.r.c.RepositoryConfigurationExtensionSupport - Spring Data JDBC - Could not safely identify store assignment for repository candidate interface com.yts.revaux.ntQuote.repository.QuoteProfitRepository; If you want this repository to be a JDBC repository, consider annotating your entities with one of these annotations: org.springframework.data.relational.core.mapping.Table.
2025-03-06 18:14:32 [restartedMain] INFO  o.s.d.r.c.RepositoryConfigurationExtensionSupport - Spring Data JDBC - Could not safely identify store assignment for repository candidate interface com.yts.revaux.ntQuote.repository.QuoteScrapRateRepository; If you want this repository to be a JDBC repository, consider annotating your entities with one of these annotations: org.springframework.data.relational.core.mapping.Table.
2025-03-06 18:14:32 [restartedMain] INFO  o.s.d.r.c.RepositoryConfigurationExtensionSupport - Spring Data JDBC - Could not safely identify store assignment for repository candidate interface com.yts.revaux.ntQuote.repository.QuoteSgaRateRepository; If you want this repository to be a JDBC repository, consider annotating your entities with one of these annotations: org.springframework.data.relational.core.mapping.Table.
2025-03-06 18:14:32 [restartedMain] INFO  o.s.d.r.c.RepositoryConfigurationDelegate - Finished Spring Data repository scanning in 10 ms. Found 0 JDBC repository interfaces.
2025-03-06 18:14:32 [restartedMain] INFO  o.s.d.r.c.RepositoryConfigurationDelegate - Multiple Spring Data modules found, entering strict repository configuration mode
2025-03-06 18:14:32 [restartedMain] INFO  o.s.d.r.c.RepositoryConfigurationDelegate - Bootstrapping Spring Data JPA repositories in DEFAULT mode.
2025-03-06 18:14:32 [restartedMain] INFO  o.s.d.r.c.RepositoryConfigurationDelegate - Finished Spring Data repository scanning in 15 ms. Found 16 JPA repository interfaces.
2025-03-06 18:14:32 [restartedMain] INFO  o.s.d.r.c.RepositoryConfigurationDelegate - Multiple Spring Data modules found, entering strict repository configuration mode
2025-03-06 18:14:32 [restartedMain] INFO  o.s.d.r.c.RepositoryConfigurationDelegate - Bootstrapping Spring Data Redis repositories in DEFAULT mode.
2025-03-06 18:14:32 [restartedMain] INFO  o.s.d.r.c.RepositoryConfigurationExtensionSupport - Spring Data Redis - Could not safely identify store assignment for repository candidate interface com.yts.revaux.admin.repository.AdminRepository; If you want this repository to be a Redis repository, consider annotating your entities with one of these annotations: org.springframework.data.redis.core.RedisHash (preferred), or consider extending one of the following types with your repository: org.springframework.data.keyvalue.repository.KeyValueRepository
2025-03-06 18:14:32 [restartedMain] INFO  o.s.d.r.c.RepositoryConfigurationExtensionSupport - Spring Data Redis - Could not safely identify store assignment for repository candidate interface com.yts.revaux.admin.repository.UserRepository; If you want this repository to be a Redis repository, consider annotating your entities with one of these annotations: org.springframework.data.redis.core.RedisHash (preferred), or consider extending one of the following types with your repository: org.springframework.data.keyvalue.repository.KeyValueRepository
2025-03-06 18:14:32 [restartedMain] INFO  o.s.d.r.c.RepositoryConfigurationExtensionSupport - Spring Data Redis - Could not safely identify store assignment for repository candidate interface com.yts.revaux.ntQuote.repository.NTQuoteListRepository; If you want this repository to be a Redis repository, consider annotating your entities with one of these annotations: org.springframework.data.redis.core.RedisHash (preferred), or consider extending one of the following types with your repository: org.springframework.data.keyvalue.repository.KeyValueRepository
2025-03-06 18:14:32 [restartedMain] INFO  o.s.d.r.c.RepositoryConfigurationExtensionSupport - Spring Data Redis - Could not safely identify store assignment for repository candidate interface com.yts.revaux.ntQuote.repository.NtQuoteComponentDetailRepository; If you want this repository to be a Redis repository, consider annotating your entities with one of these annotations: org.springframework.data.redis.core.RedisHash (preferred), or consider extending one of the following types with your repository: org.springframework.data.keyvalue.repository.KeyValueRepository
2025-03-06 18:14:32 [restartedMain] INFO  o.s.d.r.c.RepositoryConfigurationExtensionSupport - Spring Data Redis - Could not safely identify store assignment for repository candidate interface com.yts.revaux.ntQuote.repository.NtQuoteContactReviewInformationRepository; If you want this repository to be a Redis repository, consider annotating your entities with one of these annotations: org.springframework.data.redis.core.RedisHash (preferred), or consider extending one of the following types with your repository: org.springframework.data.keyvalue.repository.KeyValueRepository
2025-03-06 18:14:32 [restartedMain] INFO  o.s.d.r.c.RepositoryConfigurationExtensionSupport - Spring Data Redis - Could not safely identify store assignment for repository candidate interface com.yts.revaux.ntQuote.repository.NtQuoteCostOverviewCustomerInputOutputRepository; If you want this repository to be a Redis repository, consider annotating your entities with one of these annotations: org.springframework.data.redis.core.RedisHash (preferred), or consider extending one of the following types with your repository: org.springframework.data.keyvalue.repository.KeyValueRepository
2025-03-06 18:14:32 [restartedMain] INFO  o.s.d.r.c.RepositoryConfigurationExtensionSupport - Spring Data Redis - Could not safely identify store assignment for repository candidate interface com.yts.revaux.ntQuote.repository.NtQuoteCustomerProjectRepository; If you want this repository to be a Redis repository, consider annotating your entities with one of these annotations: org.springframework.data.redis.core.RedisHash (preferred), or consider extending one of the following types with your repository: org.springframework.data.keyvalue.repository.KeyValueRepository
2025-03-06 18:14:32 [restartedMain] INFO  o.s.d.r.c.RepositoryConfigurationExtensionSupport - Spring Data Redis - Could not safely identify store assignment for repository candidate interface com.yts.revaux.ntQuote.repository.NtQuoteProjectConsiderationRepository; If you want this repository to be a Redis repository, consider annotating your entities with one of these annotations: org.springframework.data.redis.core.RedisHash (preferred), or consider extending one of the following types with your repository: org.springframework.data.keyvalue.repository.KeyValueRepository
2025-03-06 18:14:32 [restartedMain] INFO  o.s.d.r.c.RepositoryConfigurationExtensionSupport - Spring Data Redis - Could not safely identify store assignment for repository candidate interface com.yts.revaux.ntQuote.repository.NtQuoteProjectEstimatedTimingRepository; If you want this repository to be a Redis repository, consider annotating your entities with one of these annotations: org.springframework.data.redis.core.RedisHash (preferred), or consider extending one of the following types with your repository: org.springframework.data.keyvalue.repository.KeyValueRepository
2025-03-06 18:14:32 [restartedMain] INFO  o.s.d.r.c.RepositoryConfigurationExtensionSupport - Spring Data Redis - Could not safely identify store assignment for repository candidate interface com.yts.revaux.ntQuote.repository.QuoteLabourRateRepository; If you want this repository to be a Redis repository, consider annotating your entities with one of these annotations: org.springframework.data.redis.core.RedisHash (preferred), or consider extending one of the following types with your repository: org.springframework.data.keyvalue.repository.KeyValueRepository
2025-03-06 18:14:32 [restartedMain] INFO  o.s.d.r.c.RepositoryConfigurationExtensionSupport - Spring Data Redis - Could not safely identify store assignment for repository candidate interface com.yts.revaux.ntQuote.repository.QuoteMachineEfficiencyRepository; If you want this repository to be a Redis repository, consider annotating your entities with one of these annotations: org.springframework.data.redis.core.RedisHash (preferred), or consider extending one of the following types with your repository: org.springframework.data.keyvalue.repository.KeyValueRepository
2025-03-06 18:14:32 [restartedMain] INFO  o.s.d.r.c.RepositoryConfigurationExtensionSupport - Spring Data Redis - Could not safely identify store assignment for repository candidate interface com.yts.revaux.ntQuote.repository.QuoteMachineSetupRepository; If you want this repository to be a Redis repository, consider annotating your entities with one of these annotations: org.springframework.data.redis.core.RedisHash (preferred), or consider extending one of the following types with your repository: org.springframework.data.keyvalue.repository.KeyValueRepository
2025-03-06 18:14:32 [restartedMain] INFO  o.s.d.r.c.RepositoryConfigurationExtensionSupport - Spring Data Redis - Could not safely identify store assignment for repository candidate interface com.yts.revaux.ntQuote.repository.QuoteMaterialMarkupRepository; If you want this repository to be a Redis repository, consider annotating your entities with one of these annotations: org.springframework.data.redis.core.RedisHash (preferred), or consider extending one of the following types with your repository: org.springframework.data.keyvalue.repository.KeyValueRepository
2025-03-06 18:14:32 [restartedMain] INFO  o.s.d.r.c.RepositoryConfigurationExtensionSupport - Spring Data Redis - Could not safely identify store assignment for repository candidate interface com.yts.revaux.ntQuote.repository.QuoteProfitRepository; If you want this repository to be a Redis repository, consider annotating your entities with one of these annotations: org.springframework.data.redis.core.RedisHash (preferred), or consider extending one of the following types with your repository: org.springframework.data.keyvalue.repository.KeyValueRepository
2025-03-06 18:14:32 [restartedMain] INFO  o.s.d.r.c.RepositoryConfigurationExtensionSupport - Spring Data Redis - Could not safely identify store assignment for repository candidate interface com.yts.revaux.ntQuote.repository.QuoteScrapRateRepository; If you want this repository to be a Redis repository, consider annotating your entities with one of these annotations: org.springframework.data.redis.core.RedisHash (preferred), or consider extending one of the following types with your repository: org.springframework.data.keyvalue.repository.KeyValueRepository
2025-03-06 18:14:32 [restartedMain] INFO  o.s.d.r.c.RepositoryConfigurationExtensionSupport - Spring Data Redis - Could not safely identify store assignment for repository candidate interface com.yts.revaux.ntQuote.repository.QuoteSgaRateRepository; If you want this repository to be a Redis repository, consider annotating your entities with one of these annotations: org.springframework.data.redis.core.RedisHash (preferred), or consider extending one of the following types with your repository: org.springframework.data.keyvalue.repository.KeyValueRepository
2025-03-06 18:14:32 [restartedMain] INFO  o.s.d.r.c.RepositoryConfigurationDelegate - Finished Spring Data repository scanning in 2 ms. Found 0 Redis repository interfaces.
2025-03-06 18:14:33 [restartedMain] INFO  o.s.b.w.e.tomcat.TomcatWebServer - Tomcat initialized with port 8080 (http)
2025-03-06 18:14:33 [restartedMain] INFO  o.a.coyote.http11.Http11NioProtocol - Initializing ProtocolHandler ["http-nio-8080"]
2025-03-06 18:14:33 [restartedMain] INFO  o.a.catalina.core.StandardService - Starting service [Tomcat]
2025-03-06 18:14:33 [restartedMain] INFO  o.a.catalina.core.StandardEngine - Starting Servlet engine: [Apache Tomcat/10.1.36]
2025-03-06 18:14:33 [restartedMain] INFO  o.a.c.c.C.[.[localhost].[/rev-aux] - Initializing Spring embedded WebApplicationContext
2025-03-06 18:14:33 [restartedMain] INFO  o.s.b.w.s.c.ServletWebServerApplicationContext - Root WebApplicationContext: initialization completed in 279 ms
2025-03-06 18:14:33 [restartedMain] INFO  o.h.jpa.internal.util.LogHelper - HHH000204: Processing PersistenceUnitInfo [name: default]
2025-03-06 18:14:33 [restartedMain] INFO  o.h.c.i.RegionFactoryInitiator - HHH000026: Second-level cache disabled
2025-03-06 18:14:33 [restartedMain] INFO  o.s.o.j.p.SpringPersistenceUnitInfo - No LoadTimeWeaver setup: ignoring JPA class transformer
2025-03-06 18:14:33 [restartedMain] INFO  com.zaxxer.hikari.HikariDataSource - HikariPool-8 - Starting...
2025-03-06 18:14:33 [restartedMain] INFO  com.zaxxer.hikari.pool.HikariPool - HikariPool-8 - Added connection org.postgresql.jdbc.PgConnection@fac0763
2025-03-06 18:14:33 [restartedMain] INFO  com.zaxxer.hikari.HikariDataSource - HikariPool-8 - Start completed.
2025-03-06 18:14:33 [restartedMain] INFO  o.hibernate.orm.connections.pooling - HHH10001005: Database info:
	Database JDBC URL [Connecting through datasource 'HikariDataSource (HikariPool-8)']
	Database driver: undefined/unknown
	Database version: 14.17
	Autocommit mode: undefined/unknown
	Isolation level: undefined/unknown
	Minimum pool size: undefined/unknown
	Maximum pool size: undefined/unknown
2025-03-06 18:14:33 [restartedMain] INFO  o.h.e.t.j.p.i.JtaPlatformInitiator - HHH000489: No JTA platform available (set 'hibernate.transaction.jta.platform' to enable JTA platform integration)
2025-03-06 18:14:35 [restartedMain] INFO  o.s.o.j.LocalContainerEntityManagerFactoryBean - Initialized JPA EntityManagerFactory for persistence unit 'default'
2025-03-06 18:14:35 [restartedMain] WARN  o.s.b.a.o.j.JpaBaseConfiguration$JpaWebConfiguration - spring.jpa.open-in-view is enabled by default. Therefore, database queries may be performed during view rendering. Explicitly configure spring.jpa.open-in-view to disable this warning
2025-03-06 18:14:35 [restartedMain] INFO  o.s.s.c.a.a.c.InitializeUserDetailsBeanManagerConfigurer$InitializeUserDetailsManagerConfigurer - Global AuthenticationManager configured with UserDetailsService bean with name customUserDetailsService
2025-03-06 18:14:35 [restartedMain] INFO  o.s.b.d.a.OptionalLiveReloadServer - LiveReload server is running on port 35729
2025-03-06 18:14:35 [restartedMain] INFO  o.a.coyote.http11.Http11NioProtocol - Starting ProtocolHandler ["http-nio-8080"]
2025-03-06 18:14:35 [restartedMain] INFO  o.s.b.w.e.tomcat.TomcatWebServer - Tomcat started on port 8080 (http) with context path '/rev-aux'
2025-03-06 18:14:35 [restartedMain] INFO  com.yts.revaux.RevAuxApplication - Started RevAuxApplication in 2.697 seconds (process running for 2819.736)
2025-03-06 18:14:35 [restartedMain] INFO  o.s.b.d.a.ConditionEvaluationDeltaLoggingListener - Condition evaluation unchanged
2025-03-06 18:14:35 [http-nio-8080-exec-1] INFO  o.a.c.c.C.[.[localhost].[/rev-aux] - Initializing Spring DispatcherServlet 'dispatcherServlet'
2025-03-06 18:14:35 [http-nio-8080-exec-1] INFO  o.s.web.servlet.DispatcherServlet - Initializing Servlet 'dispatcherServlet'
2025-03-06 18:14:35 [http-nio-8080-exec-1] INFO  o.s.web.servlet.DispatcherServlet - Completed initialization in 2 ms
2025-03-06 18:14:35 [http-nio-8080-exec-1] WARN  c.y.r.config.JwtAuthenticationFilter - ❌ No valid JWT token found in cookies!
2025-03-06 18:14:35 [http-nio-8080-exec-4] WARN  c.y.r.config.JwtAuthenticationFilter - ❌ No valid JWT token found in cookies!
2025-03-06 18:14:35 [http-nio-8080-exec-3] WARN  c.y.r.config.JwtAuthenticationFilter - ❌ No valid JWT token found in cookies!
2025-03-06 18:14:35 [http-nio-8080-exec-5] WARN  c.y.r.config.JwtAuthenticationFilter - ❌ No valid JWT token found in cookies!
2025-03-06 18:14:35 [http-nio-8080-exec-2] WARN  c.y.r.config.JwtAuthenticationFilter - ❌ No valid JWT token found in cookies!
2025-03-06 18:14:35 [http-nio-8080-exec-6] WARN  c.y.r.config.JwtAuthenticationFilter - ❌ No valid JWT token found in cookies!
2025-03-06 18:14:35 [http-nio-8080-exec-7] WARN  c.y.r.config.JwtAuthenticationFilter - ❌ No valid JWT token found in cookies!
2025-03-06 18:14:35 [http-nio-8080-exec-8] WARN  c.y.r.config.JwtAuthenticationFilter - ❌ No valid JWT token found in cookies!
2025-03-06 18:14:35 [http-nio-8080-exec-9] WARN  c.y.r.config.JwtAuthenticationFilter - ❌ No valid JWT token found in cookies!
2025-03-06 18:14:35 [http-nio-8080-exec-10] WARN  c.y.r.config.JwtAuthenticationFilter - ❌ No valid JWT token found in cookies!
2025-03-06 18:14:42 [http-nio-8080-exec-1] WARN  c.y.r.config.JwtAuthenticationFilter - ❌ No valid JWT token found in cookies!
2025-03-06 18:14:42 [http-nio-8080-exec-5] WARN  c.y.r.config.JwtAuthenticationFilter - ❌ No valid JWT token found in cookies!
2025-03-06 18:14:42 [http-nio-8080-exec-3] WARN  c.y.r.config.JwtAuthenticationFilter - ❌ No valid JWT token found in cookies!
2025-03-06 18:14:42 [http-nio-8080-exec-7] WARN  c.y.r.config.JwtAuthenticationFilter - ❌ No valid JWT token found in cookies!
2025-03-06 18:14:42 [http-nio-8080-exec-6] WARN  c.y.r.config.JwtAuthenticationFilter - ❌ No valid JWT token found in cookies!
2025-03-06 18:14:42 [http-nio-8080-exec-2] WARN  c.y.r.config.JwtAuthenticationFilter - ❌ No valid JWT token found in cookies!
2025-03-06 18:14:42 [http-nio-8080-exec-4] WARN  c.y.r.config.JwtAuthenticationFilter - ❌ No valid JWT token found in cookies!
2025-03-06 18:14:42 [http-nio-8080-exec-8] WARN  c.y.r.config.JwtAuthenticationFilter - ❌ No valid JWT token found in cookies!
2025-03-06 18:14:42 [http-nio-8080-exec-1] WARN  c.y.r.config.JwtAuthenticationFilter - ❌ No valid JWT token found in cookies!
2025-03-06 18:14:42 [http-nio-8080-exec-5] WARN  c.y.r.config.JwtAuthenticationFilter - ❌ No valid JWT token found in cookies!
2025-03-06 18:14:42 [http-nio-8080-exec-9] WARN  c.y.r.config.JwtAuthenticationFilter - ❌ No valid JWT token found in cookies!
2025-03-06 18:14:42 [http-nio-8080-exec-10] WARN  c.y.r.config.JwtAuthenticationFilter - ❌ No valid JWT token found in cookies!
2025-03-06 18:14:42 [http-nio-8080-exec-4] WARN  c.y.r.config.JwtAuthenticationFilter - ❌ No valid JWT token found in cookies!
2025-03-06 18:14:42 [http-nio-8080-exec-7] WARN  c.y.r.config.JwtAuthenticationFilter - ❌ No valid JWT token found in cookies!
2025-03-06 18:14:42 [http-nio-8080-exec-2] WARN  c.y.r.config.JwtAuthenticationFilter - ❌ No valid JWT token found in cookies!
2025-03-06 18:14:42 [http-nio-8080-exec-3] WARN  c.y.r.config.JwtAuthenticationFilter - ❌ No valid JWT token found in cookies!
2025-03-06 18:14:42 [http-nio-8080-exec-8] WARN  c.y.r.config.JwtAuthenticationFilter - ❌ No valid JWT token found in cookies!
2025-03-06 18:14:42 [http-nio-8080-exec-6] WARN  c.y.r.config.JwtAuthenticationFilter - ❌ No valid JWT token found in cookies!
2025-03-06 18:14:42 [http-nio-8080-exec-10] WARN  c.y.r.config.JwtAuthenticationFilter - ❌ No valid JWT token found in cookies!
2025-03-06 18:14:42 [http-nio-8080-exec-4] WARN  c.y.r.config.JwtAuthenticationFilter - ❌ No valid JWT token found in cookies!
2025-03-06 18:14:42 [http-nio-8080-exec-5] WARN  c.y.r.config.JwtAuthenticationFilter - ❌ No valid JWT token found in cookies!
2025-03-06 18:14:42 [http-nio-8080-exec-9] WARN  c.y.r.config.JwtAuthenticationFilter - ❌ No valid JWT token found in cookies!
2025-03-06 18:14:42 [http-nio-8080-exec-7] WARN  c.y.r.config.JwtAuthenticationFilter - ❌ No valid JWT token found in cookies!
2025-03-06 18:14:42 [http-nio-8080-exec-8] WARN  c.y.r.config.JwtAuthenticationFilter - ❌ No valid JWT token found in cookies!
2025-03-06 18:14:42 [http-nio-8080-exec-3] WARN  c.y.r.config.JwtAuthenticationFilter - ❌ No valid JWT token found in cookies!
2025-03-06 18:14:42 [http-nio-8080-exec-1] WARN  c.y.r.config.JwtAuthenticationFilter - ❌ No valid JWT token found in cookies!
2025-03-06 18:14:42 [http-nio-8080-exec-2] WARN  c.y.r.config.JwtAuthenticationFilter - ❌ No valid JWT token found in cookies!
2025-03-06 18:14:42 [http-nio-8080-exec-10] WARN  c.y.r.config.JwtAuthenticationFilter - ❌ No valid JWT token found in cookies!
2025-03-06 18:14:42 [http-nio-8080-exec-6] WARN  c.y.r.config.JwtAuthenticationFilter - ❌ No valid JWT token found in cookies!
2025-03-06 18:14:42 [http-nio-8080-exec-4] WARN  c.y.r.config.JwtAuthenticationFilter - ❌ No valid JWT token found in cookies!
2025-03-06 18:14:42 [http-nio-8080-exec-5] WARN  c.y.r.config.JwtAuthenticationFilter - ❌ No valid JWT token found in cookies!
2025-03-06 18:14:42 [http-nio-8080-exec-7] WARN  c.y.r.config.JwtAuthenticationFilter - ❌ No valid JWT token found in cookies!
2025-03-06 18:14:42 [http-nio-8080-exec-9] WARN  c.y.r.config.JwtAuthenticationFilter - ❌ No valid JWT token found in cookies!
2025-03-06 18:14:42 [http-nio-8080-exec-3] WARN  c.y.r.config.JwtAuthenticationFilter - ❌ No valid JWT token found in cookies!
2025-03-06 18:14:42 [http-nio-8080-exec-1] WARN  c.y.r.config.JwtAuthenticationFilter - ❌ No valid JWT token found in cookies!
2025-03-06 18:14:42 [http-nio-8080-exec-8] WARN  c.y.r.config.JwtAuthenticationFilter - ❌ No valid JWT token found in cookies!
2025-03-06 18:14:42 [http-nio-8080-exec-10] WARN  c.y.r.config.JwtAuthenticationFilter - ❌ No valid JWT token found in cookies!
2025-03-06 18:14:42 [http-nio-8080-exec-2] WARN  c.y.r.config.JwtAuthenticationFilter - ❌ No valid JWT token found in cookies!
2025-03-06 18:14:42 [http-nio-8080-exec-5] WARN  c.y.r.config.JwtAuthenticationFilter - ❌ No valid JWT token found in cookies!
2025-03-06 18:14:42 [http-nio-8080-exec-3] WARN  c.y.r.config.JwtAuthenticationFilter - ❌ No valid JWT token found in cookies!
2025-03-06 18:14:42 [http-nio-8080-exec-6] WARN  c.y.r.config.JwtAuthenticationFilter - ❌ No valid JWT token found in cookies!
2025-03-06 18:14:42 [http-nio-8080-exec-4] WARN  c.y.r.config.JwtAuthenticationFilter - ❌ No valid JWT token found in cookies!
2025-03-06 18:14:42 [http-nio-8080-exec-7] WARN  c.y.r.config.JwtAuthenticationFilter - ❌ No valid JWT token found in cookies!
2025-03-06 18:14:42 [http-nio-8080-exec-9] WARN  c.y.r.config.JwtAuthenticationFilter - ❌ No valid JWT token found in cookies!
2025-03-06 18:14:42 [http-nio-8080-exec-1] WARN  c.y.r.config.JwtAuthenticationFilter - ❌ No valid JWT token found in cookies!
2025-03-06 18:14:42 [http-nio-8080-exec-8] WARN  c.y.r.config.JwtAuthenticationFilter - ❌ No valid JWT token found in cookies!
2025-03-06 18:14:42 [http-nio-8080-exec-6] WARN  c.y.r.config.JwtAuthenticationFilter - ❌ No valid JWT token found in cookies!
2025-03-06 18:14:42 [http-nio-8080-exec-2] WARN  c.y.r.config.JwtAuthenticationFilter - ❌ No valid JWT token found in cookies!
2025-03-06 18:14:42 [http-nio-8080-exec-5] WARN  c.y.r.config.JwtAuthenticationFilter - ❌ No valid JWT token found in cookies!
2025-03-06 18:14:42 [http-nio-8080-exec-4] WARN  c.y.r.config.JwtAuthenticationFilter - ❌ No valid JWT token found in cookies!
2025-03-06 18:14:42 [http-nio-8080-exec-3] WARN  c.y.r.config.JwtAuthenticationFilter - ❌ No valid JWT token found in cookies!
2025-03-06 18:14:42 [http-nio-8080-exec-10] WARN  c.y.r.config.JwtAuthenticationFilter - ❌ No valid JWT token found in cookies!
2025-03-06 18:14:42 [http-nio-8080-exec-7] WARN  c.y.r.config.JwtAuthenticationFilter - ❌ No valid JWT token found in cookies!
2025-03-06 18:14:43 [http-nio-8080-exec-2] WARN  c.y.r.config.JwtAuthenticationFilter - ❌ No valid JWT token found in cookies!
2025-03-06 18:14:43 [http-nio-8080-exec-1] WARN  c.y.r.config.JwtAuthenticationFilter - ❌ No valid JWT token found in cookies!
2025-03-06 18:14:43 [http-nio-8080-exec-8] WARN  c.y.r.config.JwtAuthenticationFilter - ❌ No valid JWT token found in cookies!
2025-03-06 18:14:43 [http-nio-8080-exec-9] WARN  c.y.r.config.JwtAuthenticationFilter - ❌ No valid JWT token found in cookies!
2025-03-06 18:14:43 [http-nio-8080-exec-6] WARN  c.y.r.config.JwtAuthenticationFilter - ❌ No valid JWT token found in cookies!
2025-03-06 18:14:43 [http-nio-8080-exec-4] WARN  c.y.r.config.JwtAuthenticationFilter - ❌ No valid JWT token found in cookies!
2025-03-06 18:14:43 [http-nio-8080-exec-5] WARN  c.y.r.config.JwtAuthenticationFilter - ❌ No valid JWT token found in cookies!
2025-03-06 18:14:44 [http-nio-8080-exec-3] WARN  c.y.r.config.JwtAuthenticationFilter - ❌ No valid JWT token found in cookies!
2025-03-06 18:14:44 [http-nio-8080-exec-9] WARN  c.y.r.config.JwtAuthenticationFilter - ❌ No valid JWT token found in cookies!
2025-03-06 18:14:44 [http-nio-8080-exec-7] WARN  c.y.r.config.JwtAuthenticationFilter - ❌ No valid JWT token found in cookies!
2025-03-06 18:14:44 [http-nio-8080-exec-2] WARN  c.y.r.config.JwtAuthenticationFilter - ❌ No valid JWT token found in cookies!
2025-03-06 18:14:44 [http-nio-8080-exec-10] WARN  c.y.r.config.JwtAuthenticationFilter - ❌ No valid JWT token found in cookies!
2025-03-06 18:14:44 [http-nio-8080-exec-8] WARN  c.y.r.config.JwtAuthenticationFilter - ❌ No valid JWT token found in cookies!
2025-03-06 18:14:44 [http-nio-8080-exec-1] WARN  c.y.r.config.JwtAuthenticationFilter - ❌ No valid JWT token found in cookies!
2025-03-06 18:14:44 [http-nio-8080-exec-1] INFO  c.y.r.n.w.rest.NtQuoteListController - Fetching all NT Quotes
2025-03-06 18:14:44 [http-nio-8080-exec-6] WARN  c.y.r.config.JwtAuthenticationFilter - ❌ No valid JWT token found in cookies!
2025-03-06 18:14:44 [http-nio-8080-exec-4] WARN  c.y.r.config.JwtAuthenticationFilter - ❌ No valid JWT token found in cookies!
2025-03-06 18:14:49 [http-nio-8080-exec-5] WARN  c.y.r.config.JwtAuthenticationFilter - ❌ No valid JWT token found in cookies!
2025-03-06 18:14:49 [http-nio-8080-exec-5] INFO  c.y.r.n.w.rest.NtQuoteListController - Checking if Mold Mannual  file exists -> id: 4,  fileName: ntdemo.xlsx
2025-03-06 18:14:49 [http-nio-8080-exec-5] INFO  c.y.r.n.w.rest.NtQuoteListController - generate Remote Mold Mannual File Path id = 4 fileName = ntdemo.xlsx
2025-03-06 18:14:49 [http-nio-8080-exec-5] INFO  c.y.r.n.w.rest.NtQuoteListController - currentPath  = /home/CPS/NtQuote/MoldMannual/4
2025-03-06 18:14:49 [http-nio-8080-exec-5] INFO  c.y.r.n.w.rest.NtQuoteListController - Generated remote file path: /home/CPS/NtQuote/MoldMannual/4/ntdemo.xlsx
2025-03-06 18:14:49 [http-nio-8080-exec-5] INFO  c.y.r.a.web.rest.AdminRestController - Checking Mold Manual File Exists - id: 4, remoteFilePath: '/home/CPS/NtQuote/MoldMannual/4/ntdemo.xlsx'
2025-03-06 18:14:49 [http-nio-8080-exec-5] INFO  c.y.r.a.web.rest.AdminRestController - File existence count: 1
2025-03-06 18:14:49 [http-nio-8080-exec-5] INFO  c.y.r.n.w.rest.NtQuoteListController - File existence check result: true
2025-03-06 18:14:54 [http-nio-8080-exec-10] WARN  c.y.r.config.JwtAuthenticationFilter - ❌ No valid JWT token found in cookies!
2025-03-06 18:14:54 [http-nio-8080-exec-10] ERROR c.y.r.n.w.rest.NtQuoteListController - Controller -- overwrite mold mannual File id ===== 4
2025-03-06 18:14:54 [http-nio-8080-exec-10] INFO  c.y.r.n.w.rest.NtQuoteListController - overwrite Mold Mannual File line  ===== 4
2025-03-06 18:14:54 [http-nio-8080-exec-10] INFO  c.y.r.a.web.rest.AdminRestController - overwrite Mold Manual File invoked with fileName: ntdemo.xlsx, id: 4
2025-03-06 18:14:54 [http-nio-8080-exec-10] INFO  c.y.r.a.web.rest.AdminRestController - Data size: 5102 bytes
2025-03-06 18:14:54 [http-nio-8080-exec-10] INFO  c.y.r.a.web.rest.AdminRestController - Remote file path = /home/CPS/NtQuote/MoldManual/4/ntdemo.xlsx
2025-03-06 18:14:57 [http-nio-8080-exec-10] INFO  c.y.r.a.web.rest.AdminRestController - Deleted old file: /home/CPS/NtQuote/MoldManual/4/ntdemo.xlsx
2025-03-06 18:14:57 [http-nio-8080-exec-10] INFO  c.y.r.a.web.rest.AdminRestController - Uploading new file to: /home/CPS/NtQuote/MoldManual/4/ntdemo.xlsx
2025-03-06 18:14:57 [http-nio-8080-exec-10] INFO  c.y.r.a.web.rest.AdminRestController - File successfully replaced.
2025-03-06 18:14:57 [http-nio-8080-exec-10] INFO  c.y.r.a.web.rest.AdminRestController - Mold Manual File overwritten successfully: /home/CPS/NtQuote/MoldManual/4/ntdemo.xlsx
2025-03-06 18:14:57 [http-nio-8080-exec-10] WARN  o.h.e.jdbc.spi.SqlExceptionHelper - SQL Error: 0, SQLState: 42804
2025-03-06 18:14:57 [http-nio-8080-exec-10] ERROR o.h.e.jdbc.spi.SqlExceptionHelper - ERROR: COALESCE types character varying and text[] cannot be matched
  Position: 83
2025-03-06 18:14:57 [http-nio-8080-exec-10] ERROR o.a.c.c.C.[.[.[.[dispatcherServlet] - Servlet.service() for servlet [dispatcherServlet] in context with path [/rev-aux] threw exception [Request processing failed: org.springframework.dao.InvalidDataAccessResourceUsageException: JDBC exception executing SQL [UPDATE nt_quote SET mold_manual = array_append(array_remove(COALESCE(mold_manual, ARRAY[]::TEXT[]), ?), ?) WHERE id = ?] [ERROR: COALESCE types character varying and text[] cannot be matched
  Position: 83] [n/a]; SQL [n/a]] with root cause
org.postgresql.util.PSQLException: ERROR: COALESCE types character varying and text[] cannot be matched
  Position: 83
	at org.postgresql.core.v3.QueryExecutorImpl.receiveErrorResponse(QueryExecutorImpl.java:2733)
	at org.postgresql.core.v3.QueryExecutorImpl.processResults(QueryExecutorImpl.java:2420)
	at org.postgresql.core.v3.QueryExecutorImpl.execute(QueryExecutorImpl.java:372)
	at org.postgresql.jdbc.PgStatement.executeInternal(PgStatement.java:517)
	at org.postgresql.jdbc.PgStatement.execute(PgStatement.java:434)
	at org.postgresql.jdbc.PgPreparedStatement.executeWithFlags(PgPreparedStatement.java:194)
	at org.postgresql.jdbc.PgPreparedStatement.executeUpdate(PgPreparedStatement.java:155)
	at com.zaxxer.hikari.pool.ProxyPreparedStatement.executeUpdate(ProxyPreparedStatement.java:61)
	at com.zaxxer.hikari.pool.HikariProxyPreparedStatement.executeUpdate(HikariProxyPreparedStatement.java)
	at org.hibernate.sql.exec.internal.StandardJdbcMutationExecutor.execute(StandardJdbcMutationExecutor.java:90)
	at org.hibernate.query.sql.internal.NativeNonSelectQueryPlanImpl.executeUpdate(NativeNonSelectQueryPlanImpl.java:76)
	at org.hibernate.query.sql.internal.NativeQueryImpl.doExecuteUpdate(NativeQueryImpl.java:973)
	at org.hibernate.query.spi.AbstractQuery.executeUpdate(AbstractQuery.java:651)
	at org.springframework.data.jpa.repository.query.JpaQueryExecution$ModifyingExecution.doExecute(JpaQueryExecution.java:267)
	at org.springframework.data.jpa.repository.query.JpaQueryExecution.execute(JpaQueryExecution.java:93)
	at org.springframework.data.jpa.repository.query.AbstractJpaQuery.doExecute(AbstractJpaQuery.java:152)
	at org.springframework.data.jpa.repository.query.AbstractJpaQuery.execute(AbstractJpaQuery.java:140)
	at org.springframework.data.repository.core.support.RepositoryMethodInvoker.doInvoke(RepositoryMethodInvoker.java:170)
	at org.springframework.data.repository.core.support.RepositoryMethodInvoker.invoke(RepositoryMethodInvoker.java:158)
	at org.springframework.data.repository.core.support.QueryExecutorMethodInterceptor.doInvoke(QueryExecutorMethodInterceptor.java:170)
	at org.springframework.data.repository.core.support.QueryExecutorMethodInterceptor.invoke(QueryExecutorMethodInterceptor.java:149)
	at org.springframework.aop.framework.ReflectiveMethodInvocation.proceed(ReflectiveMethodInvocation.java:184)
	at org.springframework.data.projection.DefaultMethodInvokingMethodInterceptor.invoke(DefaultMethodInvokingMethodInterceptor.java:69)
	at org.springframework.aop.framework.ReflectiveMethodInvocation.proceed(ReflectiveMethodInvocation.java:184)
	at org.springframework.transaction.interceptor.TransactionAspectSupport.invokeWithinTransaction(TransactionAspectSupport.java:380)
	at org.springframework.transaction.interceptor.TransactionInterceptor.invoke(TransactionInterceptor.java:119)
	at org.springframework.aop.framework.ReflectiveMethodInvocation.proceed(ReflectiveMethodInvocation.java:184)
	at org.springframework.dao.support.PersistenceExceptionTranslationInterceptor.invoke(PersistenceExceptionTranslationInterceptor.java:138)
	at org.springframework.aop.framework.ReflectiveMethodInvocation.proceed(ReflectiveMethodInvocation.java:184)
	at org.springframework.data.jpa.repository.support.CrudMethodMetadataPostProcessor$CrudMethodMetadataPopulatingMethodInterceptor.invoke(CrudMethodMetadataPostProcessor.java:136)
	at org.springframework.aop.framework.ReflectiveMethodInvocation.proceed(ReflectiveMethodInvocation.java:184)
	at org.springframework.aop.framework.JdkDynamicAopProxy.invoke(JdkDynamicAopProxy.java:223)
	at jdk.proxy18/jdk.proxy18.$Proxy312.overwriteMoldManualAttachment(Unknown Source)
	at com.yts.revaux.ntQuote.service.NtQuoteListService.overwriteMoldManualAttachment(NtQuoteListService.java:432)
	at java.base/jdk.internal.reflect.DirectMethodHandleAccessor.invoke(DirectMethodHandleAccessor.java:103)
	at java.base/java.lang.reflect.Method.invoke(Method.java:580)
	at org.springframework.aop.support.AopUtils.invokeJoinpointUsingReflection(AopUtils.java:359)
	at org.springframework.aop.framework.ReflectiveMethodInvocation.invokeJoinpoint(ReflectiveMethodInvocation.java:196)
	at org.springframework.aop.framework.ReflectiveMethodInvocation.proceed(ReflectiveMethodInvocation.java:163)
	at org.springframework.transaction.interceptor.TransactionAspectSupport.invokeWithinTransaction(TransactionAspectSupport.java:380)
	at org.springframework.transaction.interceptor.TransactionInterceptor.invoke(TransactionInterceptor.java:119)
	at org.springframework.aop.framework.ReflectiveMethodInvocation.proceed(ReflectiveMethodInvocation.java:184)
	at org.springframework.aop.framework.CglibAopProxy$DynamicAdvisedInterceptor.intercept(CglibAopProxy.java:727)
	at com.yts.revaux.ntQuote.service.NtQuoteListService$$SpringCGLIB$$0.overwriteMoldManualAttachment(<generated>)
	at com.yts.revaux.ntQuote.web.rest.NtQuoteListController.updateOverwriteBuyerAttachCadFile(NtQuoteListController.java:261)
	at java.base/jdk.internal.reflect.DirectMethodHandleAccessor.invoke(DirectMethodHandleAccessor.java:103)
	at java.base/java.lang.reflect.Method.invoke(Method.java:580)
	at org.springframework.web.method.support.InvocableHandlerMethod.doInvoke(InvocableHandlerMethod.java:257)
	at org.springframework.web.method.support.InvocableHandlerMethod.invokeForRequest(InvocableHandlerMethod.java:190)
	at org.springframework.web.servlet.mvc.method.annotation.ServletInvocableHandlerMethod.invokeAndHandle(ServletInvocableHandlerMethod.java:118)
	at org.springframework.web.servlet.mvc.method.annotation.RequestMappingHandlerAdapter.invokeHandlerMethod(RequestMappingHandlerAdapter.java:986)
	at org.springframework.web.servlet.mvc.method.annotation.RequestMappingHandlerAdapter.handleInternal(RequestMappingHandlerAdapter.java:891)
	at org.springframework.web.servlet.mvc.method.AbstractHandlerMethodAdapter.handle(AbstractHandlerMethodAdapter.java:87)
	at org.springframework.web.servlet.DispatcherServlet.doDispatch(DispatcherServlet.java:1088)
	at org.springframework.web.servlet.DispatcherServlet.doService(DispatcherServlet.java:978)
	at org.springframework.web.servlet.FrameworkServlet.processRequest(FrameworkServlet.java:1014)
	at org.springframework.web.servlet.FrameworkServlet.doPost(FrameworkServlet.java:914)
	at jakarta.servlet.http.HttpServlet.service(HttpServlet.java:590)
	at org.springframework.web.servlet.FrameworkServlet.service(FrameworkServlet.java:885)
	at jakarta.servlet.http.HttpServlet.service(HttpServlet.java:658)
	at org.apache.catalina.core.ApplicationFilterChain.internalDoFilter(ApplicationFilterChain.java:195)
	at org.apache.catalina.core.ApplicationFilterChain.doFilter(ApplicationFilterChain.java:140)
	at org.apache.tomcat.websocket.server.WsFilter.doFilter(WsFilter.java:51)
	at org.apache.catalina.core.ApplicationFilterChain.internalDoFilter(ApplicationFilterChain.java:164)
	at org.apache.catalina.core.ApplicationFilterChain.doFilter(ApplicationFilterChain.java:140)
	at org.springframework.web.filter.OncePerRequestFilter.doFilter(OncePerRequestFilter.java:110)
	at org.apache.catalina.core.ApplicationFilterChain.internalDoFilter(ApplicationFilterChain.java:164)
	at org.apache.catalina.core.ApplicationFilterChain.doFilter(ApplicationFilterChain.java:140)
	at org.springframework.web.filter.CompositeFilter$VirtualFilterChain.doFilter(CompositeFilter.java:108)
	at org.springframework.security.web.FilterChainProxy.lambda$doFilterInternal$3(FilterChainProxy.java:231)
	at org.springframework.security.web.FilterChainProxy$VirtualFilterChain.doFilter(FilterChainProxy.java:365)
	at org.springframework.security.web.access.intercept.AuthorizationFilter.doFilter(AuthorizationFilter.java:101)
	at org.springframework.security.web.FilterChainProxy$VirtualFilterChain.doFilter(FilterChainProxy.java:374)
	at org.springframework.security.web.access.ExceptionTranslationFilter.doFilter(ExceptionTranslationFilter.java:126)
	at org.springframework.security.web.access.ExceptionTranslationFilter.doFilter(ExceptionTranslationFilter.java:120)
	at org.springframework.security.web.FilterChainProxy$VirtualFilterChain.doFilter(FilterChainProxy.java:374)
	at org.springframework.security.web.session.SessionManagementFilter.doFilter(SessionManagementFilter.java:131)
	at org.springframework.security.web.session.SessionManagementFilter.doFilter(SessionManagementFilter.java:85)
	at org.springframework.security.web.FilterChainProxy$VirtualFilterChain.doFilter(FilterChainProxy.java:374)
	at org.springframework.security.web.authentication.AnonymousAuthenticationFilter.doFilter(AnonymousAuthenticationFilter.java:100)
	at org.springframework.security.web.FilterChainProxy$VirtualFilterChain.doFilter(FilterChainProxy.java:374)
	at org.springframework.security.web.servletapi.SecurityContextHolderAwareRequestFilter.doFilter(SecurityContextHolderAwareRequestFilter.java:179)
	at org.springframework.security.web.FilterChainProxy$VirtualFilterChain.doFilter(FilterChainProxy.java:374)
	at org.springframework.security.web.savedrequest.RequestCacheAwareFilter.doFilter(RequestCacheAwareFilter.java:63)
	at org.springframework.security.web.FilterChainProxy$VirtualFilterChain.doFilter(FilterChainProxy.java:374)
	at com.yts.revaux.config.JwtAuthenticationFilter.doFilterInternal(JwtAuthenticationFilter.java:52)
	at org.springframework.web.filter.OncePerRequestFilter.doFilter(OncePerRequestFilter.java:116)
	at org.springframework.security.web.FilterChainProxy$VirtualFilterChain.doFilter(FilterChainProxy.java:374)
	at org.springframework.security.web.authentication.logout.LogoutFilter.doFilter(LogoutFilter.java:107)
	at org.springframework.security.web.authentication.logout.LogoutFilter.doFilter(LogoutFilter.java:93)
	at org.springframework.security.web.FilterChainProxy$VirtualFilterChain.doFilter(FilterChainProxy.java:374)
	at org.springframework.web.filter.CorsFilter.doFilterInternal(CorsFilter.java:91)
	at org.springframework.web.filter.OncePerRequestFilter.doFilter(OncePerRequestFilter.java:116)
	at org.springframework.security.web.FilterChainProxy$VirtualFilterChain.doFilter(FilterChainProxy.java:374)
	at org.springframework.security.web.header.HeaderWriterFilter.doHeadersAfter(HeaderWriterFilter.java:90)
	at org.springframework.security.web.header.HeaderWriterFilter.doFilterInternal(HeaderWriterFilter.java:75)
	at org.springframework.web.filter.OncePerRequestFilter.doFilter(OncePerRequestFilter.java:116)
	at org.springframework.security.web.FilterChainProxy$VirtualFilterChain.doFilter(FilterChainProxy.java:374)
	at org.springframework.security.web.context.SecurityContextHolderFilter.doFilter(SecurityContextHolderFilter.java:82)
	at org.springframework.security.web.context.SecurityContextHolderFilter.doFilter(SecurityContextHolderFilter.java:69)
	at org.springframework.security.web.FilterChainProxy$VirtualFilterChain.doFilter(FilterChainProxy.java:374)
	at org.springframework.security.web.context.request.async.WebAsyncManagerIntegrationFilter.doFilterInternal(WebAsyncManagerIntegrationFilter.java:62)
	at org.springframework.web.filter.OncePerRequestFilter.doFilter(OncePerRequestFilter.java:116)
	at org.springframework.security.web.FilterChainProxy$VirtualFilterChain.doFilter(FilterChainProxy.java:374)
	at org.springframework.security.web.session.DisableEncodeUrlFilter.doFilterInternal(DisableEncodeUrlFilter.java:42)
	at org.springframework.web.filter.OncePerRequestFilter.doFilter(OncePerRequestFilter.java:116)
	at org.springframework.security.web.FilterChainProxy$VirtualFilterChain.doFilter(FilterChainProxy.java:374)
	at org.springframework.security.web.FilterChainProxy.doFilterInternal(FilterChainProxy.java:233)
	at org.springframework.security.web.FilterChainProxy.doFilter(FilterChainProxy.java:191)
	at org.springframework.web.filter.CompositeFilter$VirtualFilterChain.doFilter(CompositeFilter.java:113)
	at org.springframework.web.servlet.handler.HandlerMappingIntrospector.lambda$createCacheFilter$3(HandlerMappingIntrospector.java:243)
	at org.springframework.web.filter.CompositeFilter$VirtualFilterChain.doFilter(CompositeFilter.java:113)
	at org.springframework.web.filter.CompositeFilter.doFilter(CompositeFilter.java:74)
	at org.springframework.security.config.annotation.web.configuration.WebMvcSecurityConfiguration$CompositeFilterChainProxy.doFilter(WebMvcSecurityConfiguration.java:238)
	at org.springframework.web.filter.DelegatingFilterProxy.invokeDelegate(DelegatingFilterProxy.java:362)
	at org.springframework.web.filter.DelegatingFilterProxy.doFilter(DelegatingFilterProxy.java:278)
	at org.apache.catalina.core.ApplicationFilterChain.internalDoFilter(ApplicationFilterChain.java:164)
	at org.apache.catalina.core.ApplicationFilterChain.doFilter(ApplicationFilterChain.java:140)
	at org.springframework.web.filter.RequestContextFilter.doFilterInternal(RequestContextFilter.java:100)
	at org.springframework.web.filter.OncePerRequestFilter.doFilter(OncePerRequestFilter.java:116)
	at org.apache.catalina.core.ApplicationFilterChain.internalDoFilter(ApplicationFilterChain.java:164)
	at org.apache.catalina.core.ApplicationFilterChain.doFilter(ApplicationFilterChain.java:140)
	at org.springframework.web.filter.FormContentFilter.doFilterInternal(FormContentFilter.java:93)
	at org.springframework.web.filter.OncePerRequestFilter.doFilter(OncePerRequestFilter.java:116)
	at org.apache.catalina.core.ApplicationFilterChain.internalDoFilter(ApplicationFilterChain.java:164)
	at org.apache.catalina.core.ApplicationFilterChain.doFilter(ApplicationFilterChain.java:140)
	at org.springframework.web.filter.CharacterEncodingFilter.doFilterInternal(CharacterEncodingFilter.java:201)
	at org.springframework.web.filter.OncePerRequestFilter.doFilter(OncePerRequestFilter.java:116)
	at org.apache.catalina.core.ApplicationFilterChain.internalDoFilter(ApplicationFilterChain.java:164)
	at org.apache.catalina.core.ApplicationFilterChain.doFilter(ApplicationFilterChain.java:140)
	at org.apache.catalina.core.StandardWrapperValve.invoke(StandardWrapperValve.java:167)
	at org.apache.catalina.core.StandardContextValve.invoke(StandardContextValve.java:90)
	at org.apache.catalina.authenticator.AuthenticatorBase.invoke(AuthenticatorBase.java:483)
	at org.apache.catalina.core.StandardHostValve.invoke(StandardHostValve.java:115)
	at org.apache.catalina.valves.ErrorReportValve.invoke(ErrorReportValve.java:93)
	at org.apache.catalina.core.StandardEngineValve.invoke(StandardEngineValve.java:74)
	at org.apache.catalina.connector.CoyoteAdapter.service(CoyoteAdapter.java:344)
	at org.apache.coyote.http11.Http11Processor.service(Http11Processor.java:397)
	at org.apache.coyote.AbstractProcessorLight.process(AbstractProcessorLight.java:63)
	at org.apache.coyote.AbstractProtocol$ConnectionHandler.process(AbstractProtocol.java:905)
	at org.apache.tomcat.util.net.NioEndpoint$SocketProcessor.doRun(NioEndpoint.java:1743)
	at org.apache.tomcat.util.net.SocketProcessorBase.run(SocketProcessorBase.java:52)
	at org.apache.tomcat.util.threads.ThreadPoolExecutor.runWorker(ThreadPoolExecutor.java:1190)
	at org.apache.tomcat.util.threads.ThreadPoolExecutor$Worker.run(ThreadPoolExecutor.java:659)
	at org.apache.tomcat.util.threads.TaskThread$WrappingRunnable.run(TaskThread.java:63)
	at java.base/java.lang.Thread.run(Thread.java:1583)
2025-03-06 18:14:57 [http-nio-8080-exec-3] WARN  c.y.r.config.JwtAuthenticationFilter - ❌ No valid JWT token found in cookies!
2025-03-06 18:19:57 [File Watcher] INFO  o.s.b.d.a.LocalDevToolsAutoConfiguration$RestartingClassPathChangeChangedEventListener - Restarting due to 1 class path change (0 additions, 0 deletions, 1 modification)
2025-03-06 18:19:57 [Thread-46] INFO  o.s.b.w.e.tomcat.GracefulShutdown - Commencing graceful shutdown. Waiting for active requests to complete
2025-03-06 18:19:57 [tomcat-shutdown] INFO  o.a.coyote.http11.Http11NioProtocol - Pausing ProtocolHandler ["http-nio-8080"]
2025-03-06 18:19:57 [tomcat-shutdown] INFO  o.s.b.w.e.tomcat.GracefulShutdown - Graceful shutdown complete
2025-03-06 18:19:57 [Thread-46] INFO  o.a.coyote.http11.Http11NioProtocol - Stopping ProtocolHandler ["http-nio-8080"]
2025-03-06 18:19:57 [Thread-46] INFO  o.s.o.j.LocalContainerEntityManagerFactoryBean - Closing JPA EntityManagerFactory for persistence unit 'default'
2025-03-06 18:19:57 [Thread-46] INFO  com.zaxxer.hikari.HikariDataSource - HikariPool-8 - Shutdown initiated...
2025-03-06 18:19:57 [Thread-46] INFO  com.zaxxer.hikari.HikariDataSource - HikariPool-8 - Shutdown completed.
2025-03-06 18:19:57 [restartedMain] INFO  com.yts.revaux.RevAuxApplication - Starting RevAuxApplication using Java 21.0.5 with PID 63896 (/home/yts125/Desktop/LatestNtQuote_March6/rev-aux/target/classes started by yts125 in /home/yts125/Desktop/LatestNtQuote_March6/rev-aux)
2025-03-06 18:19:57 [restartedMain] INFO  com.yts.revaux.RevAuxApplication - The following 1 profile is active: "dev"
2025-03-06 18:19:58 [restartedMain] INFO  o.s.d.r.c.RepositoryConfigurationDelegate - Multiple Spring Data modules found, entering strict repository configuration mode
2025-03-06 18:19:58 [restartedMain] INFO  o.s.d.r.c.RepositoryConfigurationDelegate - Bootstrapping Spring Data JDBC repositories in DEFAULT mode.
2025-03-06 18:19:58 [restartedMain] INFO  o.s.d.r.c.RepositoryConfigurationExtensionSupport - Spring Data JDBC - Could not safely identify store assignment for repository candidate interface com.yts.revaux.admin.repository.AdminRepository; If you want this repository to be a JDBC repository, consider annotating your entities with one of these annotations: org.springframework.data.relational.core.mapping.Table.
2025-03-06 18:19:58 [restartedMain] INFO  o.s.d.r.c.RepositoryConfigurationExtensionSupport - Spring Data JDBC - Could not safely identify store assignment for repository candidate interface com.yts.revaux.admin.repository.UserRepository; If you want this repository to be a JDBC repository, consider annotating your entities with one of these annotations: org.springframework.data.relational.core.mapping.Table.
2025-03-06 18:19:58 [restartedMain] INFO  o.s.d.r.c.RepositoryConfigurationExtensionSupport - Spring Data JDBC - Could not safely identify store assignment for repository candidate interface com.yts.revaux.ntQuote.repository.NTQuoteListRepository; If you want this repository to be a JDBC repository, consider annotating your entities with one of these annotations: org.springframework.data.relational.core.mapping.Table.
2025-03-06 18:19:58 [restartedMain] INFO  o.s.d.r.c.RepositoryConfigurationExtensionSupport - Spring Data JDBC - Could not safely identify store assignment for repository candidate interface com.yts.revaux.ntQuote.repository.NtQuoteComponentDetailRepository; If you want this repository to be a JDBC repository, consider annotating your entities with one of these annotations: org.springframework.data.relational.core.mapping.Table.
2025-03-06 18:19:58 [restartedMain] INFO  o.s.d.r.c.RepositoryConfigurationExtensionSupport - Spring Data JDBC - Could not safely identify store assignment for repository candidate interface com.yts.revaux.ntQuote.repository.NtQuoteContactReviewInformationRepository; If you want this repository to be a JDBC repository, consider annotating your entities with one of these annotations: org.springframework.data.relational.core.mapping.Table.
2025-03-06 18:19:58 [restartedMain] INFO  o.s.d.r.c.RepositoryConfigurationExtensionSupport - Spring Data JDBC - Could not safely identify store assignment for repository candidate interface com.yts.revaux.ntQuote.repository.NtQuoteCostOverviewCustomerInputOutputRepository; If you want this repository to be a JDBC repository, consider annotating your entities with one of these annotations: org.springframework.data.relational.core.mapping.Table.
2025-03-06 18:19:58 [restartedMain] INFO  o.s.d.r.c.RepositoryConfigurationExtensionSupport - Spring Data JDBC - Could not safely identify store assignment for repository candidate interface com.yts.revaux.ntQuote.repository.NtQuoteCustomerProjectRepository; If you want this repository to be a JDBC repository, consider annotating your entities with one of these annotations: org.springframework.data.relational.core.mapping.Table.
2025-03-06 18:19:58 [restartedMain] INFO  o.s.d.r.c.RepositoryConfigurationExtensionSupport - Spring Data JDBC - Could not safely identify store assignment for repository candidate interface com.yts.revaux.ntQuote.repository.NtQuoteProjectConsiderationRepository; If you want this repository to be a JDBC repository, consider annotating your entities with one of these annotations: org.springframework.data.relational.core.mapping.Table.
2025-03-06 18:19:58 [restartedMain] INFO  o.s.d.r.c.RepositoryConfigurationExtensionSupport - Spring Data JDBC - Could not safely identify store assignment for repository candidate interface com.yts.revaux.ntQuote.repository.NtQuoteProjectEstimatedTimingRepository; If you want this repository to be a JDBC repository, consider annotating your entities with one of these annotations: org.springframework.data.relational.core.mapping.Table.
2025-03-06 18:19:58 [restartedMain] INFO  o.s.d.r.c.RepositoryConfigurationExtensionSupport - Spring Data JDBC - Could not safely identify store assignment for repository candidate interface com.yts.revaux.ntQuote.repository.QuoteLabourRateRepository; If you want this repository to be a JDBC repository, consider annotating your entities with one of these annotations: org.springframework.data.relational.core.mapping.Table.
2025-03-06 18:19:58 [restartedMain] INFO  o.s.d.r.c.RepositoryConfigurationExtensionSupport - Spring Data JDBC - Could not safely identify store assignment for repository candidate interface com.yts.revaux.ntQuote.repository.QuoteMachineEfficiencyRepository; If you want this repository to be a JDBC repository, consider annotating your entities with one of these annotations: org.springframework.data.relational.core.mapping.Table.
2025-03-06 18:19:58 [restartedMain] INFO  o.s.d.r.c.RepositoryConfigurationExtensionSupport - Spring Data JDBC - Could not safely identify store assignment for repository candidate interface com.yts.revaux.ntQuote.repository.QuoteMachineSetupRepository; If you want this repository to be a JDBC repository, consider annotating your entities with one of these annotations: org.springframework.data.relational.core.mapping.Table.
2025-03-06 18:19:58 [restartedMain] INFO  o.s.d.r.c.RepositoryConfigurationExtensionSupport - Spring Data JDBC - Could not safely identify store assignment for repository candidate interface com.yts.revaux.ntQuote.repository.QuoteMaterialMarkupRepository; If you want this repository to be a JDBC repository, consider annotating your entities with one of these annotations: org.springframework.data.relational.core.mapping.Table.
2025-03-06 18:19:58 [restartedMain] INFO  o.s.d.r.c.RepositoryConfigurationExtensionSupport - Spring Data JDBC - Could not safely identify store assignment for repository candidate interface com.yts.revaux.ntQuote.repository.QuoteProfitRepository; If you want this repository to be a JDBC repository, consider annotating your entities with one of these annotations: org.springframework.data.relational.core.mapping.Table.
2025-03-06 18:19:58 [restartedMain] INFO  o.s.d.r.c.RepositoryConfigurationExtensionSupport - Spring Data JDBC - Could not safely identify store assignment for repository candidate interface com.yts.revaux.ntQuote.repository.QuoteScrapRateRepository; If you want this repository to be a JDBC repository, consider annotating your entities with one of these annotations: org.springframework.data.relational.core.mapping.Table.
2025-03-06 18:19:58 [restartedMain] INFO  o.s.d.r.c.RepositoryConfigurationExtensionSupport - Spring Data JDBC - Could not safely identify store assignment for repository candidate interface com.yts.revaux.ntQuote.repository.QuoteSgaRateRepository; If you want this repository to be a JDBC repository, consider annotating your entities with one of these annotations: org.springframework.data.relational.core.mapping.Table.
2025-03-06 18:19:58 [restartedMain] INFO  o.s.d.r.c.RepositoryConfigurationDelegate - Finished Spring Data repository scanning in 10 ms. Found 0 JDBC repository interfaces.
2025-03-06 18:19:58 [restartedMain] INFO  o.s.d.r.c.RepositoryConfigurationDelegate - Multiple Spring Data modules found, entering strict repository configuration mode
2025-03-06 18:19:58 [restartedMain] INFO  o.s.d.r.c.RepositoryConfigurationDelegate - Bootstrapping Spring Data JPA repositories in DEFAULT mode.
2025-03-06 18:19:58 [restartedMain] INFO  o.s.d.r.c.RepositoryConfigurationDelegate - Finished Spring Data repository scanning in 12 ms. Found 16 JPA repository interfaces.
2025-03-06 18:19:58 [restartedMain] INFO  o.s.d.r.c.RepositoryConfigurationDelegate - Multiple Spring Data modules found, entering strict repository configuration mode
2025-03-06 18:19:58 [restartedMain] INFO  o.s.d.r.c.RepositoryConfigurationDelegate - Bootstrapping Spring Data Redis repositories in DEFAULT mode.
2025-03-06 18:19:58 [restartedMain] INFO  o.s.d.r.c.RepositoryConfigurationExtensionSupport - Spring Data Redis - Could not safely identify store assignment for repository candidate interface com.yts.revaux.admin.repository.AdminRepository; If you want this repository to be a Redis repository, consider annotating your entities with one of these annotations: org.springframework.data.redis.core.RedisHash (preferred), or consider extending one of the following types with your repository: org.springframework.data.keyvalue.repository.KeyValueRepository
2025-03-06 18:19:58 [restartedMain] INFO  o.s.d.r.c.RepositoryConfigurationExtensionSupport - Spring Data Redis - Could not safely identify store assignment for repository candidate interface com.yts.revaux.admin.repository.UserRepository; If you want this repository to be a Redis repository, consider annotating your entities with one of these annotations: org.springframework.data.redis.core.RedisHash (preferred), or consider extending one of the following types with your repository: org.springframework.data.keyvalue.repository.KeyValueRepository
2025-03-06 18:19:58 [restartedMain] INFO  o.s.d.r.c.RepositoryConfigurationExtensionSupport - Spring Data Redis - Could not safely identify store assignment for repository candidate interface com.yts.revaux.ntQuote.repository.NTQuoteListRepository; If you want this repository to be a Redis repository, consider annotating your entities with one of these annotations: org.springframework.data.redis.core.RedisHash (preferred), or consider extending one of the following types with your repository: org.springframework.data.keyvalue.repository.KeyValueRepository
2025-03-06 18:19:58 [restartedMain] INFO  o.s.d.r.c.RepositoryConfigurationExtensionSupport - Spring Data Redis - Could not safely identify store assignment for repository candidate interface com.yts.revaux.ntQuote.repository.NtQuoteComponentDetailRepository; If you want this repository to be a Redis repository, consider annotating your entities with one of these annotations: org.springframework.data.redis.core.RedisHash (preferred), or consider extending one of the following types with your repository: org.springframework.data.keyvalue.repository.KeyValueRepository
2025-03-06 18:19:58 [restartedMain] INFO  o.s.d.r.c.RepositoryConfigurationExtensionSupport - Spring Data Redis - Could not safely identify store assignment for repository candidate interface com.yts.revaux.ntQuote.repository.NtQuoteContactReviewInformationRepository; If you want this repository to be a Redis repository, consider annotating your entities with one of these annotations: org.springframework.data.redis.core.RedisHash (preferred), or consider extending one of the following types with your repository: org.springframework.data.keyvalue.repository.KeyValueRepository
2025-03-06 18:19:58 [restartedMain] INFO  o.s.d.r.c.RepositoryConfigurationExtensionSupport - Spring Data Redis - Could not safely identify store assignment for repository candidate interface com.yts.revaux.ntQuote.repository.NtQuoteCostOverviewCustomerInputOutputRepository; If you want this repository to be a Redis repository, consider annotating your entities with one of these annotations: org.springframework.data.redis.core.RedisHash (preferred), or consider extending one of the following types with your repository: org.springframework.data.keyvalue.repository.KeyValueRepository
2025-03-06 18:19:58 [restartedMain] INFO  o.s.d.r.c.RepositoryConfigurationExtensionSupport - Spring Data Redis - Could not safely identify store assignment for repository candidate interface com.yts.revaux.ntQuote.repository.NtQuoteCustomerProjectRepository; If you want this repository to be a Redis repository, consider annotating your entities with one of these annotations: org.springframework.data.redis.core.RedisHash (preferred), or consider extending one of the following types with your repository: org.springframework.data.keyvalue.repository.KeyValueRepository
2025-03-06 18:19:58 [restartedMain] INFO  o.s.d.r.c.RepositoryConfigurationExtensionSupport - Spring Data Redis - Could not safely identify store assignment for repository candidate interface com.yts.revaux.ntQuote.repository.NtQuoteProjectConsiderationRepository; If you want this repository to be a Redis repository, consider annotating your entities with one of these annotations: org.springframework.data.redis.core.RedisHash (preferred), or consider extending one of the following types with your repository: org.springframework.data.keyvalue.repository.KeyValueRepository
2025-03-06 18:19:58 [restartedMain] INFO  o.s.d.r.c.RepositoryConfigurationExtensionSupport - Spring Data Redis - Could not safely identify store assignment for repository candidate interface com.yts.revaux.ntQuote.repository.NtQuoteProjectEstimatedTimingRepository; If you want this repository to be a Redis repository, consider annotating your entities with one of these annotations: org.springframework.data.redis.core.RedisHash (preferred), or consider extending one of the following types with your repository: org.springframework.data.keyvalue.repository.KeyValueRepository
2025-03-06 18:19:58 [restartedMain] INFO  o.s.d.r.c.RepositoryConfigurationExtensionSupport - Spring Data Redis - Could not safely identify store assignment for repository candidate interface com.yts.revaux.ntQuote.repository.QuoteLabourRateRepository; If you want this repository to be a Redis repository, consider annotating your entities with one of these annotations: org.springframework.data.redis.core.RedisHash (preferred), or consider extending one of the following types with your repository: org.springframework.data.keyvalue.repository.KeyValueRepository
2025-03-06 18:19:58 [restartedMain] INFO  o.s.d.r.c.RepositoryConfigurationExtensionSupport - Spring Data Redis - Could not safely identify store assignment for repository candidate interface com.yts.revaux.ntQuote.repository.QuoteMachineEfficiencyRepository; If you want this repository to be a Redis repository, consider annotating your entities with one of these annotations: org.springframework.data.redis.core.RedisHash (preferred), or consider extending one of the following types with your repository: org.springframework.data.keyvalue.repository.KeyValueRepository
2025-03-06 18:19:58 [restartedMain] INFO  o.s.d.r.c.RepositoryConfigurationExtensionSupport - Spring Data Redis - Could not safely identify store assignment for repository candidate interface com.yts.revaux.ntQuote.repository.QuoteMachineSetupRepository; If you want this repository to be a Redis repository, consider annotating your entities with one of these annotations: org.springframework.data.redis.core.RedisHash (preferred), or consider extending one of the following types with your repository: org.springframework.data.keyvalue.repository.KeyValueRepository
2025-03-06 18:19:58 [restartedMain] INFO  o.s.d.r.c.RepositoryConfigurationExtensionSupport - Spring Data Redis - Could not safely identify store assignment for repository candidate interface com.yts.revaux.ntQuote.repository.QuoteMaterialMarkupRepository; If you want this repository to be a Redis repository, consider annotating your entities with one of these annotations: org.springframework.data.redis.core.RedisHash (preferred), or consider extending one of the following types with your repository: org.springframework.data.keyvalue.repository.KeyValueRepository
2025-03-06 18:19:58 [restartedMain] INFO  o.s.d.r.c.RepositoryConfigurationExtensionSupport - Spring Data Redis - Could not safely identify store assignment for repository candidate interface com.yts.revaux.ntQuote.repository.QuoteProfitRepository; If you want this repository to be a Redis repository, consider annotating your entities with one of these annotations: org.springframework.data.redis.core.RedisHash (preferred), or consider extending one of the following types with your repository: org.springframework.data.keyvalue.repository.KeyValueRepository
2025-03-06 18:19:58 [restartedMain] INFO  o.s.d.r.c.RepositoryConfigurationExtensionSupport - Spring Data Redis - Could not safely identify store assignment for repository candidate interface com.yts.revaux.ntQuote.repository.QuoteScrapRateRepository; If you want this repository to be a Redis repository, consider annotating your entities with one of these annotations: org.springframework.data.redis.core.RedisHash (preferred), or consider extending one of the following types with your repository: org.springframework.data.keyvalue.repository.KeyValueRepository
2025-03-06 18:19:58 [restartedMain] INFO  o.s.d.r.c.RepositoryConfigurationExtensionSupport - Spring Data Redis - Could not safely identify store assignment for repository candidate interface com.yts.revaux.ntQuote.repository.QuoteSgaRateRepository; If you want this repository to be a Redis repository, consider annotating your entities with one of these annotations: org.springframework.data.redis.core.RedisHash (preferred), or consider extending one of the following types with your repository: org.springframework.data.keyvalue.repository.KeyValueRepository
2025-03-06 18:19:58 [restartedMain] INFO  o.s.d.r.c.RepositoryConfigurationDelegate - Finished Spring Data repository scanning in 3 ms. Found 0 Redis repository interfaces.
2025-03-06 18:19:58 [restartedMain] INFO  o.s.b.w.e.tomcat.TomcatWebServer - Tomcat initialized with port 8080 (http)
2025-03-06 18:19:58 [restartedMain] INFO  o.a.coyote.http11.Http11NioProtocol - Initializing ProtocolHandler ["http-nio-8080"]
2025-03-06 18:19:58 [restartedMain] INFO  o.a.catalina.core.StandardService - Starting service [Tomcat]
2025-03-06 18:19:58 [restartedMain] INFO  o.a.catalina.core.StandardEngine - Starting Servlet engine: [Apache Tomcat/10.1.36]
2025-03-06 18:19:58 [restartedMain] INFO  o.a.c.c.C.[.[localhost].[/rev-aux] - Initializing Spring embedded WebApplicationContext
2025-03-06 18:19:58 [restartedMain] INFO  o.s.b.w.s.c.ServletWebServerApplicationContext - Root WebApplicationContext: initialization completed in 242 ms
2025-03-06 18:19:58 [restartedMain] INFO  o.h.jpa.internal.util.LogHelper - HHH000204: Processing PersistenceUnitInfo [name: default]
2025-03-06 18:19:58 [restartedMain] INFO  o.h.c.i.RegionFactoryInitiator - HHH000026: Second-level cache disabled
2025-03-06 18:19:58 [restartedMain] INFO  o.s.o.j.p.SpringPersistenceUnitInfo - No LoadTimeWeaver setup: ignoring JPA class transformer
2025-03-06 18:19:58 [restartedMain] INFO  com.zaxxer.hikari.HikariDataSource - HikariPool-9 - Starting...
2025-03-06 18:19:58 [restartedMain] INFO  com.zaxxer.hikari.pool.HikariPool - HikariPool-9 - Added connection org.postgresql.jdbc.PgConnection@5cf6776c
2025-03-06 18:19:58 [restartedMain] INFO  com.zaxxer.hikari.HikariDataSource - HikariPool-9 - Start completed.
2025-03-06 18:19:58 [restartedMain] INFO  o.hibernate.orm.connections.pooling - HHH10001005: Database info:
	Database JDBC URL [Connecting through datasource 'HikariDataSource (HikariPool-9)']
	Database driver: undefined/unknown
	Database version: 14.17
	Autocommit mode: undefined/unknown
	Isolation level: undefined/unknown
	Minimum pool size: undefined/unknown
	Maximum pool size: undefined/unknown
2025-03-06 18:19:58 [restartedMain] INFO  o.h.e.t.j.p.i.JtaPlatformInitiator - HHH000489: No JTA platform available (set 'hibernate.transaction.jta.platform' to enable JTA platform integration)
2025-03-06 18:20:00 [restartedMain] INFO  o.s.o.j.LocalContainerEntityManagerFactoryBean - Initialized JPA EntityManagerFactory for persistence unit 'default'
2025-03-06 18:20:00 [restartedMain] WARN  o.s.b.a.o.j.JpaBaseConfiguration$JpaWebConfiguration - spring.jpa.open-in-view is enabled by default. Therefore, database queries may be performed during view rendering. Explicitly configure spring.jpa.open-in-view to disable this warning
2025-03-06 18:20:00 [restartedMain] INFO  o.s.s.c.a.a.c.InitializeUserDetailsBeanManagerConfigurer$InitializeUserDetailsManagerConfigurer - Global AuthenticationManager configured with UserDetailsService bean with name customUserDetailsService
2025-03-06 18:20:00 [restartedMain] INFO  o.s.b.d.a.OptionalLiveReloadServer - LiveReload server is running on port 35729
2025-03-06 18:20:00 [restartedMain] INFO  o.a.coyote.http11.Http11NioProtocol - Starting ProtocolHandler ["http-nio-8080"]
2025-03-06 18:20:00 [restartedMain] INFO  o.s.b.w.e.tomcat.TomcatWebServer - Tomcat started on port 8080 (http) with context path '/rev-aux'
2025-03-06 18:20:00 [restartedMain] INFO  com.yts.revaux.RevAuxApplication - Started RevAuxApplication in 2.647 seconds (process running for 3144.851)
2025-03-06 18:20:00 [restartedMain] INFO  o.s.b.d.a.ConditionEvaluationDeltaLoggingListener - Condition evaluation unchanged
2025-03-06 18:20:00 [http-nio-8080-exec-1] INFO  o.a.c.c.C.[.[localhost].[/rev-aux] - Initializing Spring DispatcherServlet 'dispatcherServlet'
2025-03-06 18:20:00 [http-nio-8080-exec-1] INFO  o.s.web.servlet.DispatcherServlet - Initializing Servlet 'dispatcherServlet'
2025-03-06 18:20:00 [http-nio-8080-exec-1] INFO  o.s.web.servlet.DispatcherServlet - Completed initialization in 2 ms
2025-03-06 18:20:00 [http-nio-8080-exec-1] WARN  c.y.r.config.JwtAuthenticationFilter - ❌ No valid JWT token found in cookies!
2025-03-06 18:20:00 [http-nio-8080-exec-3] WARN  c.y.r.config.JwtAuthenticationFilter - ❌ No valid JWT token found in cookies!
2025-03-06 18:20:00 [http-nio-8080-exec-5] WARN  c.y.r.config.JwtAuthenticationFilter - ❌ No valid JWT token found in cookies!
2025-03-06 18:20:00 [http-nio-8080-exec-2] WARN  c.y.r.config.JwtAuthenticationFilter - ❌ No valid JWT token found in cookies!
2025-03-06 18:20:00 [http-nio-8080-exec-4] WARN  c.y.r.config.JwtAuthenticationFilter - ❌ No valid JWT token found in cookies!
2025-03-06 18:20:00 [http-nio-8080-exec-6] WARN  c.y.r.config.JwtAuthenticationFilter - ❌ No valid JWT token found in cookies!
2025-03-06 18:20:00 [http-nio-8080-exec-7] WARN  c.y.r.config.JwtAuthenticationFilter - ❌ No valid JWT token found in cookies!
2025-03-06 18:20:00 [http-nio-8080-exec-8] WARN  c.y.r.config.JwtAuthenticationFilter - ❌ No valid JWT token found in cookies!
2025-03-06 18:20:00 [http-nio-8080-exec-9] WARN  c.y.r.config.JwtAuthenticationFilter - ❌ No valid JWT token found in cookies!
2025-03-06 18:20:00 [http-nio-8080-exec-10] WARN  c.y.r.config.JwtAuthenticationFilter - ❌ No valid JWT token found in cookies!
2025-03-06 18:20:05 [File Watcher] INFO  o.s.b.d.a.LocalDevToolsAutoConfiguration$RestartingClassPathChangeChangedEventListener - Restarting due to 1 class path change (0 additions, 0 deletions, 1 modification)
2025-03-06 18:20:05 [Thread-51] INFO  o.s.b.w.e.tomcat.GracefulShutdown - Commencing graceful shutdown. Waiting for active requests to complete
2025-03-06 18:20:05 [tomcat-shutdown] INFO  o.a.coyote.http11.Http11NioProtocol - Pausing ProtocolHandler ["http-nio-8080"]
2025-03-06 18:20:05 [tomcat-shutdown] INFO  o.s.b.w.e.tomcat.GracefulShutdown - Graceful shutdown complete
2025-03-06 18:20:05 [Thread-51] INFO  o.a.coyote.http11.Http11NioProtocol - Stopping ProtocolHandler ["http-nio-8080"]
2025-03-06 18:20:05 [Thread-51] INFO  o.s.o.j.LocalContainerEntityManagerFactoryBean - Closing JPA EntityManagerFactory for persistence unit 'default'
2025-03-06 18:20:05 [Thread-51] INFO  com.zaxxer.hikari.HikariDataSource - HikariPool-9 - Shutdown initiated...
2025-03-06 18:20:05 [Thread-51] INFO  com.zaxxer.hikari.HikariDataSource - HikariPool-9 - Shutdown completed.
2025-03-06 18:20:05 [restartedMain] INFO  com.yts.revaux.RevAuxApplication - Starting RevAuxApplication using Java 21.0.5 with PID 63896 (/home/yts125/Desktop/LatestNtQuote_March6/rev-aux/target/classes started by yts125 in /home/yts125/Desktop/LatestNtQuote_March6/rev-aux)
2025-03-06 18:20:05 [restartedMain] INFO  com.yts.revaux.RevAuxApplication - The following 1 profile is active: "dev"
2025-03-06 18:20:05 [restartedMain] INFO  o.s.d.r.c.RepositoryConfigurationDelegate - Multiple Spring Data modules found, entering strict repository configuration mode
2025-03-06 18:20:05 [restartedMain] INFO  o.s.d.r.c.RepositoryConfigurationDelegate - Bootstrapping Spring Data JDBC repositories in DEFAULT mode.
2025-03-06 18:20:05 [restartedMain] INFO  o.s.d.r.c.RepositoryConfigurationExtensionSupport - Spring Data JDBC - Could not safely identify store assignment for repository candidate interface com.yts.revaux.admin.repository.AdminRepository; If you want this repository to be a JDBC repository, consider annotating your entities with one of these annotations: org.springframework.data.relational.core.mapping.Table.
2025-03-06 18:20:05 [restartedMain] INFO  o.s.d.r.c.RepositoryConfigurationExtensionSupport - Spring Data JDBC - Could not safely identify store assignment for repository candidate interface com.yts.revaux.admin.repository.UserRepository; If you want this repository to be a JDBC repository, consider annotating your entities with one of these annotations: org.springframework.data.relational.core.mapping.Table.
2025-03-06 18:20:05 [restartedMain] INFO  o.s.d.r.c.RepositoryConfigurationExtensionSupport - Spring Data JDBC - Could not safely identify store assignment for repository candidate interface com.yts.revaux.ntQuote.repository.NTQuoteListRepository; If you want this repository to be a JDBC repository, consider annotating your entities with one of these annotations: org.springframework.data.relational.core.mapping.Table.
2025-03-06 18:20:05 [restartedMain] INFO  o.s.d.r.c.RepositoryConfigurationExtensionSupport - Spring Data JDBC - Could not safely identify store assignment for repository candidate interface com.yts.revaux.ntQuote.repository.NtQuoteComponentDetailRepository; If you want this repository to be a JDBC repository, consider annotating your entities with one of these annotations: org.springframework.data.relational.core.mapping.Table.
2025-03-06 18:20:05 [restartedMain] INFO  o.s.d.r.c.RepositoryConfigurationExtensionSupport - Spring Data JDBC - Could not safely identify store assignment for repository candidate interface com.yts.revaux.ntQuote.repository.NtQuoteContactReviewInformationRepository; If you want this repository to be a JDBC repository, consider annotating your entities with one of these annotations: org.springframework.data.relational.core.mapping.Table.
2025-03-06 18:20:05 [restartedMain] INFO  o.s.d.r.c.RepositoryConfigurationExtensionSupport - Spring Data JDBC - Could not safely identify store assignment for repository candidate interface com.yts.revaux.ntQuote.repository.NtQuoteCostOverviewCustomerInputOutputRepository; If you want this repository to be a JDBC repository, consider annotating your entities with one of these annotations: org.springframework.data.relational.core.mapping.Table.
2025-03-06 18:20:05 [restartedMain] INFO  o.s.d.r.c.RepositoryConfigurationExtensionSupport - Spring Data JDBC - Could not safely identify store assignment for repository candidate interface com.yts.revaux.ntQuote.repository.NtQuoteCustomerProjectRepository; If you want this repository to be a JDBC repository, consider annotating your entities with one of these annotations: org.springframework.data.relational.core.mapping.Table.
2025-03-06 18:20:05 [restartedMain] INFO  o.s.d.r.c.RepositoryConfigurationExtensionSupport - Spring Data JDBC - Could not safely identify store assignment for repository candidate interface com.yts.revaux.ntQuote.repository.NtQuoteProjectConsiderationRepository; If you want this repository to be a JDBC repository, consider annotating your entities with one of these annotations: org.springframework.data.relational.core.mapping.Table.
2025-03-06 18:20:05 [restartedMain] INFO  o.s.d.r.c.RepositoryConfigurationExtensionSupport - Spring Data JDBC - Could not safely identify store assignment for repository candidate interface com.yts.revaux.ntQuote.repository.NtQuoteProjectEstimatedTimingRepository; If you want this repository to be a JDBC repository, consider annotating your entities with one of these annotations: org.springframework.data.relational.core.mapping.Table.
2025-03-06 18:20:05 [restartedMain] INFO  o.s.d.r.c.RepositoryConfigurationExtensionSupport - Spring Data JDBC - Could not safely identify store assignment for repository candidate interface com.yts.revaux.ntQuote.repository.QuoteLabourRateRepository; If you want this repository to be a JDBC repository, consider annotating your entities with one of these annotations: org.springframework.data.relational.core.mapping.Table.
2025-03-06 18:20:05 [restartedMain] INFO  o.s.d.r.c.RepositoryConfigurationExtensionSupport - Spring Data JDBC - Could not safely identify store assignment for repository candidate interface com.yts.revaux.ntQuote.repository.QuoteMachineEfficiencyRepository; If you want this repository to be a JDBC repository, consider annotating your entities with one of these annotations: org.springframework.data.relational.core.mapping.Table.
2025-03-06 18:20:05 [restartedMain] INFO  o.s.d.r.c.RepositoryConfigurationExtensionSupport - Spring Data JDBC - Could not safely identify store assignment for repository candidate interface com.yts.revaux.ntQuote.repository.QuoteMachineSetupRepository; If you want this repository to be a JDBC repository, consider annotating your entities with one of these annotations: org.springframework.data.relational.core.mapping.Table.
2025-03-06 18:20:05 [restartedMain] INFO  o.s.d.r.c.RepositoryConfigurationExtensionSupport - Spring Data JDBC - Could not safely identify store assignment for repository candidate interface com.yts.revaux.ntQuote.repository.QuoteMaterialMarkupRepository; If you want this repository to be a JDBC repository, consider annotating your entities with one of these annotations: org.springframework.data.relational.core.mapping.Table.
2025-03-06 18:20:05 [restartedMain] INFO  o.s.d.r.c.RepositoryConfigurationExtensionSupport - Spring Data JDBC - Could not safely identify store assignment for repository candidate interface com.yts.revaux.ntQuote.repository.QuoteProfitRepository; If you want this repository to be a JDBC repository, consider annotating your entities with one of these annotations: org.springframework.data.relational.core.mapping.Table.
2025-03-06 18:20:05 [restartedMain] INFO  o.s.d.r.c.RepositoryConfigurationExtensionSupport - Spring Data JDBC - Could not safely identify store assignment for repository candidate interface com.yts.revaux.ntQuote.repository.QuoteScrapRateRepository; If you want this repository to be a JDBC repository, consider annotating your entities with one of these annotations: org.springframework.data.relational.core.mapping.Table.
2025-03-06 18:20:05 [restartedMain] INFO  o.s.d.r.c.RepositoryConfigurationExtensionSupport - Spring Data JDBC - Could not safely identify store assignment for repository candidate interface com.yts.revaux.ntQuote.repository.QuoteSgaRateRepository; If you want this repository to be a JDBC repository, consider annotating your entities with one of these annotations: org.springframework.data.relational.core.mapping.Table.
2025-03-06 18:20:05 [restartedMain] INFO  o.s.d.r.c.RepositoryConfigurationDelegate - Finished Spring Data repository scanning in 8 ms. Found 0 JDBC repository interfaces.
2025-03-06 18:20:05 [restartedMain] INFO  o.s.d.r.c.RepositoryConfigurationDelegate - Multiple Spring Data modules found, entering strict repository configuration mode
2025-03-06 18:20:05 [restartedMain] INFO  o.s.d.r.c.RepositoryConfigurationDelegate - Bootstrapping Spring Data JPA repositories in DEFAULT mode.
2025-03-06 18:20:05 [restartedMain] INFO  o.s.d.r.c.RepositoryConfigurationDelegate - Finished Spring Data repository scanning in 13 ms. Found 16 JPA repository interfaces.
2025-03-06 18:20:05 [restartedMain] INFO  o.s.d.r.c.RepositoryConfigurationDelegate - Multiple Spring Data modules found, entering strict repository configuration mode
2025-03-06 18:20:05 [restartedMain] INFO  o.s.d.r.c.RepositoryConfigurationDelegate - Bootstrapping Spring Data Redis repositories in DEFAULT mode.
2025-03-06 18:20:05 [restartedMain] INFO  o.s.d.r.c.RepositoryConfigurationExtensionSupport - Spring Data Redis - Could not safely identify store assignment for repository candidate interface com.yts.revaux.admin.repository.AdminRepository; If you want this repository to be a Redis repository, consider annotating your entities with one of these annotations: org.springframework.data.redis.core.RedisHash (preferred), or consider extending one of the following types with your repository: org.springframework.data.keyvalue.repository.KeyValueRepository
2025-03-06 18:20:05 [restartedMain] INFO  o.s.d.r.c.RepositoryConfigurationExtensionSupport - Spring Data Redis - Could not safely identify store assignment for repository candidate interface com.yts.revaux.admin.repository.UserRepository; If you want this repository to be a Redis repository, consider annotating your entities with one of these annotations: org.springframework.data.redis.core.RedisHash (preferred), or consider extending one of the following types with your repository: org.springframework.data.keyvalue.repository.KeyValueRepository
2025-03-06 18:20:05 [restartedMain] INFO  o.s.d.r.c.RepositoryConfigurationExtensionSupport - Spring Data Redis - Could not safely identify store assignment for repository candidate interface com.yts.revaux.ntQuote.repository.NTQuoteListRepository; If you want this repository to be a Redis repository, consider annotating your entities with one of these annotations: org.springframework.data.redis.core.RedisHash (preferred), or consider extending one of the following types with your repository: org.springframework.data.keyvalue.repository.KeyValueRepository
2025-03-06 18:20:05 [restartedMain] INFO  o.s.d.r.c.RepositoryConfigurationExtensionSupport - Spring Data Redis - Could not safely identify store assignment for repository candidate interface com.yts.revaux.ntQuote.repository.NtQuoteComponentDetailRepository; If you want this repository to be a Redis repository, consider annotating your entities with one of these annotations: org.springframework.data.redis.core.RedisHash (preferred), or consider extending one of the following types with your repository: org.springframework.data.keyvalue.repository.KeyValueRepository
2025-03-06 18:20:05 [restartedMain] INFO  o.s.d.r.c.RepositoryConfigurationExtensionSupport - Spring Data Redis - Could not safely identify store assignment for repository candidate interface com.yts.revaux.ntQuote.repository.NtQuoteContactReviewInformationRepository; If you want this repository to be a Redis repository, consider annotating your entities with one of these annotations: org.springframework.data.redis.core.RedisHash (preferred), or consider extending one of the following types with your repository: org.springframework.data.keyvalue.repository.KeyValueRepository
2025-03-06 18:20:05 [restartedMain] INFO  o.s.d.r.c.RepositoryConfigurationExtensionSupport - Spring Data Redis - Could not safely identify store assignment for repository candidate interface com.yts.revaux.ntQuote.repository.NtQuoteCostOverviewCustomerInputOutputRepository; If you want this repository to be a Redis repository, consider annotating your entities with one of these annotations: org.springframework.data.redis.core.RedisHash (preferred), or consider extending one of the following types with your repository: org.springframework.data.keyvalue.repository.KeyValueRepository
2025-03-06 18:20:05 [restartedMain] INFO  o.s.d.r.c.RepositoryConfigurationExtensionSupport - Spring Data Redis - Could not safely identify store assignment for repository candidate interface com.yts.revaux.ntQuote.repository.NtQuoteCustomerProjectRepository; If you want this repository to be a Redis repository, consider annotating your entities with one of these annotations: org.springframework.data.redis.core.RedisHash (preferred), or consider extending one of the following types with your repository: org.springframework.data.keyvalue.repository.KeyValueRepository
2025-03-06 18:20:05 [restartedMain] INFO  o.s.d.r.c.RepositoryConfigurationExtensionSupport - Spring Data Redis - Could not safely identify store assignment for repository candidate interface com.yts.revaux.ntQuote.repository.NtQuoteProjectConsiderationRepository; If you want this repository to be a Redis repository, consider annotating your entities with one of these annotations: org.springframework.data.redis.core.RedisHash (preferred), or consider extending one of the following types with your repository: org.springframework.data.keyvalue.repository.KeyValueRepository
2025-03-06 18:20:05 [restartedMain] INFO  o.s.d.r.c.RepositoryConfigurationExtensionSupport - Spring Data Redis - Could not safely identify store assignment for repository candidate interface com.yts.revaux.ntQuote.repository.NtQuoteProjectEstimatedTimingRepository; If you want this repository to be a Redis repository, consider annotating your entities with one of these annotations: org.springframework.data.redis.core.RedisHash (preferred), or consider extending one of the following types with your repository: org.springframework.data.keyvalue.repository.KeyValueRepository
2025-03-06 18:20:05 [restartedMain] INFO  o.s.d.r.c.RepositoryConfigurationExtensionSupport - Spring Data Redis - Could not safely identify store assignment for repository candidate interface com.yts.revaux.ntQuote.repository.QuoteLabourRateRepository; If you want this repository to be a Redis repository, consider annotating your entities with one of these annotations: org.springframework.data.redis.core.RedisHash (preferred), or consider extending one of the following types with your repository: org.springframework.data.keyvalue.repository.KeyValueRepository
2025-03-06 18:20:05 [restartedMain] INFO  o.s.d.r.c.RepositoryConfigurationExtensionSupport - Spring Data Redis - Could not safely identify store assignment for repository candidate interface com.yts.revaux.ntQuote.repository.QuoteMachineEfficiencyRepository; If you want this repository to be a Redis repository, consider annotating your entities with one of these annotations: org.springframework.data.redis.core.RedisHash (preferred), or consider extending one of the following types with your repository: org.springframework.data.keyvalue.repository.KeyValueRepository
2025-03-06 18:20:05 [restartedMain] INFO  o.s.d.r.c.RepositoryConfigurationExtensionSupport - Spring Data Redis - Could not safely identify store assignment for repository candidate interface com.yts.revaux.ntQuote.repository.QuoteMachineSetupRepository; If you want this repository to be a Redis repository, consider annotating your entities with one of these annotations: org.springframework.data.redis.core.RedisHash (preferred), or consider extending one of the following types with your repository: org.springframework.data.keyvalue.repository.KeyValueRepository
2025-03-06 18:20:05 [restartedMain] INFO  o.s.d.r.c.RepositoryConfigurationExtensionSupport - Spring Data Redis - Could not safely identify store assignment for repository candidate interface com.yts.revaux.ntQuote.repository.QuoteMaterialMarkupRepository; If you want this repository to be a Redis repository, consider annotating your entities with one of these annotations: org.springframework.data.redis.core.RedisHash (preferred), or consider extending one of the following types with your repository: org.springframework.data.keyvalue.repository.KeyValueRepository
2025-03-06 18:20:05 [restartedMain] INFO  o.s.d.r.c.RepositoryConfigurationExtensionSupport - Spring Data Redis - Could not safely identify store assignment for repository candidate interface com.yts.revaux.ntQuote.repository.QuoteProfitRepository; If you want this repository to be a Redis repository, consider annotating your entities with one of these annotations: org.springframework.data.redis.core.RedisHash (preferred), or consider extending one of the following types with your repository: org.springframework.data.keyvalue.repository.KeyValueRepository
2025-03-06 18:20:05 [restartedMain] INFO  o.s.d.r.c.RepositoryConfigurationExtensionSupport - Spring Data Redis - Could not safely identify store assignment for repository candidate interface com.yts.revaux.ntQuote.repository.QuoteScrapRateRepository; If you want this repository to be a Redis repository, consider annotating your entities with one of these annotations: org.springframework.data.redis.core.RedisHash (preferred), or consider extending one of the following types with your repository: org.springframework.data.keyvalue.repository.KeyValueRepository
2025-03-06 18:20:05 [restartedMain] INFO  o.s.d.r.c.RepositoryConfigurationExtensionSupport - Spring Data Redis - Could not safely identify store assignment for repository candidate interface com.yts.revaux.ntQuote.repository.QuoteSgaRateRepository; If you want this repository to be a Redis repository, consider annotating your entities with one of these annotations: org.springframework.data.redis.core.RedisHash (preferred), or consider extending one of the following types with your repository: org.springframework.data.keyvalue.repository.KeyValueRepository
2025-03-06 18:20:05 [restartedMain] INFO  o.s.d.r.c.RepositoryConfigurationDelegate - Finished Spring Data repository scanning in 2 ms. Found 0 Redis repository interfaces.
2025-03-06 18:20:05 [restartedMain] INFO  o.s.b.w.e.tomcat.TomcatWebServer - Tomcat initialized with port 8080 (http)
2025-03-06 18:20:05 [restartedMain] INFO  o.a.coyote.http11.Http11NioProtocol - Initializing ProtocolHandler ["http-nio-8080"]
2025-03-06 18:20:05 [restartedMain] INFO  o.a.catalina.core.StandardService - Starting service [Tomcat]
2025-03-06 18:20:05 [restartedMain] INFO  o.a.catalina.core.StandardEngine - Starting Servlet engine: [Apache Tomcat/10.1.36]
2025-03-06 18:20:05 [restartedMain] INFO  o.a.c.c.C.[.[localhost].[/rev-aux] - Initializing Spring embedded WebApplicationContext
2025-03-06 18:20:05 [restartedMain] INFO  o.s.b.w.s.c.ServletWebServerApplicationContext - Root WebApplicationContext: initialization completed in 189 ms
2025-03-06 18:20:05 [restartedMain] INFO  o.h.jpa.internal.util.LogHelper - HHH000204: Processing PersistenceUnitInfo [name: default]
2025-03-06 18:20:05 [restartedMain] INFO  o.h.c.i.RegionFactoryInitiator - HHH000026: Second-level cache disabled
2025-03-06 18:20:05 [restartedMain] INFO  o.s.o.j.p.SpringPersistenceUnitInfo - No LoadTimeWeaver setup: ignoring JPA class transformer
2025-03-06 18:20:05 [restartedMain] INFO  com.zaxxer.hikari.HikariDataSource - HikariPool-10 - Starting...
2025-03-06 18:20:05 [restartedMain] INFO  com.zaxxer.hikari.pool.HikariPool - HikariPool-10 - Added connection org.postgresql.jdbc.PgConnection@1a7b7bb1
2025-03-06 18:20:05 [restartedMain] INFO  com.zaxxer.hikari.HikariDataSource - HikariPool-10 - Start completed.
2025-03-06 18:20:05 [restartedMain] INFO  o.hibernate.orm.connections.pooling - HHH10001005: Database info:
	Database JDBC URL [Connecting through datasource 'HikariDataSource (HikariPool-10)']
	Database driver: undefined/unknown
	Database version: 14.17
	Autocommit mode: undefined/unknown
	Isolation level: undefined/unknown
	Minimum pool size: undefined/unknown
	Maximum pool size: undefined/unknown
2025-03-06 18:20:05 [restartedMain] INFO  o.h.e.t.j.p.i.JtaPlatformInitiator - HHH000489: No JTA platform available (set 'hibernate.transaction.jta.platform' to enable JTA platform integration)
2025-03-06 18:20:07 [restartedMain] INFO  o.s.o.j.LocalContainerEntityManagerFactoryBean - Initialized JPA EntityManagerFactory for persistence unit 'default'
2025-03-06 18:20:07 [restartedMain] WARN  o.s.b.a.o.j.JpaBaseConfiguration$JpaWebConfiguration - spring.jpa.open-in-view is enabled by default. Therefore, database queries may be performed during view rendering. Explicitly configure spring.jpa.open-in-view to disable this warning
2025-03-06 18:20:07 [restartedMain] INFO  o.s.s.c.a.a.c.InitializeUserDetailsBeanManagerConfigurer$InitializeUserDetailsManagerConfigurer - Global AuthenticationManager configured with UserDetailsService bean with name customUserDetailsService
2025-03-06 18:20:07 [restartedMain] INFO  o.s.b.d.a.OptionalLiveReloadServer - LiveReload server is running on port 35729
2025-03-06 18:20:07 [restartedMain] INFO  o.a.coyote.http11.Http11NioProtocol - Starting ProtocolHandler ["http-nio-8080"]
2025-03-06 18:20:07 [restartedMain] INFO  o.s.b.w.e.tomcat.TomcatWebServer - Tomcat started on port 8080 (http) with context path '/rev-aux'
2025-03-06 18:20:07 [restartedMain] INFO  com.yts.revaux.RevAuxApplication - Started RevAuxApplication in 2.33 seconds (process running for 3151.823)
2025-03-06 18:20:07 [restartedMain] INFO  o.s.b.d.a.ConditionEvaluationDeltaLoggingListener - Condition evaluation unchanged
2025-03-06 18:20:07 [http-nio-8080-exec-1] INFO  o.a.c.c.C.[.[localhost].[/rev-aux] - Initializing Spring DispatcherServlet 'dispatcherServlet'
2025-03-06 18:20:07 [http-nio-8080-exec-1] INFO  o.s.web.servlet.DispatcherServlet - Initializing Servlet 'dispatcherServlet'
2025-03-06 18:20:07 [http-nio-8080-exec-1] INFO  o.s.web.servlet.DispatcherServlet - Completed initialization in 1 ms
2025-03-06 18:20:07 [http-nio-8080-exec-1] WARN  c.y.r.config.JwtAuthenticationFilter - ❌ No valid JWT token found in cookies!
2025-03-06 18:20:07 [http-nio-8080-exec-3] WARN  c.y.r.config.JwtAuthenticationFilter - ❌ No valid JWT token found in cookies!
2025-03-06 18:20:07 [http-nio-8080-exec-5] WARN  c.y.r.config.JwtAuthenticationFilter - ❌ No valid JWT token found in cookies!
2025-03-06 18:20:07 [http-nio-8080-exec-2] WARN  c.y.r.config.JwtAuthenticationFilter - ❌ No valid JWT token found in cookies!
2025-03-06 18:20:07 [http-nio-8080-exec-4] WARN  c.y.r.config.JwtAuthenticationFilter - ❌ No valid JWT token found in cookies!
2025-03-06 18:20:07 [http-nio-8080-exec-7] WARN  c.y.r.config.JwtAuthenticationFilter - ❌ No valid JWT token found in cookies!
2025-03-06 18:20:07 [http-nio-8080-exec-6] WARN  c.y.r.config.JwtAuthenticationFilter - ❌ No valid JWT token found in cookies!
2025-03-06 18:20:07 [http-nio-8080-exec-8] WARN  c.y.r.config.JwtAuthenticationFilter - ❌ No valid JWT token found in cookies!
2025-03-06 18:20:07 [http-nio-8080-exec-9] WARN  c.y.r.config.JwtAuthenticationFilter - ❌ No valid JWT token found in cookies!
2025-03-06 18:20:07 [http-nio-8080-exec-10] WARN  c.y.r.config.JwtAuthenticationFilter - ❌ No valid JWT token found in cookies!
2025-03-06 18:20:58 [http-nio-8080-exec-1] WARN  c.y.r.config.JwtAuthenticationFilter - ❌ No valid JWT token found in cookies!
2025-03-06 18:20:58 [http-nio-8080-exec-4] WARN  c.y.r.config.JwtAuthenticationFilter - ❌ No valid JWT token found in cookies!
2025-03-06 18:20:58 [http-nio-8080-exec-3] WARN  c.y.r.config.JwtAuthenticationFilter - ❌ No valid JWT token found in cookies!
2025-03-06 18:20:58 [http-nio-8080-exec-6] WARN  c.y.r.config.JwtAuthenticationFilter - ❌ No valid JWT token found in cookies!
2025-03-06 18:20:58 [http-nio-8080-exec-2] WARN  c.y.r.config.JwtAuthenticationFilter - ❌ No valid JWT token found in cookies!
2025-03-06 18:20:58 [http-nio-8080-exec-5] WARN  c.y.r.config.JwtAuthenticationFilter - ❌ No valid JWT token found in cookies!
2025-03-06 18:20:58 [http-nio-8080-exec-7] WARN  c.y.r.config.JwtAuthenticationFilter - ❌ No valid JWT token found in cookies!
2025-03-06 18:20:58 [http-nio-8080-exec-10] WARN  c.y.r.config.JwtAuthenticationFilter - ❌ No valid JWT token found in cookies!
2025-03-06 18:20:58 [http-nio-8080-exec-1] WARN  c.y.r.config.JwtAuthenticationFilter - ❌ No valid JWT token found in cookies!
2025-03-06 18:20:58 [http-nio-8080-exec-8] WARN  c.y.r.config.JwtAuthenticationFilter - ❌ No valid JWT token found in cookies!
2025-03-06 18:20:58 [http-nio-8080-exec-9] WARN  c.y.r.config.JwtAuthenticationFilter - ❌ No valid JWT token found in cookies!
2025-03-06 18:20:58 [http-nio-8080-exec-4] WARN  c.y.r.config.JwtAuthenticationFilter - ❌ No valid JWT token found in cookies!
2025-03-06 18:20:58 [http-nio-8080-exec-7] WARN  c.y.r.config.JwtAuthenticationFilter - ❌ No valid JWT token found in cookies!
2025-03-06 18:20:58 [http-nio-8080-exec-6] WARN  c.y.r.config.JwtAuthenticationFilter - ❌ No valid JWT token found in cookies!
2025-03-06 18:20:58 [http-nio-8080-exec-2] WARN  c.y.r.config.JwtAuthenticationFilter - ❌ No valid JWT token found in cookies!
2025-03-06 18:20:58 [http-nio-8080-exec-5] WARN  c.y.r.config.JwtAuthenticationFilter - ❌ No valid JWT token found in cookies!
2025-03-06 18:20:58 [http-nio-8080-exec-10] WARN  c.y.r.config.JwtAuthenticationFilter - ❌ No valid JWT token found in cookies!
2025-03-06 18:20:58 [http-nio-8080-exec-3] WARN  c.y.r.config.JwtAuthenticationFilter - ❌ No valid JWT token found in cookies!
2025-03-06 18:20:58 [http-nio-8080-exec-8] WARN  c.y.r.config.JwtAuthenticationFilter - ❌ No valid JWT token found in cookies!
2025-03-06 18:20:58 [http-nio-8080-exec-9] WARN  c.y.r.config.JwtAuthenticationFilter - ❌ No valid JWT token found in cookies!
2025-03-06 18:20:58 [http-nio-8080-exec-1] WARN  c.y.r.config.JwtAuthenticationFilter - ❌ No valid JWT token found in cookies!
2025-03-06 18:20:58 [http-nio-8080-exec-7] WARN  c.y.r.config.JwtAuthenticationFilter - ❌ No valid JWT token found in cookies!
2025-03-06 18:20:58 [http-nio-8080-exec-4] WARN  c.y.r.config.JwtAuthenticationFilter - ❌ No valid JWT token found in cookies!
2025-03-06 18:20:58 [http-nio-8080-exec-5] WARN  c.y.r.config.JwtAuthenticationFilter - ❌ No valid JWT token found in cookies!
2025-03-06 18:20:58 [http-nio-8080-exec-6] WARN  c.y.r.config.JwtAuthenticationFilter - ❌ No valid JWT token found in cookies!
2025-03-06 18:20:58 [http-nio-8080-exec-2] WARN  c.y.r.config.JwtAuthenticationFilter - ❌ No valid JWT token found in cookies!
2025-03-06 18:20:58 [http-nio-8080-exec-10] WARN  c.y.r.config.JwtAuthenticationFilter - ❌ No valid JWT token found in cookies!
2025-03-06 18:20:58 [http-nio-8080-exec-3] WARN  c.y.r.config.JwtAuthenticationFilter - ❌ No valid JWT token found in cookies!
2025-03-06 18:20:58 [http-nio-8080-exec-8] WARN  c.y.r.config.JwtAuthenticationFilter - ❌ No valid JWT token found in cookies!
2025-03-06 18:20:58 [http-nio-8080-exec-9] WARN  c.y.r.config.JwtAuthenticationFilter - ❌ No valid JWT token found in cookies!
2025-03-06 18:20:58 [http-nio-8080-exec-1] WARN  c.y.r.config.JwtAuthenticationFilter - ❌ No valid JWT token found in cookies!
2025-03-06 18:20:58 [http-nio-8080-exec-2] WARN  c.y.r.config.JwtAuthenticationFilter - ❌ No valid JWT token found in cookies!
2025-03-06 18:20:58 [http-nio-8080-exec-7] WARN  c.y.r.config.JwtAuthenticationFilter - ❌ No valid JWT token found in cookies!
2025-03-06 18:20:58 [http-nio-8080-exec-5] WARN  c.y.r.config.JwtAuthenticationFilter - ❌ No valid JWT token found in cookies!
2025-03-06 18:20:58 [http-nio-8080-exec-6] WARN  c.y.r.config.JwtAuthenticationFilter - ❌ No valid JWT token found in cookies!
2025-03-06 18:20:58 [http-nio-8080-exec-4] WARN  c.y.r.config.JwtAuthenticationFilter - ❌ No valid JWT token found in cookies!
2025-03-06 18:20:58 [http-nio-8080-exec-10] WARN  c.y.r.config.JwtAuthenticationFilter - ❌ No valid JWT token found in cookies!
2025-03-06 18:20:58 [http-nio-8080-exec-3] WARN  c.y.r.config.JwtAuthenticationFilter - ❌ No valid JWT token found in cookies!
2025-03-06 18:20:58 [http-nio-8080-exec-9] WARN  c.y.r.config.JwtAuthenticationFilter - ❌ No valid JWT token found in cookies!
2025-03-06 18:20:58 [http-nio-8080-exec-6] WARN  c.y.r.config.JwtAuthenticationFilter - ❌ No valid JWT token found in cookies!
2025-03-06 18:20:58 [http-nio-8080-exec-8] WARN  c.y.r.config.JwtAuthenticationFilter - ❌ No valid JWT token found in cookies!
2025-03-06 18:20:58 [http-nio-8080-exec-5] WARN  c.y.r.config.JwtAuthenticationFilter - ❌ No valid JWT token found in cookies!
2025-03-06 18:20:58 [http-nio-8080-exec-1] WARN  c.y.r.config.JwtAuthenticationFilter - ❌ No valid JWT token found in cookies!
2025-03-06 18:20:58 [http-nio-8080-exec-4] WARN  c.y.r.config.JwtAuthenticationFilter - ❌ No valid JWT token found in cookies!
2025-03-06 18:20:58 [http-nio-8080-exec-2] WARN  c.y.r.config.JwtAuthenticationFilter - ❌ No valid JWT token found in cookies!
2025-03-06 18:20:58 [http-nio-8080-exec-10] WARN  c.y.r.config.JwtAuthenticationFilter - ❌ No valid JWT token found in cookies!
2025-03-06 18:20:58 [http-nio-8080-exec-5] WARN  c.y.r.config.JwtAuthenticationFilter - ❌ No valid JWT token found in cookies!
2025-03-06 18:20:58 [http-nio-8080-exec-3] WARN  c.y.r.config.JwtAuthenticationFilter - ❌ No valid JWT token found in cookies!
2025-03-06 18:20:58 [http-nio-8080-exec-9] WARN  c.y.r.config.JwtAuthenticationFilter - ❌ No valid JWT token found in cookies!
2025-03-06 18:20:58 [http-nio-8080-exec-8] WARN  c.y.r.config.JwtAuthenticationFilter - ❌ No valid JWT token found in cookies!
2025-03-06 18:20:58 [http-nio-8080-exec-6] WARN  c.y.r.config.JwtAuthenticationFilter - ❌ No valid JWT token found in cookies!
2025-03-06 18:20:58 [http-nio-8080-exec-7] WARN  c.y.r.config.JwtAuthenticationFilter - ❌ No valid JWT token found in cookies!
2025-03-06 18:20:58 [http-nio-8080-exec-1] WARN  c.y.r.config.JwtAuthenticationFilter - ❌ No valid JWT token found in cookies!
2025-03-06 18:20:59 [http-nio-8080-exec-9] WARN  c.y.r.config.JwtAuthenticationFilter - ❌ No valid JWT token found in cookies!
2025-03-06 18:20:59 [http-nio-8080-exec-5] WARN  c.y.r.config.JwtAuthenticationFilter - ❌ No valid JWT token found in cookies!
2025-03-06 18:20:59 [http-nio-8080-exec-2] WARN  c.y.r.config.JwtAuthenticationFilter - ❌ No valid JWT token found in cookies!
2025-03-06 18:20:59 [http-nio-8080-exec-10] WARN  c.y.r.config.JwtAuthenticationFilter - ❌ No valid JWT token found in cookies!
2025-03-06 18:20:59 [http-nio-8080-exec-6] WARN  c.y.r.config.JwtAuthenticationFilter - ❌ No valid JWT token found in cookies!
2025-03-06 18:20:59 [http-nio-8080-exec-4] WARN  c.y.r.config.JwtAuthenticationFilter - ❌ No valid JWT token found in cookies!
2025-03-06 18:20:59 [http-nio-8080-exec-8] WARN  c.y.r.config.JwtAuthenticationFilter - ❌ No valid JWT token found in cookies!
2025-03-06 18:21:00 [http-nio-8080-exec-3] WARN  c.y.r.config.JwtAuthenticationFilter - ❌ No valid JWT token found in cookies!
2025-03-06 18:21:00 [http-nio-8080-exec-3] INFO  c.y.r.n.w.rest.NtQuoteListController - Fetching all NT Quotes
2025-03-06 18:21:00 [http-nio-8080-exec-7] WARN  c.y.r.config.JwtAuthenticationFilter - ❌ No valid JWT token found in cookies!
2025-03-06 18:21:01 [http-nio-8080-exec-1] WARN  c.y.r.config.JwtAuthenticationFilter - ❌ No valid JWT token found in cookies!
2025-03-06 18:21:16 [http-nio-8080-exec-5] WARN  c.y.r.config.JwtAuthenticationFilter - ❌ No valid JWT token found in cookies!
2025-03-06 18:21:16 [http-nio-8080-exec-5] INFO  c.y.r.n.w.rest.NtQuoteListController - Checking if Mold Mannual  file exists -> id: 4,  fileName: ntdemo.xlsx
2025-03-06 18:21:16 [http-nio-8080-exec-5] INFO  c.y.r.n.w.rest.NtQuoteListController - generate Remote Mold Mannual File Path id = 4 fileName = ntdemo.xlsx
2025-03-06 18:21:16 [http-nio-8080-exec-5] INFO  c.y.r.n.w.rest.NtQuoteListController - currentPath  = /home/CPS/NtQuote/MoldMannual/4
2025-03-06 18:21:16 [http-nio-8080-exec-5] INFO  c.y.r.n.w.rest.NtQuoteListController - Generated remote file path: /home/CPS/NtQuote/MoldMannual/4/ntdemo.xlsx
2025-03-06 18:21:16 [http-nio-8080-exec-5] INFO  c.y.r.a.web.rest.AdminRestController - Checking Mold Manual File Exists - id: 4, remoteFilePath: '/home/CPS/NtQuote/MoldMannual/4/ntdemo.xlsx'
2025-03-06 18:21:16 [http-nio-8080-exec-5] INFO  c.y.r.a.web.rest.AdminRestController - File existence count: 1
2025-03-06 18:21:16 [http-nio-8080-exec-5] INFO  c.y.r.n.w.rest.NtQuoteListController - File existence check result: true
2025-03-06 18:21:18 [http-nio-8080-exec-10] WARN  c.y.r.config.JwtAuthenticationFilter - ❌ No valid JWT token found in cookies!
2025-03-06 18:21:18 [http-nio-8080-exec-10] ERROR c.y.r.n.w.rest.NtQuoteListController - Controller -- overwrite mold mannual File id ===== 4
2025-03-06 18:21:18 [http-nio-8080-exec-10] INFO  c.y.r.n.w.rest.NtQuoteListController - overwrite Mold Mannual File line  ===== 4
2025-03-06 18:21:18 [http-nio-8080-exec-10] INFO  c.y.r.a.web.rest.AdminRestController - overwrite Mold Manual File invoked with fileName: ntdemo.xlsx, id: 4
2025-03-06 18:21:18 [http-nio-8080-exec-10] INFO  c.y.r.a.web.rest.AdminRestController - Data size: 5102 bytes
2025-03-06 18:21:18 [http-nio-8080-exec-10] INFO  c.y.r.a.web.rest.AdminRestController - Remote file path = /home/CPS/NtQuote/MoldManual/4/ntdemo.xlsx
2025-03-06 18:21:36 [http-nio-8080-exec-8] WARN  c.y.r.config.JwtAuthenticationFilter - ❌ No valid JWT token found in cookies!
2025-03-06 18:21:36 [http-nio-8080-exec-7] WARN  c.y.r.config.JwtAuthenticationFilter - ❌ No valid JWT token found in cookies!
2025-03-06 18:21:36 [http-nio-8080-exec-3] WARN  c.y.r.config.JwtAuthenticationFilter - ❌ No valid JWT token found in cookies!
2025-03-06 18:21:36 [http-nio-8080-exec-1] WARN  c.y.r.config.JwtAuthenticationFilter - ❌ No valid JWT token found in cookies!
2025-03-06 18:21:36 [http-nio-8080-exec-6] WARN  c.y.r.config.JwtAuthenticationFilter - ❌ No valid JWT token found in cookies!
2025-03-06 18:21:36 [http-nio-8080-exec-2] WARN  c.y.r.config.JwtAuthenticationFilter - ❌ No valid JWT token found in cookies!
2025-03-06 18:21:36 [http-nio-8080-exec-9] WARN  c.y.r.config.JwtAuthenticationFilter - ❌ No valid JWT token found in cookies!
2025-03-06 18:21:36 [http-nio-8080-exec-4] WARN  c.y.r.config.JwtAuthenticationFilter - ❌ No valid JWT token found in cookies!
2025-03-06 18:21:36 [http-nio-8080-exec-5] WARN  c.y.r.config.JwtAuthenticationFilter - ❌ No valid JWT token found in cookies!
2025-03-06 18:21:36 [http-nio-8080-exec-8] WARN  c.y.r.config.JwtAuthenticationFilter - ❌ No valid JWT token found in cookies!
2025-03-06 18:21:36 [http-nio-8080-exec-7] WARN  c.y.r.config.JwtAuthenticationFilter - ❌ No valid JWT token found in cookies!
2025-03-06 18:21:36 [http-nio-8080-exec-3] WARN  c.y.r.config.JwtAuthenticationFilter - ❌ No valid JWT token found in cookies!
2025-03-06 18:21:36 [http-nio-8080-exec-1] WARN  c.y.r.config.JwtAuthenticationFilter - ❌ No valid JWT token found in cookies!
2025-03-06 18:21:36 [http-nio-8080-exec-2] WARN  c.y.r.config.JwtAuthenticationFilter - ❌ No valid JWT token found in cookies!
2025-03-06 18:21:36 [http-nio-8080-exec-9] WARN  c.y.r.config.JwtAuthenticationFilter - ❌ No valid JWT token found in cookies!
2025-03-06 18:21:36 [http-nio-8080-exec-6] WARN  c.y.r.config.JwtAuthenticationFilter - ❌ No valid JWT token found in cookies!
2025-03-06 18:21:36 [http-nio-8080-exec-8] WARN  c.y.r.config.JwtAuthenticationFilter - ❌ No valid JWT token found in cookies!
2025-03-06 18:21:36 [http-nio-8080-exec-4] WARN  c.y.r.config.JwtAuthenticationFilter - ❌ No valid JWT token found in cookies!
2025-03-06 18:21:36 [http-nio-8080-exec-7] WARN  c.y.r.config.JwtAuthenticationFilter - ❌ No valid JWT token found in cookies!
2025-03-06 18:21:36 [http-nio-8080-exec-5] WARN  c.y.r.config.JwtAuthenticationFilter - ❌ No valid JWT token found in cookies!
2025-03-06 18:21:36 [http-nio-8080-exec-3] WARN  c.y.r.config.JwtAuthenticationFilter - ❌ No valid JWT token found in cookies!
2025-03-06 18:21:36 [http-nio-8080-exec-1] WARN  c.y.r.config.JwtAuthenticationFilter - ❌ No valid JWT token found in cookies!
2025-03-06 18:21:36 [http-nio-8080-exec-2] WARN  c.y.r.config.JwtAuthenticationFilter - ❌ No valid JWT token found in cookies!
2025-03-06 18:21:36 [http-nio-8080-exec-9] WARN  c.y.r.config.JwtAuthenticationFilter - ❌ No valid JWT token found in cookies!
2025-03-06 18:21:36 [http-nio-8080-exec-8] WARN  c.y.r.config.JwtAuthenticationFilter - ❌ No valid JWT token found in cookies!
2025-03-06 18:21:36 [http-nio-8080-exec-6] WARN  c.y.r.config.JwtAuthenticationFilter - ❌ No valid JWT token found in cookies!
2025-03-06 18:21:36 [http-nio-8080-exec-4] WARN  c.y.r.config.JwtAuthenticationFilter - ❌ No valid JWT token found in cookies!
2025-03-06 18:21:36 [http-nio-8080-exec-5] WARN  c.y.r.config.JwtAuthenticationFilter - ❌ No valid JWT token found in cookies!
2025-03-06 18:21:36 [http-nio-8080-exec-7] WARN  c.y.r.config.JwtAuthenticationFilter - ❌ No valid JWT token found in cookies!
2025-03-06 18:21:36 [http-nio-8080-exec-3] WARN  c.y.r.config.JwtAuthenticationFilter - ❌ No valid JWT token found in cookies!
2025-03-06 18:21:36 [http-nio-8080-exec-1] WARN  c.y.r.config.JwtAuthenticationFilter - ❌ No valid JWT token found in cookies!
2025-03-06 18:21:36 [http-nio-8080-exec-2] WARN  c.y.r.config.JwtAuthenticationFilter - ❌ No valid JWT token found in cookies!
2025-03-06 18:21:36 [http-nio-8080-exec-8] WARN  c.y.r.config.JwtAuthenticationFilter - ❌ No valid JWT token found in cookies!
2025-03-06 18:21:36 [http-nio-8080-exec-9] WARN  c.y.r.config.JwtAuthenticationFilter - ❌ No valid JWT token found in cookies!
2025-03-06 18:21:36 [http-nio-8080-exec-4] WARN  c.y.r.config.JwtAuthenticationFilter - ❌ No valid JWT token found in cookies!
2025-03-06 18:21:36 [http-nio-8080-exec-6] WARN  c.y.r.config.JwtAuthenticationFilter - ❌ No valid JWT token found in cookies!
2025-03-06 18:21:36 [http-nio-8080-exec-5] WARN  c.y.r.config.JwtAuthenticationFilter - ❌ No valid JWT token found in cookies!
2025-03-06 18:21:36 [http-nio-8080-exec-1] WARN  c.y.r.config.JwtAuthenticationFilter - ❌ No valid JWT token found in cookies!
2025-03-06 18:21:36 [http-nio-8080-exec-7] WARN  c.y.r.config.JwtAuthenticationFilter - ❌ No valid JWT token found in cookies!
2025-03-06 18:21:36 [http-nio-8080-exec-2] WARN  c.y.r.config.JwtAuthenticationFilter - ❌ No valid JWT token found in cookies!
2025-03-06 18:21:36 [http-nio-8080-exec-8] WARN  c.y.r.config.JwtAuthenticationFilter - ❌ No valid JWT token found in cookies!
2025-03-06 18:21:36 [http-nio-8080-exec-3] WARN  c.y.r.config.JwtAuthenticationFilter - ❌ No valid JWT token found in cookies!
2025-03-06 18:21:36 [http-nio-8080-exec-4] WARN  c.y.r.config.JwtAuthenticationFilter - ❌ No valid JWT token found in cookies!
2025-03-06 18:21:36 [http-nio-8080-exec-6] WARN  c.y.r.config.JwtAuthenticationFilter - ❌ No valid JWT token found in cookies!
2025-03-06 18:21:36 [http-nio-8080-exec-9] WARN  c.y.r.config.JwtAuthenticationFilter - ❌ No valid JWT token found in cookies!
2025-03-06 18:21:36 [http-nio-8080-exec-4] WARN  c.y.r.config.JwtAuthenticationFilter - ❌ No valid JWT token found in cookies!
2025-03-06 18:21:36 [http-nio-8080-exec-8] WARN  c.y.r.config.JwtAuthenticationFilter - ❌ No valid JWT token found in cookies!
2025-03-06 18:21:36 [http-nio-8080-exec-7] WARN  c.y.r.config.JwtAuthenticationFilter - ❌ No valid JWT token found in cookies!
2025-03-06 18:21:36 [http-nio-8080-exec-1] WARN  c.y.r.config.JwtAuthenticationFilter - ❌ No valid JWT token found in cookies!
2025-03-06 18:21:36 [http-nio-8080-exec-5] WARN  c.y.r.config.JwtAuthenticationFilter - ❌ No valid JWT token found in cookies!
2025-03-06 18:21:36 [http-nio-8080-exec-2] WARN  c.y.r.config.JwtAuthenticationFilter - ❌ No valid JWT token found in cookies!
2025-03-06 18:21:36 [http-nio-8080-exec-3] WARN  c.y.r.config.JwtAuthenticationFilter - ❌ No valid JWT token found in cookies!
2025-03-06 18:21:36 [http-nio-8080-exec-6] WARN  c.y.r.config.JwtAuthenticationFilter - ❌ No valid JWT token found in cookies!
2025-03-06 18:21:41 [http-nio-8080-exec-1] WARN  c.y.r.config.JwtAuthenticationFilter - ❌ No valid JWT token found in cookies!
2025-03-06 18:21:41 [http-nio-8080-exec-8] WARN  c.y.r.config.JwtAuthenticationFilter - ❌ No valid JWT token found in cookies!
2025-03-06 18:21:41 [http-nio-8080-exec-4] WARN  c.y.r.config.JwtAuthenticationFilter - ❌ No valid JWT token found in cookies!
2025-03-06 18:21:41 [http-nio-8080-exec-7] WARN  c.y.r.config.JwtAuthenticationFilter - ❌ No valid JWT token found in cookies!
2025-03-06 18:21:41 [http-nio-8080-exec-9] WARN  c.y.r.config.JwtAuthenticationFilter - ❌ No valid JWT token found in cookies!
2025-03-06 18:21:41 [http-nio-8080-exec-2] WARN  c.y.r.config.JwtAuthenticationFilter - ❌ No valid JWT token found in cookies!
2025-03-06 18:21:41 [http-nio-8080-exec-5] WARN  c.y.r.config.JwtAuthenticationFilter - ❌ No valid JWT token found in cookies!
2025-03-06 18:21:42 [http-nio-8080-exec-3] WARN  c.y.r.config.JwtAuthenticationFilter - ❌ No valid JWT token found in cookies!
2025-03-06 18:21:42 [http-nio-8080-exec-3] INFO  c.y.r.n.w.rest.NtQuoteListController - Fetching all NT Quotes
2025-03-06 18:21:42 [http-nio-8080-exec-6] WARN  c.y.r.config.JwtAuthenticationFilter - ❌ No valid JWT token found in cookies!
2025-03-06 18:21:42 [http-nio-8080-exec-9] WARN  c.y.r.config.JwtAuthenticationFilter - ❌ No valid JWT token found in cookies!
2025-03-06 18:21:47 [http-nio-8080-exec-4] WARN  c.y.r.config.JwtAuthenticationFilter - ❌ No valid JWT token found in cookies!
2025-03-06 18:21:47 [http-nio-8080-exec-4] INFO  c.y.r.n.w.rest.NtQuoteListController - Downloading Mold Manual file - filePath: /home/CPS/NtQuote/MoldMannual/4/ntdemo.xlsx
2025-03-06 18:21:47 [http-nio-8080-exec-4] INFO  c.y.r.n.w.rest.NtQuoteListController - Decoded filePath: /home/CPS/NtQuote/MoldMannual/4/ntdemo.xlsx
2025-03-06 18:21:47 [http-nio-8080-exec-4] INFO  c.y.r.n.w.rest.NtQuoteListController - Remote Mold Manual file path: /home/CPS/NtQuote/MoldMannual//4/ntdemo.xlsx
2025-03-06 18:21:47 [http-nio-8080-exec-4] INFO  c.y.r.n.w.rest.NtQuoteListController - Mold Manual file downloaded successfully: ntdemo.xlsx
2025-03-06 18:21:56 [http-nio-8080-exec-8] WARN  c.y.r.config.JwtAuthenticationFilter - ❌ No valid JWT token found in cookies!
2025-03-06 18:21:56 [http-nio-8080-exec-8] INFO  c.y.r.n.w.rest.NtQuoteListController - Checking if Mold Mannual  file exists -> id: 4,  fileName: ntdemo.xlsx
2025-03-06 18:21:56 [http-nio-8080-exec-8] INFO  c.y.r.n.w.rest.NtQuoteListController - generate Remote Mold Mannual File Path id = 4 fileName = ntdemo.xlsx
2025-03-06 18:21:56 [http-nio-8080-exec-8] INFO  c.y.r.n.w.rest.NtQuoteListController - currentPath  = /home/CPS/NtQuote/MoldMannual/4
2025-03-06 18:21:56 [http-nio-8080-exec-8] INFO  c.y.r.n.w.rest.NtQuoteListController - Generated remote file path: /home/CPS/NtQuote/MoldMannual/4/ntdemo.xlsx
2025-03-06 18:21:56 [http-nio-8080-exec-8] INFO  c.y.r.a.web.rest.AdminRestController - Checking Mold Manual File Exists - id: 4, remoteFilePath: '/home/CPS/NtQuote/MoldMannual/4/ntdemo.xlsx'
2025-03-06 18:21:56 [http-nio-8080-exec-8] INFO  c.y.r.a.web.rest.AdminRestController - File existence count: 1
2025-03-06 18:21:56 [http-nio-8080-exec-8] INFO  c.y.r.n.w.rest.NtQuoteListController - File existence check result: true
2025-03-06 18:22:13 [File Watcher] INFO  o.s.b.d.a.LocalDevToolsAutoConfiguration$RestartingClassPathChangeChangedEventListener - Restarting due to 1 class path change (0 additions, 0 deletions, 1 modification)
2025-03-06 18:22:13 [Thread-55] INFO  o.s.b.w.e.tomcat.GracefulShutdown - Commencing graceful shutdown. Waiting for active requests to complete
2025-03-06 18:22:13 [tomcat-shutdown] INFO  o.a.coyote.http11.Http11NioProtocol - Pausing ProtocolHandler ["http-nio-8080"]
2025-03-06 18:22:43 [Thread-55] INFO  o.s.c.s.DefaultLifecycleProcessor - Shutdown phase 2147482623 ends with 1 bean still running after timeout of 30000ms: [webServerGracefulShutdown]
2025-03-06 18:22:43 [Thread-55] INFO  o.a.coyote.http11.Http11NioProtocol - Stopping ProtocolHandler ["http-nio-8080"]
2025-03-06 18:22:43 [http-nio-8080-exec-10] ERROR c.y.r.a.web.rest.AdminRestController - Thread interrupted while overwriting Mold Manual File: sleep interrupted
java.lang.InterruptedException: sleep interrupted
	at java.base/java.lang.Thread.sleep0(Native Method)
	at java.base/java.lang.Thread.sleep(Thread.java:509)
	at com.yts.revaux.ntQuote.service.NtQuoteListService.overwriteMoldManualAttachment(NtQuoteListService.java:409)
	at java.base/jdk.internal.reflect.DirectMethodHandleAccessor.invoke(DirectMethodHandleAccessor.java:103)
	at java.base/java.lang.reflect.Method.invoke(Method.java:580)
	at org.springframework.aop.support.AopUtils.invokeJoinpointUsingReflection(AopUtils.java:359)
	at org.springframework.aop.framework.ReflectiveMethodInvocation.invokeJoinpoint(ReflectiveMethodInvocation.java:196)
	at org.springframework.aop.framework.ReflectiveMethodInvocation.proceed(ReflectiveMethodInvocation.java:163)
	at org.springframework.transaction.interceptor.TransactionAspectSupport.invokeWithinTransaction(TransactionAspectSupport.java:380)
	at org.springframework.transaction.interceptor.TransactionInterceptor.invoke(TransactionInterceptor.java:119)
	at org.springframework.aop.framework.ReflectiveMethodInvocation.proceed(ReflectiveMethodInvocation.java:184)
	at org.springframework.aop.framework.CglibAopProxy$DynamicAdvisedInterceptor.intercept(CglibAopProxy.java:727)
	at com.yts.revaux.ntQuote.service.NtQuoteListService$$SpringCGLIB$$0.overwriteMoldManualAttachment(<generated>)
	at com.yts.revaux.ntQuote.web.rest.NtQuoteListController.updateOverwriteBuyerAttachCadFile(NtQuoteListController.java:261)
	at java.base/jdk.internal.reflect.DirectMethodHandleAccessor.invoke(DirectMethodHandleAccessor.java:103)
	at java.base/java.lang.reflect.Method.invoke(Method.java:580)
	at org.springframework.web.method.support.InvocableHandlerMethod.doInvoke(InvocableHandlerMethod.java:257)
	at org.springframework.web.method.support.InvocableHandlerMethod.invokeForRequest(InvocableHandlerMethod.java:190)
	at org.springframework.web.servlet.mvc.method.annotation.ServletInvocableHandlerMethod.invokeAndHandle(ServletInvocableHandlerMethod.java:118)
	at org.springframework.web.servlet.mvc.method.annotation.RequestMappingHandlerAdapter.invokeHandlerMethod(RequestMappingHandlerAdapter.java:986)
	at org.springframework.web.servlet.mvc.method.annotation.RequestMappingHandlerAdapter.handleInternal(RequestMappingHandlerAdapter.java:891)
	at org.springframework.web.servlet.mvc.method.AbstractHandlerMethodAdapter.handle(AbstractHandlerMethodAdapter.java:87)
	at org.springframework.web.servlet.DispatcherServlet.doDispatch(DispatcherServlet.java:1088)
	at org.springframework.web.servlet.DispatcherServlet.doService(DispatcherServlet.java:978)
	at org.springframework.web.servlet.FrameworkServlet.processRequest(FrameworkServlet.java:1014)
	at org.springframework.web.servlet.FrameworkServlet.doPost(FrameworkServlet.java:914)
	at jakarta.servlet.http.HttpServlet.service(HttpServlet.java:590)
	at org.springframework.web.servlet.FrameworkServlet.service(FrameworkServlet.java:885)
	at jakarta.servlet.http.HttpServlet.service(HttpServlet.java:658)
	at org.apache.catalina.core.ApplicationFilterChain.internalDoFilter(ApplicationFilterChain.java:195)
	at org.apache.catalina.core.ApplicationFilterChain.doFilter(ApplicationFilterChain.java:140)
	at org.apache.tomcat.websocket.server.WsFilter.doFilter(WsFilter.java:51)
	at org.apache.catalina.core.ApplicationFilterChain.internalDoFilter(ApplicationFilterChain.java:164)
	at org.apache.catalina.core.ApplicationFilterChain.doFilter(ApplicationFilterChain.java:140)
	at org.springframework.web.filter.OncePerRequestFilter.doFilter(OncePerRequestFilter.java:110)
	at org.apache.catalina.core.ApplicationFilterChain.internalDoFilter(ApplicationFilterChain.java:164)
	at org.apache.catalina.core.ApplicationFilterChain.doFilter(ApplicationFilterChain.java:140)
	at org.springframework.web.filter.CompositeFilter$VirtualFilterChain.doFilter(CompositeFilter.java:108)
	at org.springframework.security.web.FilterChainProxy.lambda$doFilterInternal$3(FilterChainProxy.java:231)
	at org.springframework.security.web.FilterChainProxy$VirtualFilterChain.doFilter(FilterChainProxy.java:365)
	at org.springframework.security.web.access.intercept.AuthorizationFilter.doFilter(AuthorizationFilter.java:101)
	at org.springframework.security.web.FilterChainProxy$VirtualFilterChain.doFilter(FilterChainProxy.java:374)
	at org.springframework.security.web.access.ExceptionTranslationFilter.doFilter(ExceptionTranslationFilter.java:126)
	at org.springframework.security.web.access.ExceptionTranslationFilter.doFilter(ExceptionTranslationFilter.java:120)
	at org.springframework.security.web.FilterChainProxy$VirtualFilterChain.doFilter(FilterChainProxy.java:374)
	at org.springframework.security.web.session.SessionManagementFilter.doFilter(SessionManagementFilter.java:131)
	at org.springframework.security.web.session.SessionManagementFilter.doFilter(SessionManagementFilter.java:85)
	at org.springframework.security.web.FilterChainProxy$VirtualFilterChain.doFilter(FilterChainProxy.java:374)
	at org.springframework.security.web.authentication.AnonymousAuthenticationFilter.doFilter(AnonymousAuthenticationFilter.java:100)
	at org.springframework.security.web.FilterChainProxy$VirtualFilterChain.doFilter(FilterChainProxy.java:374)
	at org.springframework.security.web.servletapi.SecurityContextHolderAwareRequestFilter.doFilter(SecurityContextHolderAwareRequestFilter.java:179)
	at org.springframework.security.web.FilterChainProxy$VirtualFilterChain.doFilter(FilterChainProxy.java:374)
	at org.springframework.security.web.savedrequest.RequestCacheAwareFilter.doFilter(RequestCacheAwareFilter.java:63)
	at org.springframework.security.web.FilterChainProxy$VirtualFilterChain.doFilter(FilterChainProxy.java:374)
	at com.yts.revaux.config.JwtAuthenticationFilter.doFilterInternal(JwtAuthenticationFilter.java:52)
	at org.springframework.web.filter.OncePerRequestFilter.doFilter(OncePerRequestFilter.java:116)
	at org.springframework.security.web.FilterChainProxy$VirtualFilterChain.doFilter(FilterChainProxy.java:374)
	at org.springframework.security.web.authentication.logout.LogoutFilter.doFilter(LogoutFilter.java:107)
	at org.springframework.security.web.authentication.logout.LogoutFilter.doFilter(LogoutFilter.java:93)
	at org.springframework.security.web.FilterChainProxy$VirtualFilterChain.doFilter(FilterChainProxy.java:374)
	at org.springframework.web.filter.CorsFilter.doFilterInternal(CorsFilter.java:91)
	at org.springframework.web.filter.OncePerRequestFilter.doFilter(OncePerRequestFilter.java:116)
	at org.springframework.security.web.FilterChainProxy$VirtualFilterChain.doFilter(FilterChainProxy.java:374)
	at org.springframework.security.web.header.HeaderWriterFilter.doHeadersAfter(HeaderWriterFilter.java:90)
	at org.springframework.security.web.header.HeaderWriterFilter.doFilterInternal(HeaderWriterFilter.java:75)
	at org.springframework.web.filter.OncePerRequestFilter.doFilter(OncePerRequestFilter.java:116)
	at org.springframework.security.web.FilterChainProxy$VirtualFilterChain.doFilter(FilterChainProxy.java:374)
	at org.springframework.security.web.context.SecurityContextHolderFilter.doFilter(SecurityContextHolderFilter.java:82)
	at org.springframework.security.web.context.SecurityContextHolderFilter.doFilter(SecurityContextHolderFilter.java:69)
	at org.springframework.security.web.FilterChainProxy$VirtualFilterChain.doFilter(FilterChainProxy.java:374)
	at org.springframework.security.web.context.request.async.WebAsyncManagerIntegrationFilter.doFilterInternal(WebAsyncManagerIntegrationFilter.java:62)
	at org.springframework.web.filter.OncePerRequestFilter.doFilter(OncePerRequestFilter.java:116)
	at org.springframework.security.web.FilterChainProxy$VirtualFilterChain.doFilter(FilterChainProxy.java:374)
	at org.springframework.security.web.session.DisableEncodeUrlFilter.doFilterInternal(DisableEncodeUrlFilter.java:42)
	at org.springframework.web.filter.OncePerRequestFilter.doFilter(OncePerRequestFilter.java:116)
	at org.springframework.security.web.FilterChainProxy$VirtualFilterChain.doFilter(FilterChainProxy.java:374)
	at org.springframework.security.web.FilterChainProxy.doFilterInternal(FilterChainProxy.java:233)
	at org.springframework.security.web.FilterChainProxy.doFilter(FilterChainProxy.java:191)
	at org.springframework.web.filter.CompositeFilter$VirtualFilterChain.doFilter(CompositeFilter.java:113)
	at org.springframework.web.servlet.handler.HandlerMappingIntrospector.lambda$createCacheFilter$3(HandlerMappingIntrospector.java:243)
	at org.springframework.web.filter.CompositeFilter$VirtualFilterChain.doFilter(CompositeFilter.java:113)
	at org.springframework.web.filter.CompositeFilter.doFilter(CompositeFilter.java:74)
	at org.springframework.security.config.annotation.web.configuration.WebMvcSecurityConfiguration$CompositeFilterChainProxy.doFilter(WebMvcSecurityConfiguration.java:238)
	at org.springframework.web.filter.DelegatingFilterProxy.invokeDelegate(DelegatingFilterProxy.java:362)
	at org.springframework.web.filter.DelegatingFilterProxy.doFilter(DelegatingFilterProxy.java:278)
	at org.apache.catalina.core.ApplicationFilterChain.internalDoFilter(ApplicationFilterChain.java:164)
	at org.apache.catalina.core.ApplicationFilterChain.doFilter(ApplicationFilterChain.java:140)
	at org.springframework.web.filter.RequestContextFilter.doFilterInternal(RequestContextFilter.java:100)
	at org.springframework.web.filter.OncePerRequestFilter.doFilter(OncePerRequestFilter.java:116)
	at org.apache.catalina.core.ApplicationFilterChain.internalDoFilter(ApplicationFilterChain.java:164)
	at org.apache.catalina.core.ApplicationFilterChain.doFilter(ApplicationFilterChain.java:140)
	at org.springframework.web.filter.FormContentFilter.doFilterInternal(FormContentFilter.java:93)
	at org.springframework.web.filter.OncePerRequestFilter.doFilter(OncePerRequestFilter.java:116)
	at org.apache.catalina.core.ApplicationFilterChain.internalDoFilter(ApplicationFilterChain.java:164)
	at org.apache.catalina.core.ApplicationFilterChain.doFilter(ApplicationFilterChain.java:140)
	at org.springframework.web.filter.CharacterEncodingFilter.doFilterInternal(CharacterEncodingFilter.java:201)
	at org.springframework.web.filter.OncePerRequestFilter.doFilter(OncePerRequestFilter.java:116)
	at org.apache.catalina.core.ApplicationFilterChain.internalDoFilter(ApplicationFilterChain.java:164)
	at org.apache.catalina.core.ApplicationFilterChain.doFilter(ApplicationFilterChain.java:140)
	at org.apache.catalina.core.StandardWrapperValve.invoke(StandardWrapperValve.java:167)
	at org.apache.catalina.core.StandardContextValve.invoke(StandardContextValve.java:90)
	at org.apache.catalina.authenticator.AuthenticatorBase.invoke(AuthenticatorBase.java:483)
	at org.apache.catalina.core.StandardHostValve.invoke(StandardHostValve.java:115)
	at org.apache.catalina.valves.ErrorReportValve.invoke(ErrorReportValve.java:93)
	at org.apache.catalina.core.StandardEngineValve.invoke(StandardEngineValve.java:74)
	at org.apache.catalina.connector.CoyoteAdapter.service(CoyoteAdapter.java:344)
	at org.apache.coyote.http11.Http11Processor.service(Http11Processor.java:397)
	at org.apache.coyote.AbstractProcessorLight.process(AbstractProcessorLight.java:63)
	at org.apache.coyote.AbstractProtocol$ConnectionHandler.process(AbstractProtocol.java:905)
	at org.apache.tomcat.util.net.NioEndpoint$SocketProcessor.doRun(NioEndpoint.java:1743)
	at org.apache.tomcat.util.net.SocketProcessorBase.run(SocketProcessorBase.java:52)
	at org.apache.tomcat.util.threads.ThreadPoolExecutor.runWorker(ThreadPoolExecutor.java:1190)
	at org.apache.tomcat.util.threads.ThreadPoolExecutor$Worker.run(ThreadPoolExecutor.java:659)
	at org.apache.tomcat.util.threads.TaskThread$WrappingRunnable.run(TaskThread.java:63)
	at java.base/java.lang.Thread.run(Thread.java:1583)
2025-03-06 18:22:43 [tomcat-shutdown] INFO  o.s.b.w.e.tomcat.GracefulShutdown - Graceful shutdown aborted with one or more requests still active
2025-03-06 18:22:44 [Thread-55] INFO  o.s.o.j.LocalContainerEntityManagerFactoryBean - Closing JPA EntityManagerFactory for persistence unit 'default'
2025-03-06 18:22:44 [Thread-55] INFO  com.zaxxer.hikari.HikariDataSource - HikariPool-10 - Shutdown initiated...
2025-03-06 18:22:44 [Thread-55] INFO  com.zaxxer.hikari.HikariDataSource - HikariPool-10 - Shutdown completed.
2025-03-06 18:22:44 [restartedMain] INFO  com.yts.revaux.RevAuxApplication - Starting RevAuxApplication using Java 21.0.5 with PID 63896 (/home/yts125/Desktop/LatestNtQuote_March6/rev-aux/target/classes started by yts125 in /home/yts125/Desktop/LatestNtQuote_March6/rev-aux)
2025-03-06 18:22:44 [restartedMain] INFO  com.yts.revaux.RevAuxApplication - The following 1 profile is active: "dev"
2025-03-06 18:22:44 [restartedMain] INFO  o.s.d.r.c.RepositoryConfigurationDelegate - Multiple Spring Data modules found, entering strict repository configuration mode
2025-03-06 18:22:44 [restartedMain] INFO  o.s.d.r.c.RepositoryConfigurationDelegate - Bootstrapping Spring Data JDBC repositories in DEFAULT mode.
2025-03-06 18:22:44 [restartedMain] INFO  o.s.d.r.c.RepositoryConfigurationExtensionSupport - Spring Data JDBC - Could not safely identify store assignment for repository candidate interface com.yts.revaux.admin.repository.AdminRepository; If you want this repository to be a JDBC repository, consider annotating your entities with one of these annotations: org.springframework.data.relational.core.mapping.Table.
2025-03-06 18:22:44 [restartedMain] INFO  o.s.d.r.c.RepositoryConfigurationExtensionSupport - Spring Data JDBC - Could not safely identify store assignment for repository candidate interface com.yts.revaux.admin.repository.UserRepository; If you want this repository to be a JDBC repository, consider annotating your entities with one of these annotations: org.springframework.data.relational.core.mapping.Table.
2025-03-06 18:22:44 [restartedMain] INFO  o.s.d.r.c.RepositoryConfigurationExtensionSupport - Spring Data JDBC - Could not safely identify store assignment for repository candidate interface com.yts.revaux.ntQuote.repository.NTQuoteListRepository; If you want this repository to be a JDBC repository, consider annotating your entities with one of these annotations: org.springframework.data.relational.core.mapping.Table.
2025-03-06 18:22:44 [restartedMain] INFO  o.s.d.r.c.RepositoryConfigurationExtensionSupport - Spring Data JDBC - Could not safely identify store assignment for repository candidate interface com.yts.revaux.ntQuote.repository.NtQuoteComponentDetailRepository; If you want this repository to be a JDBC repository, consider annotating your entities with one of these annotations: org.springframework.data.relational.core.mapping.Table.
2025-03-06 18:22:44 [restartedMain] INFO  o.s.d.r.c.RepositoryConfigurationExtensionSupport - Spring Data JDBC - Could not safely identify store assignment for repository candidate interface com.yts.revaux.ntQuote.repository.NtQuoteContactReviewInformationRepository; If you want this repository to be a JDBC repository, consider annotating your entities with one of these annotations: org.springframework.data.relational.core.mapping.Table.
2025-03-06 18:22:44 [restartedMain] INFO  o.s.d.r.c.RepositoryConfigurationExtensionSupport - Spring Data JDBC - Could not safely identify store assignment for repository candidate interface com.yts.revaux.ntQuote.repository.NtQuoteCostOverviewCustomerInputOutputRepository; If you want this repository to be a JDBC repository, consider annotating your entities with one of these annotations: org.springframework.data.relational.core.mapping.Table.
2025-03-06 18:22:44 [restartedMain] INFO  o.s.d.r.c.RepositoryConfigurationExtensionSupport - Spring Data JDBC - Could not safely identify store assignment for repository candidate interface com.yts.revaux.ntQuote.repository.NtQuoteCustomerProjectRepository; If you want this repository to be a JDBC repository, consider annotating your entities with one of these annotations: org.springframework.data.relational.core.mapping.Table.
2025-03-06 18:22:44 [restartedMain] INFO  o.s.d.r.c.RepositoryConfigurationExtensionSupport - Spring Data JDBC - Could not safely identify store assignment for repository candidate interface com.yts.revaux.ntQuote.repository.NtQuoteProjectConsiderationRepository; If you want this repository to be a JDBC repository, consider annotating your entities with one of these annotations: org.springframework.data.relational.core.mapping.Table.
2025-03-06 18:22:44 [restartedMain] INFO  o.s.d.r.c.RepositoryConfigurationExtensionSupport - Spring Data JDBC - Could not safely identify store assignment for repository candidate interface com.yts.revaux.ntQuote.repository.NtQuoteProjectEstimatedTimingRepository; If you want this repository to be a JDBC repository, consider annotating your entities with one of these annotations: org.springframework.data.relational.core.mapping.Table.
2025-03-06 18:22:44 [restartedMain] INFO  o.s.d.r.c.RepositoryConfigurationExtensionSupport - Spring Data JDBC - Could not safely identify store assignment for repository candidate interface com.yts.revaux.ntQuote.repository.QuoteLabourRateRepository; If you want this repository to be a JDBC repository, consider annotating your entities with one of these annotations: org.springframework.data.relational.core.mapping.Table.
2025-03-06 18:22:44 [restartedMain] INFO  o.s.d.r.c.RepositoryConfigurationExtensionSupport - Spring Data JDBC - Could not safely identify store assignment for repository candidate interface com.yts.revaux.ntQuote.repository.QuoteMachineEfficiencyRepository; If you want this repository to be a JDBC repository, consider annotating your entities with one of these annotations: org.springframework.data.relational.core.mapping.Table.
2025-03-06 18:22:44 [restartedMain] INFO  o.s.d.r.c.RepositoryConfigurationExtensionSupport - Spring Data JDBC - Could not safely identify store assignment for repository candidate interface com.yts.revaux.ntQuote.repository.QuoteMachineSetupRepository; If you want this repository to be a JDBC repository, consider annotating your entities with one of these annotations: org.springframework.data.relational.core.mapping.Table.
2025-03-06 18:22:44 [restartedMain] INFO  o.s.d.r.c.RepositoryConfigurationExtensionSupport - Spring Data JDBC - Could not safely identify store assignment for repository candidate interface com.yts.revaux.ntQuote.repository.QuoteMaterialMarkupRepository; If you want this repository to be a JDBC repository, consider annotating your entities with one of these annotations: org.springframework.data.relational.core.mapping.Table.
2025-03-06 18:22:44 [restartedMain] INFO  o.s.d.r.c.RepositoryConfigurationExtensionSupport - Spring Data JDBC - Could not safely identify store assignment for repository candidate interface com.yts.revaux.ntQuote.repository.QuoteProfitRepository; If you want this repository to be a JDBC repository, consider annotating your entities with one of these annotations: org.springframework.data.relational.core.mapping.Table.
2025-03-06 18:22:44 [restartedMain] INFO  o.s.d.r.c.RepositoryConfigurationExtensionSupport - Spring Data JDBC - Could not safely identify store assignment for repository candidate interface com.yts.revaux.ntQuote.repository.QuoteScrapRateRepository; If you want this repository to be a JDBC repository, consider annotating your entities with one of these annotations: org.springframework.data.relational.core.mapping.Table.
2025-03-06 18:22:44 [restartedMain] INFO  o.s.d.r.c.RepositoryConfigurationExtensionSupport - Spring Data JDBC - Could not safely identify store assignment for repository candidate interface com.yts.revaux.ntQuote.repository.QuoteSgaRateRepository; If you want this repository to be a JDBC repository, consider annotating your entities with one of these annotations: org.springframework.data.relational.core.mapping.Table.
2025-03-06 18:22:44 [restartedMain] INFO  o.s.d.r.c.RepositoryConfigurationDelegate - Finished Spring Data repository scanning in 8 ms. Found 0 JDBC repository interfaces.
2025-03-06 18:22:44 [restartedMain] INFO  o.s.d.r.c.RepositoryConfigurationDelegate - Multiple Spring Data modules found, entering strict repository configuration mode
2025-03-06 18:22:44 [restartedMain] INFO  o.s.d.r.c.RepositoryConfigurationDelegate - Bootstrapping Spring Data JPA repositories in DEFAULT mode.
2025-03-06 18:22:44 [restartedMain] INFO  o.s.d.r.c.RepositoryConfigurationDelegate - Finished Spring Data repository scanning in 11 ms. Found 16 JPA repository interfaces.
2025-03-06 18:22:44 [restartedMain] INFO  o.s.d.r.c.RepositoryConfigurationDelegate - Multiple Spring Data modules found, entering strict repository configuration mode
2025-03-06 18:22:44 [restartedMain] INFO  o.s.d.r.c.RepositoryConfigurationDelegate - Bootstrapping Spring Data Redis repositories in DEFAULT mode.
2025-03-06 18:22:44 [restartedMain] INFO  o.s.d.r.c.RepositoryConfigurationExtensionSupport - Spring Data Redis - Could not safely identify store assignment for repository candidate interface com.yts.revaux.admin.repository.AdminRepository; If you want this repository to be a Redis repository, consider annotating your entities with one of these annotations: org.springframework.data.redis.core.RedisHash (preferred), or consider extending one of the following types with your repository: org.springframework.data.keyvalue.repository.KeyValueRepository
2025-03-06 18:22:44 [restartedMain] INFO  o.s.d.r.c.RepositoryConfigurationExtensionSupport - Spring Data Redis - Could not safely identify store assignment for repository candidate interface com.yts.revaux.admin.repository.UserRepository; If you want this repository to be a Redis repository, consider annotating your entities with one of these annotations: org.springframework.data.redis.core.RedisHash (preferred), or consider extending one of the following types with your repository: org.springframework.data.keyvalue.repository.KeyValueRepository
2025-03-06 18:22:44 [restartedMain] INFO  o.s.d.r.c.RepositoryConfigurationExtensionSupport - Spring Data Redis - Could not safely identify store assignment for repository candidate interface com.yts.revaux.ntQuote.repository.NTQuoteListRepository; If you want this repository to be a Redis repository, consider annotating your entities with one of these annotations: org.springframework.data.redis.core.RedisHash (preferred), or consider extending one of the following types with your repository: org.springframework.data.keyvalue.repository.KeyValueRepository
2025-03-06 18:22:44 [restartedMain] INFO  o.s.d.r.c.RepositoryConfigurationExtensionSupport - Spring Data Redis - Could not safely identify store assignment for repository candidate interface com.yts.revaux.ntQuote.repository.NtQuoteComponentDetailRepository; If you want this repository to be a Redis repository, consider annotating your entities with one of these annotations: org.springframework.data.redis.core.RedisHash (preferred), or consider extending one of the following types with your repository: org.springframework.data.keyvalue.repository.KeyValueRepository
2025-03-06 18:22:44 [restartedMain] INFO  o.s.d.r.c.RepositoryConfigurationExtensionSupport - Spring Data Redis - Could not safely identify store assignment for repository candidate interface com.yts.revaux.ntQuote.repository.NtQuoteContactReviewInformationRepository; If you want this repository to be a Redis repository, consider annotating your entities with one of these annotations: org.springframework.data.redis.core.RedisHash (preferred), or consider extending one of the following types with your repository: org.springframework.data.keyvalue.repository.KeyValueRepository
2025-03-06 18:22:44 [restartedMain] INFO  o.s.d.r.c.RepositoryConfigurationExtensionSupport - Spring Data Redis - Could not safely identify store assignment for repository candidate interface com.yts.revaux.ntQuote.repository.NtQuoteCostOverviewCustomerInputOutputRepository; If you want this repository to be a Redis repository, consider annotating your entities with one of these annotations: org.springframework.data.redis.core.RedisHash (preferred), or consider extending one of the following types with your repository: org.springframework.data.keyvalue.repository.KeyValueRepository
2025-03-06 18:22:44 [restartedMain] INFO  o.s.d.r.c.RepositoryConfigurationExtensionSupport - Spring Data Redis - Could not safely identify store assignment for repository candidate interface com.yts.revaux.ntQuote.repository.NtQuoteCustomerProjectRepository; If you want this repository to be a Redis repository, consider annotating your entities with one of these annotations: org.springframework.data.redis.core.RedisHash (preferred), or consider extending one of the following types with your repository: org.springframework.data.keyvalue.repository.KeyValueRepository
2025-03-06 18:22:44 [restartedMain] INFO  o.s.d.r.c.RepositoryConfigurationExtensionSupport - Spring Data Redis - Could not safely identify store assignment for repository candidate interface com.yts.revaux.ntQuote.repository.NtQuoteProjectConsiderationRepository; If you want this repository to be a Redis repository, consider annotating your entities with one of these annotations: org.springframework.data.redis.core.RedisHash (preferred), or consider extending one of the following types with your repository: org.springframework.data.keyvalue.repository.KeyValueRepository
2025-03-06 18:22:44 [restartedMain] INFO  o.s.d.r.c.RepositoryConfigurationExtensionSupport - Spring Data Redis - Could not safely identify store assignment for repository candidate interface com.yts.revaux.ntQuote.repository.NtQuoteProjectEstimatedTimingRepository; If you want this repository to be a Redis repository, consider annotating your entities with one of these annotations: org.springframework.data.redis.core.RedisHash (preferred), or consider extending one of the following types with your repository: org.springframework.data.keyvalue.repository.KeyValueRepository
2025-03-06 18:22:44 [restartedMain] INFO  o.s.d.r.c.RepositoryConfigurationExtensionSupport - Spring Data Redis - Could not safely identify store assignment for repository candidate interface com.yts.revaux.ntQuote.repository.QuoteLabourRateRepository; If you want this repository to be a Redis repository, consider annotating your entities with one of these annotations: org.springframework.data.redis.core.RedisHash (preferred), or consider extending one of the following types with your repository: org.springframework.data.keyvalue.repository.KeyValueRepository
2025-03-06 18:22:44 [restartedMain] INFO  o.s.d.r.c.RepositoryConfigurationExtensionSupport - Spring Data Redis - Could not safely identify store assignment for repository candidate interface com.yts.revaux.ntQuote.repository.QuoteMachineEfficiencyRepository; If you want this repository to be a Redis repository, consider annotating your entities with one of these annotations: org.springframework.data.redis.core.RedisHash (preferred), or consider extending one of the following types with your repository: org.springframework.data.keyvalue.repository.KeyValueRepository
2025-03-06 18:22:44 [restartedMain] INFO  o.s.d.r.c.RepositoryConfigurationExtensionSupport - Spring Data Redis - Could not safely identify store assignment for repository candidate interface com.yts.revaux.ntQuote.repository.QuoteMachineSetupRepository; If you want this repository to be a Redis repository, consider annotating your entities with one of these annotations: org.springframework.data.redis.core.RedisHash (preferred), or consider extending one of the following types with your repository: org.springframework.data.keyvalue.repository.KeyValueRepository
2025-03-06 18:22:44 [restartedMain] INFO  o.s.d.r.c.RepositoryConfigurationExtensionSupport - Spring Data Redis - Could not safely identify store assignment for repository candidate interface com.yts.revaux.ntQuote.repository.QuoteMaterialMarkupRepository; If you want this repository to be a Redis repository, consider annotating your entities with one of these annotations: org.springframework.data.redis.core.RedisHash (preferred), or consider extending one of the following types with your repository: org.springframework.data.keyvalue.repository.KeyValueRepository
2025-03-06 18:22:44 [restartedMain] INFO  o.s.d.r.c.RepositoryConfigurationExtensionSupport - Spring Data Redis - Could not safely identify store assignment for repository candidate interface com.yts.revaux.ntQuote.repository.QuoteProfitRepository; If you want this repository to be a Redis repository, consider annotating your entities with one of these annotations: org.springframework.data.redis.core.RedisHash (preferred), or consider extending one of the following types with your repository: org.springframework.data.keyvalue.repository.KeyValueRepository
2025-03-06 18:22:44 [restartedMain] INFO  o.s.d.r.c.RepositoryConfigurationExtensionSupport - Spring Data Redis - Could not safely identify store assignment for repository candidate interface com.yts.revaux.ntQuote.repository.QuoteScrapRateRepository; If you want this repository to be a Redis repository, consider annotating your entities with one of these annotations: org.springframework.data.redis.core.RedisHash (preferred), or consider extending one of the following types with your repository: org.springframework.data.keyvalue.repository.KeyValueRepository
2025-03-06 18:22:44 [restartedMain] INFO  o.s.d.r.c.RepositoryConfigurationExtensionSupport - Spring Data Redis - Could not safely identify store assignment for repository candidate interface com.yts.revaux.ntQuote.repository.QuoteSgaRateRepository; If you want this repository to be a Redis repository, consider annotating your entities with one of these annotations: org.springframework.data.redis.core.RedisHash (preferred), or consider extending one of the following types with your repository: org.springframework.data.keyvalue.repository.KeyValueRepository
2025-03-06 18:22:44 [restartedMain] INFO  o.s.d.r.c.RepositoryConfigurationDelegate - Finished Spring Data repository scanning in 2 ms. Found 0 Redis repository interfaces.
2025-03-06 18:22:44 [restartedMain] INFO  o.s.b.w.e.tomcat.TomcatWebServer - Tomcat initialized with port 8080 (http)
2025-03-06 18:22:44 [restartedMain] INFO  o.a.coyote.http11.Http11NioProtocol - Initializing ProtocolHandler ["http-nio-8080"]
2025-03-06 18:22:44 [restartedMain] INFO  o.a.catalina.core.StandardService - Starting service [Tomcat]
2025-03-06 18:22:44 [restartedMain] INFO  o.a.catalina.core.StandardEngine - Starting Servlet engine: [Apache Tomcat/10.1.36]
2025-03-06 18:22:44 [restartedMain] INFO  o.a.c.c.C.[.[localhost].[/rev-aux] - Initializing Spring embedded WebApplicationContext
2025-03-06 18:22:44 [restartedMain] INFO  o.s.b.w.s.c.ServletWebServerApplicationContext - Root WebApplicationContext: initialization completed in 183 ms
2025-03-06 18:22:44 [restartedMain] INFO  o.h.jpa.internal.util.LogHelper - HHH000204: Processing PersistenceUnitInfo [name: default]
2025-03-06 18:22:44 [restartedMain] INFO  o.h.c.i.RegionFactoryInitiator - HHH000026: Second-level cache disabled
2025-03-06 18:22:44 [restartedMain] INFO  o.s.o.j.p.SpringPersistenceUnitInfo - No LoadTimeWeaver setup: ignoring JPA class transformer
2025-03-06 18:22:44 [restartedMain] INFO  com.zaxxer.hikari.HikariDataSource - HikariPool-11 - Starting...
2025-03-06 18:22:44 [restartedMain] INFO  com.zaxxer.hikari.pool.HikariPool - HikariPool-11 - Added connection org.postgresql.jdbc.PgConnection@7950e6b6
2025-03-06 18:22:44 [restartedMain] INFO  com.zaxxer.hikari.HikariDataSource - HikariPool-11 - Start completed.
2025-03-06 18:22:44 [restartedMain] INFO  o.hibernate.orm.connections.pooling - HHH10001005: Database info:
	Database JDBC URL [Connecting through datasource 'HikariDataSource (HikariPool-11)']
	Database driver: undefined/unknown
	Database version: 14.17
	Autocommit mode: undefined/unknown
	Isolation level: undefined/unknown
	Minimum pool size: undefined/unknown
	Maximum pool size: undefined/unknown
2025-03-06 18:22:44 [restartedMain] INFO  o.h.e.t.j.p.i.JtaPlatformInitiator - HHH000489: No JTA platform available (set 'hibernate.transaction.jta.platform' to enable JTA platform integration)
2025-03-06 18:22:45 [restartedMain] INFO  o.s.o.j.LocalContainerEntityManagerFactoryBean - Initialized JPA EntityManagerFactory for persistence unit 'default'
2025-03-06 18:22:46 [restartedMain] WARN  o.s.b.a.o.j.JpaBaseConfiguration$JpaWebConfiguration - spring.jpa.open-in-view is enabled by default. Therefore, database queries may be performed during view rendering. Explicitly configure spring.jpa.open-in-view to disable this warning
2025-03-06 18:22:46 [restartedMain] INFO  o.s.s.c.a.a.c.InitializeUserDetailsBeanManagerConfigurer$InitializeUserDetailsManagerConfigurer - Global AuthenticationManager configured with UserDetailsService bean with name customUserDetailsService
2025-03-06 18:22:46 [restartedMain] INFO  o.s.b.d.a.OptionalLiveReloadServer - LiveReload server is running on port 35729
2025-03-06 18:22:46 [restartedMain] INFO  o.a.coyote.http11.Http11NioProtocol - Starting ProtocolHandler ["http-nio-8080"]
2025-03-06 18:22:46 [restartedMain] INFO  o.s.b.w.e.tomcat.TomcatWebServer - Tomcat started on port 8080 (http) with context path '/rev-aux'
2025-03-06 18:22:46 [restartedMain] INFO  com.yts.revaux.RevAuxApplication - Started RevAuxApplication in 2.213 seconds (process running for 3310.529)
2025-03-06 18:22:46 [restartedMain] INFO  o.s.b.d.a.ConditionEvaluationDeltaLoggingListener - Condition evaluation unchanged
2025-03-06 18:22:46 [http-nio-8080-exec-1] INFO  o.a.c.c.C.[.[localhost].[/rev-aux] - Initializing Spring DispatcherServlet 'dispatcherServlet'
2025-03-06 18:22:46 [http-nio-8080-exec-1] INFO  o.s.web.servlet.DispatcherServlet - Initializing Servlet 'dispatcherServlet'
2025-03-06 18:22:46 [http-nio-8080-exec-1] INFO  o.s.web.servlet.DispatcherServlet - Completed initialization in 1 ms
2025-03-06 18:22:46 [http-nio-8080-exec-1] WARN  c.y.r.config.JwtAuthenticationFilter - ❌ No valid JWT token found in cookies!
2025-03-06 18:22:46 [http-nio-8080-exec-3] WARN  c.y.r.config.JwtAuthenticationFilter - ❌ No valid JWT token found in cookies!
2025-03-06 18:22:46 [http-nio-8080-exec-2] WARN  c.y.r.config.JwtAuthenticationFilter - ❌ No valid JWT token found in cookies!
2025-03-06 18:22:46 [http-nio-8080-exec-4] WARN  c.y.r.config.JwtAuthenticationFilter - ❌ No valid JWT token found in cookies!
2025-03-06 18:22:46 [http-nio-8080-exec-5] WARN  c.y.r.config.JwtAuthenticationFilter - ❌ No valid JWT token found in cookies!
2025-03-06 18:22:46 [http-nio-8080-exec-6] WARN  c.y.r.config.JwtAuthenticationFilter - ❌ No valid JWT token found in cookies!
2025-03-06 18:22:46 [http-nio-8080-exec-7] WARN  c.y.r.config.JwtAuthenticationFilter - ❌ No valid JWT token found in cookies!
2025-03-06 18:22:46 [http-nio-8080-exec-8] WARN  c.y.r.config.JwtAuthenticationFilter - ❌ No valid JWT token found in cookies!
2025-03-06 18:22:46 [http-nio-8080-exec-9] WARN  c.y.r.config.JwtAuthenticationFilter - ❌ No valid JWT token found in cookies!
2025-03-06 18:22:46 [http-nio-8080-exec-10] WARN  c.y.r.config.JwtAuthenticationFilter - ❌ No valid JWT token found in cookies!
2025-03-06 18:22:47 [File Watcher] INFO  o.s.b.d.a.LocalDevToolsAutoConfiguration$RestartingClassPathChangeChangedEventListener - Restarting due to 1 class path change (0 additions, 0 deletions, 1 modification)
2025-03-06 18:22:47 [Thread-61] INFO  o.s.b.w.e.tomcat.GracefulShutdown - Commencing graceful shutdown. Waiting for active requests to complete
2025-03-06 18:22:47 [tomcat-shutdown] INFO  o.a.coyote.http11.Http11NioProtocol - Pausing ProtocolHandler ["http-nio-8080"]
2025-03-06 18:22:47 [tomcat-shutdown] INFO  o.s.b.w.e.tomcat.GracefulShutdown - Graceful shutdown complete
2025-03-06 18:22:47 [Thread-61] INFO  o.a.coyote.http11.Http11NioProtocol - Stopping ProtocolHandler ["http-nio-8080"]
2025-03-06 18:22:47 [Thread-61] INFO  o.s.o.j.LocalContainerEntityManagerFactoryBean - Closing JPA EntityManagerFactory for persistence unit 'default'
2025-03-06 18:22:47 [Thread-61] INFO  com.zaxxer.hikari.HikariDataSource - HikariPool-11 - Shutdown initiated...
2025-03-06 18:22:47 [Thread-61] INFO  com.zaxxer.hikari.HikariDataSource - HikariPool-11 - Shutdown completed.
2025-03-06 18:22:47 [restartedMain] INFO  com.yts.revaux.RevAuxApplication - Starting RevAuxApplication using Java 21.0.5 with PID 63896 (/home/yts125/Desktop/LatestNtQuote_March6/rev-aux/target/classes started by yts125 in /home/yts125/Desktop/LatestNtQuote_March6/rev-aux)
2025-03-06 18:22:47 [restartedMain] INFO  com.yts.revaux.RevAuxApplication - The following 1 profile is active: "dev"
2025-03-06 18:22:47 [restartedMain] INFO  o.s.d.r.c.RepositoryConfigurationDelegate - Multiple Spring Data modules found, entering strict repository configuration mode
2025-03-06 18:22:47 [restartedMain] INFO  o.s.d.r.c.RepositoryConfigurationDelegate - Bootstrapping Spring Data JDBC repositories in DEFAULT mode.
2025-03-06 18:22:47 [restartedMain] INFO  o.s.d.r.c.RepositoryConfigurationExtensionSupport - Spring Data JDBC - Could not safely identify store assignment for repository candidate interface com.yts.revaux.admin.repository.AdminRepository; If you want this repository to be a JDBC repository, consider annotating your entities with one of these annotations: org.springframework.data.relational.core.mapping.Table.
2025-03-06 18:22:47 [restartedMain] INFO  o.s.d.r.c.RepositoryConfigurationExtensionSupport - Spring Data JDBC - Could not safely identify store assignment for repository candidate interface com.yts.revaux.admin.repository.UserRepository; If you want this repository to be a JDBC repository, consider annotating your entities with one of these annotations: org.springframework.data.relational.core.mapping.Table.
2025-03-06 18:22:47 [restartedMain] INFO  o.s.d.r.c.RepositoryConfigurationExtensionSupport - Spring Data JDBC - Could not safely identify store assignment for repository candidate interface com.yts.revaux.ntQuote.repository.NTQuoteListRepository; If you want this repository to be a JDBC repository, consider annotating your entities with one of these annotations: org.springframework.data.relational.core.mapping.Table.
2025-03-06 18:22:47 [restartedMain] INFO  o.s.d.r.c.RepositoryConfigurationExtensionSupport - Spring Data JDBC - Could not safely identify store assignment for repository candidate interface com.yts.revaux.ntQuote.repository.NtQuoteComponentDetailRepository; If you want this repository to be a JDBC repository, consider annotating your entities with one of these annotations: org.springframework.data.relational.core.mapping.Table.
2025-03-06 18:22:47 [restartedMain] INFO  o.s.d.r.c.RepositoryConfigurationExtensionSupport - Spring Data JDBC - Could not safely identify store assignment for repository candidate interface com.yts.revaux.ntQuote.repository.NtQuoteContactReviewInformationRepository; If you want this repository to be a JDBC repository, consider annotating your entities with one of these annotations: org.springframework.data.relational.core.mapping.Table.
2025-03-06 18:22:47 [restartedMain] INFO  o.s.d.r.c.RepositoryConfigurationExtensionSupport - Spring Data JDBC - Could not safely identify store assignment for repository candidate interface com.yts.revaux.ntQuote.repository.NtQuoteCostOverviewCustomerInputOutputRepository; If you want this repository to be a JDBC repository, consider annotating your entities with one of these annotations: org.springframework.data.relational.core.mapping.Table.
2025-03-06 18:22:47 [restartedMain] INFO  o.s.d.r.c.RepositoryConfigurationExtensionSupport - Spring Data JDBC - Could not safely identify store assignment for repository candidate interface com.yts.revaux.ntQuote.repository.NtQuoteCustomerProjectRepository; If you want this repository to be a JDBC repository, consider annotating your entities with one of these annotations: org.springframework.data.relational.core.mapping.Table.
2025-03-06 18:22:47 [restartedMain] INFO  o.s.d.r.c.RepositoryConfigurationExtensionSupport - Spring Data JDBC - Could not safely identify store assignment for repository candidate interface com.yts.revaux.ntQuote.repository.NtQuoteProjectConsiderationRepository; If you want this repository to be a JDBC repository, consider annotating your entities with one of these annotations: org.springframework.data.relational.core.mapping.Table.
2025-03-06 18:22:47 [restartedMain] INFO  o.s.d.r.c.RepositoryConfigurationExtensionSupport - Spring Data JDBC - Could not safely identify store assignment for repository candidate interface com.yts.revaux.ntQuote.repository.NtQuoteProjectEstimatedTimingRepository; If you want this repository to be a JDBC repository, consider annotating your entities with one of these annotations: org.springframework.data.relational.core.mapping.Table.
2025-03-06 18:22:47 [restartedMain] INFO  o.s.d.r.c.RepositoryConfigurationExtensionSupport - Spring Data JDBC - Could not safely identify store assignment for repository candidate interface com.yts.revaux.ntQuote.repository.QuoteLabourRateRepository; If you want this repository to be a JDBC repository, consider annotating your entities with one of these annotations: org.springframework.data.relational.core.mapping.Table.
2025-03-06 18:22:47 [restartedMain] INFO  o.s.d.r.c.RepositoryConfigurationExtensionSupport - Spring Data JDBC - Could not safely identify store assignment for repository candidate interface com.yts.revaux.ntQuote.repository.QuoteMachineEfficiencyRepository; If you want this repository to be a JDBC repository, consider annotating your entities with one of these annotations: org.springframework.data.relational.core.mapping.Table.
2025-03-06 18:22:47 [restartedMain] INFO  o.s.d.r.c.RepositoryConfigurationExtensionSupport - Spring Data JDBC - Could not safely identify store assignment for repository candidate interface com.yts.revaux.ntQuote.repository.QuoteMachineSetupRepository; If you want this repository to be a JDBC repository, consider annotating your entities with one of these annotations: org.springframework.data.relational.core.mapping.Table.
2025-03-06 18:22:47 [restartedMain] INFO  o.s.d.r.c.RepositoryConfigurationExtensionSupport - Spring Data JDBC - Could not safely identify store assignment for repository candidate interface com.yts.revaux.ntQuote.repository.QuoteMaterialMarkupRepository; If you want this repository to be a JDBC repository, consider annotating your entities with one of these annotations: org.springframework.data.relational.core.mapping.Table.
2025-03-06 18:22:47 [restartedMain] INFO  o.s.d.r.c.RepositoryConfigurationExtensionSupport - Spring Data JDBC - Could not safely identify store assignment for repository candidate interface com.yts.revaux.ntQuote.repository.QuoteProfitRepository; If you want this repository to be a JDBC repository, consider annotating your entities with one of these annotations: org.springframework.data.relational.core.mapping.Table.
2025-03-06 18:22:47 [restartedMain] INFO  o.s.d.r.c.RepositoryConfigurationExtensionSupport - Spring Data JDBC - Could not safely identify store assignment for repository candidate interface com.yts.revaux.ntQuote.repository.QuoteScrapRateRepository; If you want this repository to be a JDBC repository, consider annotating your entities with one of these annotations: org.springframework.data.relational.core.mapping.Table.
2025-03-06 18:22:47 [restartedMain] INFO  o.s.d.r.c.RepositoryConfigurationExtensionSupport - Spring Data JDBC - Could not safely identify store assignment for repository candidate interface com.yts.revaux.ntQuote.repository.QuoteSgaRateRepository; If you want this repository to be a JDBC repository, consider annotating your entities with one of these annotations: org.springframework.data.relational.core.mapping.Table.
2025-03-06 18:22:47 [restartedMain] INFO  o.s.d.r.c.RepositoryConfigurationDelegate - Finished Spring Data repository scanning in 7 ms. Found 0 JDBC repository interfaces.
2025-03-06 18:22:47 [restartedMain] INFO  o.s.d.r.c.RepositoryConfigurationDelegate - Multiple Spring Data modules found, entering strict repository configuration mode
2025-03-06 18:22:47 [restartedMain] INFO  o.s.d.r.c.RepositoryConfigurationDelegate - Bootstrapping Spring Data JPA repositories in DEFAULT mode.
2025-03-06 18:22:47 [restartedMain] INFO  o.s.d.r.c.RepositoryConfigurationDelegate - Finished Spring Data repository scanning in 10 ms. Found 16 JPA repository interfaces.
2025-03-06 18:22:47 [restartedMain] INFO  o.s.d.r.c.RepositoryConfigurationDelegate - Multiple Spring Data modules found, entering strict repository configuration mode
2025-03-06 18:22:47 [restartedMain] INFO  o.s.d.r.c.RepositoryConfigurationDelegate - Bootstrapping Spring Data Redis repositories in DEFAULT mode.
2025-03-06 18:22:47 [restartedMain] INFO  o.s.d.r.c.RepositoryConfigurationExtensionSupport - Spring Data Redis - Could not safely identify store assignment for repository candidate interface com.yts.revaux.admin.repository.AdminRepository; If you want this repository to be a Redis repository, consider annotating your entities with one of these annotations: org.springframework.data.redis.core.RedisHash (preferred), or consider extending one of the following types with your repository: org.springframework.data.keyvalue.repository.KeyValueRepository
2025-03-06 18:22:47 [restartedMain] INFO  o.s.d.r.c.RepositoryConfigurationExtensionSupport - Spring Data Redis - Could not safely identify store assignment for repository candidate interface com.yts.revaux.admin.repository.UserRepository; If you want this repository to be a Redis repository, consider annotating your entities with one of these annotations: org.springframework.data.redis.core.RedisHash (preferred), or consider extending one of the following types with your repository: org.springframework.data.keyvalue.repository.KeyValueRepository
2025-03-06 18:22:47 [restartedMain] INFO  o.s.d.r.c.RepositoryConfigurationExtensionSupport - Spring Data Redis - Could not safely identify store assignment for repository candidate interface com.yts.revaux.ntQuote.repository.NTQuoteListRepository; If you want this repository to be a Redis repository, consider annotating your entities with one of these annotations: org.springframework.data.redis.core.RedisHash (preferred), or consider extending one of the following types with your repository: org.springframework.data.keyvalue.repository.KeyValueRepository
2025-03-06 18:22:47 [restartedMain] INFO  o.s.d.r.c.RepositoryConfigurationExtensionSupport - Spring Data Redis - Could not safely identify store assignment for repository candidate interface com.yts.revaux.ntQuote.repository.NtQuoteComponentDetailRepository; If you want this repository to be a Redis repository, consider annotating your entities with one of these annotations: org.springframework.data.redis.core.RedisHash (preferred), or consider extending one of the following types with your repository: org.springframework.data.keyvalue.repository.KeyValueRepository
2025-03-06 18:22:47 [restartedMain] INFO  o.s.d.r.c.RepositoryConfigurationExtensionSupport - Spring Data Redis - Could not safely identify store assignment for repository candidate interface com.yts.revaux.ntQuote.repository.NtQuoteContactReviewInformationRepository; If you want this repository to be a Redis repository, consider annotating your entities with one of these annotations: org.springframework.data.redis.core.RedisHash (preferred), or consider extending one of the following types with your repository: org.springframework.data.keyvalue.repository.KeyValueRepository
2025-03-06 18:22:47 [restartedMain] INFO  o.s.d.r.c.RepositoryConfigurationExtensionSupport - Spring Data Redis - Could not safely identify store assignment for repository candidate interface com.yts.revaux.ntQuote.repository.NtQuoteCostOverviewCustomerInputOutputRepository; If you want this repository to be a Redis repository, consider annotating your entities with one of these annotations: org.springframework.data.redis.core.RedisHash (preferred), or consider extending one of the following types with your repository: org.springframework.data.keyvalue.repository.KeyValueRepository
2025-03-06 18:22:47 [restartedMain] INFO  o.s.d.r.c.RepositoryConfigurationExtensionSupport - Spring Data Redis - Could not safely identify store assignment for repository candidate interface com.yts.revaux.ntQuote.repository.NtQuoteCustomerProjectRepository; If you want this repository to be a Redis repository, consider annotating your entities with one of these annotations: org.springframework.data.redis.core.RedisHash (preferred), or consider extending one of the following types with your repository: org.springframework.data.keyvalue.repository.KeyValueRepository
2025-03-06 18:22:47 [restartedMain] INFO  o.s.d.r.c.RepositoryConfigurationExtensionSupport - Spring Data Redis - Could not safely identify store assignment for repository candidate interface com.yts.revaux.ntQuote.repository.NtQuoteProjectConsiderationRepository; If you want this repository to be a Redis repository, consider annotating your entities with one of these annotations: org.springframework.data.redis.core.RedisHash (preferred), or consider extending one of the following types with your repository: org.springframework.data.keyvalue.repository.KeyValueRepository
2025-03-06 18:22:47 [restartedMain] INFO  o.s.d.r.c.RepositoryConfigurationExtensionSupport - Spring Data Redis - Could not safely identify store assignment for repository candidate interface com.yts.revaux.ntQuote.repository.NtQuoteProjectEstimatedTimingRepository; If you want this repository to be a Redis repository, consider annotating your entities with one of these annotations: org.springframework.data.redis.core.RedisHash (preferred), or consider extending one of the following types with your repository: org.springframework.data.keyvalue.repository.KeyValueRepository
2025-03-06 18:22:47 [restartedMain] INFO  o.s.d.r.c.RepositoryConfigurationExtensionSupport - Spring Data Redis - Could not safely identify store assignment for repository candidate interface com.yts.revaux.ntQuote.repository.QuoteLabourRateRepository; If you want this repository to be a Redis repository, consider annotating your entities with one of these annotations: org.springframework.data.redis.core.RedisHash (preferred), or consider extending one of the following types with your repository: org.springframework.data.keyvalue.repository.KeyValueRepository
2025-03-06 18:22:47 [restartedMain] INFO  o.s.d.r.c.RepositoryConfigurationExtensionSupport - Spring Data Redis - Could not safely identify store assignment for repository candidate interface com.yts.revaux.ntQuote.repository.QuoteMachineEfficiencyRepository; If you want this repository to be a Redis repository, consider annotating your entities with one of these annotations: org.springframework.data.redis.core.RedisHash (preferred), or consider extending one of the following types with your repository: org.springframework.data.keyvalue.repository.KeyValueRepository
2025-03-06 18:22:47 [restartedMain] INFO  o.s.d.r.c.RepositoryConfigurationExtensionSupport - Spring Data Redis - Could not safely identify store assignment for repository candidate interface com.yts.revaux.ntQuote.repository.QuoteMachineSetupRepository; If you want this repository to be a Redis repository, consider annotating your entities with one of these annotations: org.springframework.data.redis.core.RedisHash (preferred), or consider extending one of the following types with your repository: org.springframework.data.keyvalue.repository.KeyValueRepository
2025-03-06 18:22:47 [restartedMain] INFO  o.s.d.r.c.RepositoryConfigurationExtensionSupport - Spring Data Redis - Could not safely identify store assignment for repository candidate interface com.yts.revaux.ntQuote.repository.QuoteMaterialMarkupRepository; If you want this repository to be a Redis repository, consider annotating your entities with one of these annotations: org.springframework.data.redis.core.RedisHash (preferred), or consider extending one of the following types with your repository: org.springframework.data.keyvalue.repository.KeyValueRepository
2025-03-06 18:22:47 [restartedMain] INFO  o.s.d.r.c.RepositoryConfigurationExtensionSupport - Spring Data Redis - Could not safely identify store assignment for repository candidate interface com.yts.revaux.ntQuote.repository.QuoteProfitRepository; If you want this repository to be a Redis repository, consider annotating your entities with one of these annotations: org.springframework.data.redis.core.RedisHash (preferred), or consider extending one of the following types with your repository: org.springframework.data.keyvalue.repository.KeyValueRepository
2025-03-06 18:22:47 [restartedMain] INFO  o.s.d.r.c.RepositoryConfigurationExtensionSupport - Spring Data Redis - Could not safely identify store assignment for repository candidate interface com.yts.revaux.ntQuote.repository.QuoteScrapRateRepository; If you want this repository to be a Redis repository, consider annotating your entities with one of these annotations: org.springframework.data.redis.core.RedisHash (preferred), or consider extending one of the following types with your repository: org.springframework.data.keyvalue.repository.KeyValueRepository
2025-03-06 18:22:47 [restartedMain] INFO  o.s.d.r.c.RepositoryConfigurationExtensionSupport - Spring Data Redis - Could not safely identify store assignment for repository candidate interface com.yts.revaux.ntQuote.repository.QuoteSgaRateRepository; If you want this repository to be a Redis repository, consider annotating your entities with one of these annotations: org.springframework.data.redis.core.RedisHash (preferred), or consider extending one of the following types with your repository: org.springframework.data.keyvalue.repository.KeyValueRepository
2025-03-06 18:22:47 [restartedMain] INFO  o.s.d.r.c.RepositoryConfigurationDelegate - Finished Spring Data repository scanning in 2 ms. Found 0 Redis repository interfaces.
2025-03-06 18:22:48 [restartedMain] INFO  o.s.b.w.e.tomcat.TomcatWebServer - Tomcat initialized with port 8080 (http)
2025-03-06 18:22:48 [restartedMain] INFO  o.a.coyote.http11.Http11NioProtocol - Initializing ProtocolHandler ["http-nio-8080"]
2025-03-06 18:22:48 [restartedMain] INFO  o.a.catalina.core.StandardService - Starting service [Tomcat]
2025-03-06 18:22:48 [restartedMain] INFO  o.a.catalina.core.StandardEngine - Starting Servlet engine: [Apache Tomcat/10.1.36]
2025-03-06 18:22:48 [restartedMain] INFO  o.a.c.c.C.[.[localhost].[/rev-aux] - Initializing Spring embedded WebApplicationContext
2025-03-06 18:22:48 [restartedMain] INFO  o.s.b.w.s.c.ServletWebServerApplicationContext - Root WebApplicationContext: initialization completed in 158 ms
2025-03-06 18:22:48 [restartedMain] INFO  o.h.jpa.internal.util.LogHelper - HHH000204: Processing PersistenceUnitInfo [name: default]
2025-03-06 18:22:48 [restartedMain] INFO  o.h.c.i.RegionFactoryInitiator - HHH000026: Second-level cache disabled
2025-03-06 18:22:48 [restartedMain] INFO  o.s.o.j.p.SpringPersistenceUnitInfo - No LoadTimeWeaver setup: ignoring JPA class transformer
2025-03-06 18:22:48 [restartedMain] INFO  com.zaxxer.hikari.HikariDataSource - HikariPool-12 - Starting...
2025-03-06 18:22:48 [restartedMain] INFO  com.zaxxer.hikari.pool.HikariPool - HikariPool-12 - Added connection org.postgresql.jdbc.PgConnection@6a1a786d
2025-03-06 18:22:48 [restartedMain] INFO  com.zaxxer.hikari.HikariDataSource - HikariPool-12 - Start completed.
2025-03-06 18:22:48 [restartedMain] INFO  o.hibernate.orm.connections.pooling - HHH10001005: Database info:
	Database JDBC URL [Connecting through datasource 'HikariDataSource (HikariPool-12)']
	Database driver: undefined/unknown
	Database version: 14.17
	Autocommit mode: undefined/unknown
	Isolation level: undefined/unknown
	Minimum pool size: undefined/unknown
	Maximum pool size: undefined/unknown
2025-03-06 18:22:48 [restartedMain] INFO  o.h.e.t.j.p.i.JtaPlatformInitiator - HHH000489: No JTA platform available (set 'hibernate.transaction.jta.platform' to enable JTA platform integration)
2025-03-06 18:22:49 [restartedMain] INFO  o.s.o.j.LocalContainerEntityManagerFactoryBean - Initialized JPA EntityManagerFactory for persistence unit 'default'
2025-03-06 18:22:50 [restartedMain] WARN  o.s.b.a.o.j.JpaBaseConfiguration$JpaWebConfiguration - spring.jpa.open-in-view is enabled by default. Therefore, database queries may be performed during view rendering. Explicitly configure spring.jpa.open-in-view to disable this warning
2025-03-06 18:22:50 [restartedMain] INFO  o.s.s.c.a.a.c.InitializeUserDetailsBeanManagerConfigurer$InitializeUserDetailsManagerConfigurer - Global AuthenticationManager configured with UserDetailsService bean with name customUserDetailsService
2025-03-06 18:22:50 [restartedMain] INFO  o.s.b.d.a.OptionalLiveReloadServer - LiveReload server is running on port 35729
2025-03-06 18:22:50 [restartedMain] INFO  o.a.coyote.http11.Http11NioProtocol - Starting ProtocolHandler ["http-nio-8080"]
2025-03-06 18:22:50 [restartedMain] INFO  o.s.b.w.e.tomcat.TomcatWebServer - Tomcat started on port 8080 (http) with context path '/rev-aux'
2025-03-06 18:22:50 [restartedMain] INFO  com.yts.revaux.RevAuxApplication - Started RevAuxApplication in 2.285 seconds (process running for 3314.407)
2025-03-06 18:22:50 [restartedMain] INFO  o.s.b.d.a.ConditionEvaluationDeltaLoggingListener - Condition evaluation unchanged
2025-03-06 18:22:50 [http-nio-8080-exec-1] INFO  o.a.c.c.C.[.[localhost].[/rev-aux] - Initializing Spring DispatcherServlet 'dispatcherServlet'
2025-03-06 18:22:50 [http-nio-8080-exec-1] INFO  o.s.web.servlet.DispatcherServlet - Initializing Servlet 'dispatcherServlet'
2025-03-06 18:22:50 [http-nio-8080-exec-1] INFO  o.s.web.servlet.DispatcherServlet - Completed initialization in 1 ms
2025-03-06 18:22:50 [http-nio-8080-exec-1] WARN  c.y.r.config.JwtAuthenticationFilter - ❌ No valid JWT token found in cookies!
2025-03-06 18:22:50 [http-nio-8080-exec-3] WARN  c.y.r.config.JwtAuthenticationFilter - ❌ No valid JWT token found in cookies!
2025-03-06 18:22:50 [http-nio-8080-exec-2] WARN  c.y.r.config.JwtAuthenticationFilter - ❌ No valid JWT token found in cookies!
2025-03-06 18:22:50 [http-nio-8080-exec-5] WARN  c.y.r.config.JwtAuthenticationFilter - ❌ No valid JWT token found in cookies!
2025-03-06 18:22:50 [http-nio-8080-exec-4] WARN  c.y.r.config.JwtAuthenticationFilter - ❌ No valid JWT token found in cookies!
2025-03-06 18:22:50 [http-nio-8080-exec-6] WARN  c.y.r.config.JwtAuthenticationFilter - ❌ No valid JWT token found in cookies!
2025-03-06 18:22:50 [http-nio-8080-exec-7] WARN  c.y.r.config.JwtAuthenticationFilter - ❌ No valid JWT token found in cookies!
2025-03-06 18:22:50 [http-nio-8080-exec-8] WARN  c.y.r.config.JwtAuthenticationFilter - ❌ No valid JWT token found in cookies!
2025-03-06 18:22:50 [http-nio-8080-exec-9] WARN  c.y.r.config.JwtAuthenticationFilter - ❌ No valid JWT token found in cookies!
2025-03-06 18:22:50 [http-nio-8080-exec-10] WARN  c.y.r.config.JwtAuthenticationFilter - ❌ No valid JWT token found in cookies!
2025-03-06 18:22:51 [http-nio-8080-exec-1] WARN  c.y.r.config.JwtAuthenticationFilter - ❌ No valid JWT token found in cookies!
2025-03-06 18:22:51 [http-nio-8080-exec-5] WARN  c.y.r.config.JwtAuthenticationFilter - ❌ No valid JWT token found in cookies!
2025-03-06 18:22:51 [http-nio-8080-exec-3] WARN  c.y.r.config.JwtAuthenticationFilter - ❌ No valid JWT token found in cookies!
2025-03-06 18:22:51 [http-nio-8080-exec-4] WARN  c.y.r.config.JwtAuthenticationFilter - ❌ No valid JWT token found in cookies!
2025-03-06 18:22:51 [http-nio-8080-exec-2] WARN  c.y.r.config.JwtAuthenticationFilter - ❌ No valid JWT token found in cookies!
2025-03-06 18:22:51 [http-nio-8080-exec-7] WARN  c.y.r.config.JwtAuthenticationFilter - ❌ No valid JWT token found in cookies!
2025-03-06 18:22:51 [http-nio-8080-exec-6] WARN  c.y.r.config.JwtAuthenticationFilter - ❌ No valid JWT token found in cookies!
2025-03-06 18:22:51 [http-nio-8080-exec-8] WARN  c.y.r.config.JwtAuthenticationFilter - ❌ No valid JWT token found in cookies!
2025-03-06 18:22:51 [http-nio-8080-exec-9] WARN  c.y.r.config.JwtAuthenticationFilter - ❌ No valid JWT token found in cookies!
2025-03-06 18:22:51 [http-nio-8080-exec-10] WARN  c.y.r.config.JwtAuthenticationFilter - ❌ No valid JWT token found in cookies!
2025-03-06 18:22:54 [http-nio-8080-exec-1] WARN  c.y.r.config.JwtAuthenticationFilter - ❌ No valid JWT token found in cookies!
2025-03-06 18:22:54 [http-nio-8080-exec-2] WARN  c.y.r.config.JwtAuthenticationFilter - ❌ No valid JWT token found in cookies!
2025-03-06 18:22:54 [http-nio-8080-exec-4] WARN  c.y.r.config.JwtAuthenticationFilter - ❌ No valid JWT token found in cookies!
2025-03-06 18:22:54 [http-nio-8080-exec-5] WARN  c.y.r.config.JwtAuthenticationFilter - ❌ No valid JWT token found in cookies!
2025-03-06 18:22:54 [http-nio-8080-exec-3] WARN  c.y.r.config.JwtAuthenticationFilter - ❌ No valid JWT token found in cookies!
2025-03-06 18:22:54 [http-nio-8080-exec-6] WARN  c.y.r.config.JwtAuthenticationFilter - ❌ No valid JWT token found in cookies!
2025-03-06 18:22:54 [http-nio-8080-exec-7] WARN  c.y.r.config.JwtAuthenticationFilter - ❌ No valid JWT token found in cookies!
2025-03-06 18:22:54 [http-nio-8080-exec-8] WARN  c.y.r.config.JwtAuthenticationFilter - ❌ No valid JWT token found in cookies!
2025-03-06 18:22:54 [http-nio-8080-exec-1] WARN  c.y.r.config.JwtAuthenticationFilter - ❌ No valid JWT token found in cookies!
2025-03-06 18:22:54 [http-nio-8080-exec-9] WARN  c.y.r.config.JwtAuthenticationFilter - ❌ No valid JWT token found in cookies!
2025-03-06 18:22:54 [http-nio-8080-exec-2] WARN  c.y.r.config.JwtAuthenticationFilter - ❌ No valid JWT token found in cookies!
2025-03-06 18:22:54 [http-nio-8080-exec-10] WARN  c.y.r.config.JwtAuthenticationFilter - ❌ No valid JWT token found in cookies!
2025-03-06 18:22:54 [http-nio-8080-exec-6] WARN  c.y.r.config.JwtAuthenticationFilter - ❌ No valid JWT token found in cookies!
2025-03-06 18:22:54 [http-nio-8080-exec-3] WARN  c.y.r.config.JwtAuthenticationFilter - ❌ No valid JWT token found in cookies!
2025-03-06 18:22:54 [http-nio-8080-exec-5] WARN  c.y.r.config.JwtAuthenticationFilter - ❌ No valid JWT token found in cookies!
2025-03-06 18:22:54 [http-nio-8080-exec-8] WARN  c.y.r.config.JwtAuthenticationFilter - ❌ No valid JWT token found in cookies!
2025-03-06 18:22:54 [http-nio-8080-exec-7] WARN  c.y.r.config.JwtAuthenticationFilter - ❌ No valid JWT token found in cookies!
2025-03-06 18:22:54 [http-nio-8080-exec-4] WARN  c.y.r.config.JwtAuthenticationFilter - ❌ No valid JWT token found in cookies!
2025-03-06 18:22:54 [http-nio-8080-exec-10] WARN  c.y.r.config.JwtAuthenticationFilter - ❌ No valid JWT token found in cookies!
2025-03-06 18:22:54 [http-nio-8080-exec-9] WARN  c.y.r.config.JwtAuthenticationFilter - ❌ No valid JWT token found in cookies!
2025-03-06 18:22:54 [http-nio-8080-exec-6] WARN  c.y.r.config.JwtAuthenticationFilter - ❌ No valid JWT token found in cookies!
2025-03-06 18:22:54 [http-nio-8080-exec-2] WARN  c.y.r.config.JwtAuthenticationFilter - ❌ No valid JWT token found in cookies!
2025-03-06 18:22:54 [http-nio-8080-exec-7] WARN  c.y.r.config.JwtAuthenticationFilter - ❌ No valid JWT token found in cookies!
2025-03-06 18:22:54 [http-nio-8080-exec-5] WARN  c.y.r.config.JwtAuthenticationFilter - ❌ No valid JWT token found in cookies!
2025-03-06 18:22:54 [http-nio-8080-exec-1] WARN  c.y.r.config.JwtAuthenticationFilter - ❌ No valid JWT token found in cookies!
2025-03-06 18:22:54 [http-nio-8080-exec-8] WARN  c.y.r.config.JwtAuthenticationFilter - ❌ No valid JWT token found in cookies!
2025-03-06 18:22:54 [http-nio-8080-exec-3] WARN  c.y.r.config.JwtAuthenticationFilter - ❌ No valid JWT token found in cookies!
2025-03-06 18:22:54 [http-nio-8080-exec-10] WARN  c.y.r.config.JwtAuthenticationFilter - ❌ No valid JWT token found in cookies!
2025-03-06 18:22:54 [http-nio-8080-exec-4] WARN  c.y.r.config.JwtAuthenticationFilter - ❌ No valid JWT token found in cookies!
2025-03-06 18:22:54 [http-nio-8080-exec-9] WARN  c.y.r.config.JwtAuthenticationFilter - ❌ No valid JWT token found in cookies!
2025-03-06 18:22:54 [http-nio-8080-exec-2] WARN  c.y.r.config.JwtAuthenticationFilter - ❌ No valid JWT token found in cookies!
2025-03-06 18:22:54 [http-nio-8080-exec-6] WARN  c.y.r.config.JwtAuthenticationFilter - ❌ No valid JWT token found in cookies!
2025-03-06 18:22:54 [http-nio-8080-exec-5] WARN  c.y.r.config.JwtAuthenticationFilter - ❌ No valid JWT token found in cookies!
2025-03-06 18:22:54 [http-nio-8080-exec-7] WARN  c.y.r.config.JwtAuthenticationFilter - ❌ No valid JWT token found in cookies!
2025-03-06 18:22:54 [http-nio-8080-exec-1] WARN  c.y.r.config.JwtAuthenticationFilter - ❌ No valid JWT token found in cookies!
2025-03-06 18:22:54 [http-nio-8080-exec-8] WARN  c.y.r.config.JwtAuthenticationFilter - ❌ No valid JWT token found in cookies!
2025-03-06 18:22:54 [http-nio-8080-exec-10] WARN  c.y.r.config.JwtAuthenticationFilter - ❌ No valid JWT token found in cookies!
2025-03-06 18:22:54 [http-nio-8080-exec-3] WARN  c.y.r.config.JwtAuthenticationFilter - ❌ No valid JWT token found in cookies!
2025-03-06 18:22:54 [http-nio-8080-exec-4] WARN  c.y.r.config.JwtAuthenticationFilter - ❌ No valid JWT token found in cookies!
2025-03-06 18:22:54 [http-nio-8080-exec-2] WARN  c.y.r.config.JwtAuthenticationFilter - ❌ No valid JWT token found in cookies!
2025-03-06 18:22:54 [http-nio-8080-exec-9] WARN  c.y.r.config.JwtAuthenticationFilter - ❌ No valid JWT token found in cookies!
2025-03-06 18:22:54 [http-nio-8080-exec-6] WARN  c.y.r.config.JwtAuthenticationFilter - ❌ No valid JWT token found in cookies!
2025-03-06 18:22:54 [http-nio-8080-exec-5] WARN  c.y.r.config.JwtAuthenticationFilter - ❌ No valid JWT token found in cookies!
2025-03-06 18:22:54 [http-nio-8080-exec-1] WARN  c.y.r.config.JwtAuthenticationFilter - ❌ No valid JWT token found in cookies!
2025-03-06 18:22:54 [http-nio-8080-exec-7] WARN  c.y.r.config.JwtAuthenticationFilter - ❌ No valid JWT token found in cookies!
2025-03-06 18:22:54 [http-nio-8080-exec-3] WARN  c.y.r.config.JwtAuthenticationFilter - ❌ No valid JWT token found in cookies!
2025-03-06 18:22:54 [http-nio-8080-exec-9] WARN  c.y.r.config.JwtAuthenticationFilter - ❌ No valid JWT token found in cookies!
2025-03-06 18:22:54 [http-nio-8080-exec-4] WARN  c.y.r.config.JwtAuthenticationFilter - ❌ No valid JWT token found in cookies!
2025-03-06 18:22:54 [http-nio-8080-exec-10] WARN  c.y.r.config.JwtAuthenticationFilter - ❌ No valid JWT token found in cookies!
2025-03-06 18:22:54 [http-nio-8080-exec-8] WARN  c.y.r.config.JwtAuthenticationFilter - ❌ No valid JWT token found in cookies!
2025-03-06 18:22:54 [http-nio-8080-exec-2] WARN  c.y.r.config.JwtAuthenticationFilter - ❌ No valid JWT token found in cookies!
2025-03-06 18:22:54 [http-nio-8080-exec-5] WARN  c.y.r.config.JwtAuthenticationFilter - ❌ No valid JWT token found in cookies!
2025-03-06 18:22:54 [http-nio-8080-exec-6] WARN  c.y.r.config.JwtAuthenticationFilter - ❌ No valid JWT token found in cookies!
2025-03-06 18:22:55 [http-nio-8080-exec-3] WARN  c.y.r.config.JwtAuthenticationFilter - ❌ No valid JWT token found in cookies!
2025-03-06 18:22:55 [http-nio-8080-exec-8] WARN  c.y.r.config.JwtAuthenticationFilter - ❌ No valid JWT token found in cookies!
2025-03-06 18:22:55 [http-nio-8080-exec-2] WARN  c.y.r.config.JwtAuthenticationFilter - ❌ No valid JWT token found in cookies!
2025-03-06 18:22:55 [http-nio-8080-exec-7] WARN  c.y.r.config.JwtAuthenticationFilter - ❌ No valid JWT token found in cookies!
2025-03-06 18:22:55 [http-nio-8080-exec-1] WARN  c.y.r.config.JwtAuthenticationFilter - ❌ No valid JWT token found in cookies!
2025-03-06 18:22:55 [http-nio-8080-exec-4] WARN  c.y.r.config.JwtAuthenticationFilter - ❌ No valid JWT token found in cookies!
2025-03-06 18:22:55 [http-nio-8080-exec-10] WARN  c.y.r.config.JwtAuthenticationFilter - ❌ No valid JWT token found in cookies!
2025-03-06 18:22:56 [http-nio-8080-exec-9] WARN  c.y.r.config.JwtAuthenticationFilter - ❌ No valid JWT token found in cookies!
2025-03-06 18:22:56 [http-nio-8080-exec-9] INFO  c.y.r.n.w.rest.NtQuoteListController - Fetching all NT Quotes
2025-03-06 18:22:56 [http-nio-8080-exec-6] WARN  c.y.r.config.JwtAuthenticationFilter - ❌ No valid JWT token found in cookies!
2025-03-06 18:22:57 [http-nio-8080-exec-5] WARN  c.y.r.config.JwtAuthenticationFilter - ❌ No valid JWT token found in cookies!
2025-03-06 18:23:06 [http-nio-8080-exec-8] WARN  c.y.r.config.JwtAuthenticationFilter - ❌ No valid JWT token found in cookies!
2025-03-06 18:23:06 [http-nio-8080-exec-8] INFO  c.y.r.n.w.rest.NtQuoteListController - Checking if Mold Mannual  file exists -> id: 4,  fileName: ntdemo.xlsx
2025-03-06 18:23:06 [http-nio-8080-exec-8] INFO  c.y.r.n.w.rest.NtQuoteListController - generate Remote Mold Mannual File Path id = 4 fileName = ntdemo.xlsx
2025-03-06 18:23:06 [http-nio-8080-exec-8] INFO  c.y.r.n.w.rest.NtQuoteListController - currentPath  = /home/CPS/NtQuote/MoldMannual/4
2025-03-06 18:23:06 [http-nio-8080-exec-8] INFO  c.y.r.n.w.rest.NtQuoteListController - Generated remote file path: /home/CPS/NtQuote/MoldMannual/4/ntdemo.xlsx
2025-03-06 18:23:06 [http-nio-8080-exec-8] INFO  c.y.r.a.web.rest.AdminRestController - Checking Mold Manual File Exists - id: 4, remoteFilePath: '/home/CPS/NtQuote/MoldMannual/4/ntdemo.xlsx'
2025-03-06 18:23:06 [http-nio-8080-exec-8] INFO  c.y.r.a.web.rest.AdminRestController - File existence count: 1
2025-03-06 18:23:06 [http-nio-8080-exec-8] INFO  c.y.r.n.w.rest.NtQuoteListController - File existence check result: true
2025-03-06 18:23:07 [http-nio-8080-exec-2] WARN  c.y.r.config.JwtAuthenticationFilter - ❌ No valid JWT token found in cookies!
2025-03-06 18:23:07 [http-nio-8080-exec-2] ERROR c.y.r.n.w.rest.NtQuoteListController - Controller -- overwrite mold mannual File id ===== 4
2025-03-06 18:23:07 [http-nio-8080-exec-2] INFO  c.y.r.n.w.rest.NtQuoteListController - overwrite Mold Mannual File line  ===== 4
2025-03-06 18:23:07 [http-nio-8080-exec-2] INFO  c.y.r.a.web.rest.AdminRestController - overwrite Mold Manual File invoked with fileName: ntdemo.xlsx, id: 4
2025-03-06 18:23:07 [http-nio-8080-exec-2] INFO  c.y.r.a.web.rest.AdminRestController - Data size: 5102 bytes
2025-03-06 18:23:07 [http-nio-8080-exec-2] INFO  c.y.r.a.web.rest.AdminRestController - Remote file path = /home/CPS/NtQuote/MoldManual/4/ntdemo.xlsx
2025-03-06 18:23:08 [http-nio-8080-exec-2] WARN  c.y.r.a.web.rest.AdminRestController - Old file not found or could not be deleted: No such file
2025-03-06 18:23:08 [http-nio-8080-exec-2] INFO  c.y.r.a.web.rest.AdminRestController - Uploading new file to: /home/CPS/NtQuote/MoldManual/4/ntdemo.xlsx
2025-03-06 18:23:08 [http-nio-8080-exec-2] INFO  c.y.r.a.web.rest.AdminRestController - File successfully replaced.
2025-03-06 18:23:08 [http-nio-8080-exec-2] INFO  c.y.r.a.web.rest.AdminRestController - Mold Manual File overwritten successfully: /home/CPS/NtQuote/MoldManual/4/ntdemo.xlsx
2025-03-06 18:23:08 [http-nio-8080-exec-2] WARN  o.h.e.jdbc.spi.SqlExceptionHelper - SQL Error: 0, SQLState: 42804
2025-03-06 18:23:08 [http-nio-8080-exec-2] ERROR o.h.e.jdbc.spi.SqlExceptionHelper - ERROR: COALESCE types character varying and text[] cannot be matched
  Position: 83
2025-03-06 18:23:08 [http-nio-8080-exec-2] ERROR o.a.c.c.C.[.[.[.[dispatcherServlet] - Servlet.service() for servlet [dispatcherServlet] in context with path [/rev-aux] threw exception [Request processing failed: org.springframework.dao.InvalidDataAccessResourceUsageException: JDBC exception executing SQL [UPDATE nt_quote SET mold_manual = array_append(array_remove(COALESCE(mold_manual, ARRAY[]::TEXT[]), ?), ?) WHERE id = ?] [ERROR: COALESCE types character varying and text[] cannot be matched
  Position: 83] [n/a]; SQL [n/a]] with root cause
org.postgresql.util.PSQLException: ERROR: COALESCE types character varying and text[] cannot be matched
  Position: 83
	at org.postgresql.core.v3.QueryExecutorImpl.receiveErrorResponse(QueryExecutorImpl.java:2733)
	at org.postgresql.core.v3.QueryExecutorImpl.processResults(QueryExecutorImpl.java:2420)
	at org.postgresql.core.v3.QueryExecutorImpl.execute(QueryExecutorImpl.java:372)
	at org.postgresql.jdbc.PgStatement.executeInternal(PgStatement.java:517)
	at org.postgresql.jdbc.PgStatement.execute(PgStatement.java:434)
	at org.postgresql.jdbc.PgPreparedStatement.executeWithFlags(PgPreparedStatement.java:194)
	at org.postgresql.jdbc.PgPreparedStatement.executeUpdate(PgPreparedStatement.java:155)
	at com.zaxxer.hikari.pool.ProxyPreparedStatement.executeUpdate(ProxyPreparedStatement.java:61)
	at com.zaxxer.hikari.pool.HikariProxyPreparedStatement.executeUpdate(HikariProxyPreparedStatement.java)
	at org.hibernate.sql.exec.internal.StandardJdbcMutationExecutor.execute(StandardJdbcMutationExecutor.java:90)
	at org.hibernate.query.sql.internal.NativeNonSelectQueryPlanImpl.executeUpdate(NativeNonSelectQueryPlanImpl.java:76)
	at org.hibernate.query.sql.internal.NativeQueryImpl.doExecuteUpdate(NativeQueryImpl.java:973)
	at org.hibernate.query.spi.AbstractQuery.executeUpdate(AbstractQuery.java:651)
	at org.springframework.data.jpa.repository.query.JpaQueryExecution$ModifyingExecution.doExecute(JpaQueryExecution.java:267)
	at org.springframework.data.jpa.repository.query.JpaQueryExecution.execute(JpaQueryExecution.java:93)
	at org.springframework.data.jpa.repository.query.AbstractJpaQuery.doExecute(AbstractJpaQuery.java:152)
	at org.springframework.data.jpa.repository.query.AbstractJpaQuery.execute(AbstractJpaQuery.java:140)
	at org.springframework.data.repository.core.support.RepositoryMethodInvoker.doInvoke(RepositoryMethodInvoker.java:170)
	at org.springframework.data.repository.core.support.RepositoryMethodInvoker.invoke(RepositoryMethodInvoker.java:158)
	at org.springframework.data.repository.core.support.QueryExecutorMethodInterceptor.doInvoke(QueryExecutorMethodInterceptor.java:170)
	at org.springframework.data.repository.core.support.QueryExecutorMethodInterceptor.invoke(QueryExecutorMethodInterceptor.java:149)
	at org.springframework.aop.framework.ReflectiveMethodInvocation.proceed(ReflectiveMethodInvocation.java:184)
	at org.springframework.data.projection.DefaultMethodInvokingMethodInterceptor.invoke(DefaultMethodInvokingMethodInterceptor.java:69)
	at org.springframework.aop.framework.ReflectiveMethodInvocation.proceed(ReflectiveMethodInvocation.java:184)
	at org.springframework.transaction.interceptor.TransactionAspectSupport.invokeWithinTransaction(TransactionAspectSupport.java:380)
	at org.springframework.transaction.interceptor.TransactionInterceptor.invoke(TransactionInterceptor.java:119)
	at org.springframework.aop.framework.ReflectiveMethodInvocation.proceed(ReflectiveMethodInvocation.java:184)
	at org.springframework.dao.support.PersistenceExceptionTranslationInterceptor.invoke(PersistenceExceptionTranslationInterceptor.java:138)
	at org.springframework.aop.framework.ReflectiveMethodInvocation.proceed(ReflectiveMethodInvocation.java:184)
	at org.springframework.data.jpa.repository.support.CrudMethodMetadataPostProcessor$CrudMethodMetadataPopulatingMethodInterceptor.invoke(CrudMethodMetadataPostProcessor.java:136)
	at org.springframework.aop.framework.ReflectiveMethodInvocation.proceed(ReflectiveMethodInvocation.java:184)
	at org.springframework.aop.framework.JdkDynamicAopProxy.invoke(JdkDynamicAopProxy.java:223)
	at jdk.proxy26/jdk.proxy26.$Proxy396.overwriteMoldManualAttachment(Unknown Source)
	at com.yts.revaux.ntQuote.service.NtQuoteListService.overwriteMoldManualAttachment(NtQuoteListService.java:432)
	at java.base/jdk.internal.reflect.DirectMethodHandleAccessor.invoke(DirectMethodHandleAccessor.java:103)
	at java.base/java.lang.reflect.Method.invoke(Method.java:580)
	at org.springframework.aop.support.AopUtils.invokeJoinpointUsingReflection(AopUtils.java:359)
	at org.springframework.aop.framework.ReflectiveMethodInvocation.invokeJoinpoint(ReflectiveMethodInvocation.java:196)
	at org.springframework.aop.framework.ReflectiveMethodInvocation.proceed(ReflectiveMethodInvocation.java:163)
	at org.springframework.transaction.interceptor.TransactionAspectSupport.invokeWithinTransaction(TransactionAspectSupport.java:380)
	at org.springframework.transaction.interceptor.TransactionInterceptor.invoke(TransactionInterceptor.java:119)
	at org.springframework.aop.framework.ReflectiveMethodInvocation.proceed(ReflectiveMethodInvocation.java:184)
	at org.springframework.aop.framework.CglibAopProxy$DynamicAdvisedInterceptor.intercept(CglibAopProxy.java:727)
	at com.yts.revaux.ntQuote.service.NtQuoteListService$$SpringCGLIB$$0.overwriteMoldManualAttachment(<generated>)
	at com.yts.revaux.ntQuote.web.rest.NtQuoteListController.updateOverwriteBuyerAttachCadFile(NtQuoteListController.java:261)
	at java.base/jdk.internal.reflect.DirectMethodHandleAccessor.invoke(DirectMethodHandleAccessor.java:103)
	at java.base/java.lang.reflect.Method.invoke(Method.java:580)
	at org.springframework.web.method.support.InvocableHandlerMethod.doInvoke(InvocableHandlerMethod.java:257)
	at org.springframework.web.method.support.InvocableHandlerMethod.invokeForRequest(InvocableHandlerMethod.java:190)
	at org.springframework.web.servlet.mvc.method.annotation.ServletInvocableHandlerMethod.invokeAndHandle(ServletInvocableHandlerMethod.java:118)
	at org.springframework.web.servlet.mvc.method.annotation.RequestMappingHandlerAdapter.invokeHandlerMethod(RequestMappingHandlerAdapter.java:986)
	at org.springframework.web.servlet.mvc.method.annotation.RequestMappingHandlerAdapter.handleInternal(RequestMappingHandlerAdapter.java:891)
	at org.springframework.web.servlet.mvc.method.AbstractHandlerMethodAdapter.handle(AbstractHandlerMethodAdapter.java:87)
	at org.springframework.web.servlet.DispatcherServlet.doDispatch(DispatcherServlet.java:1088)
	at org.springframework.web.servlet.DispatcherServlet.doService(DispatcherServlet.java:978)
	at org.springframework.web.servlet.FrameworkServlet.processRequest(FrameworkServlet.java:1014)
	at org.springframework.web.servlet.FrameworkServlet.doPost(FrameworkServlet.java:914)
	at jakarta.servlet.http.HttpServlet.service(HttpServlet.java:590)
	at org.springframework.web.servlet.FrameworkServlet.service(FrameworkServlet.java:885)
	at jakarta.servlet.http.HttpServlet.service(HttpServlet.java:658)
	at org.apache.catalina.core.ApplicationFilterChain.internalDoFilter(ApplicationFilterChain.java:195)
	at org.apache.catalina.core.ApplicationFilterChain.doFilter(ApplicationFilterChain.java:140)
	at org.apache.tomcat.websocket.server.WsFilter.doFilter(WsFilter.java:51)
	at org.apache.catalina.core.ApplicationFilterChain.internalDoFilter(ApplicationFilterChain.java:164)
	at org.apache.catalina.core.ApplicationFilterChain.doFilter(ApplicationFilterChain.java:140)
	at org.springframework.web.filter.OncePerRequestFilter.doFilter(OncePerRequestFilter.java:110)
	at org.apache.catalina.core.ApplicationFilterChain.internalDoFilter(ApplicationFilterChain.java:164)
	at org.apache.catalina.core.ApplicationFilterChain.doFilter(ApplicationFilterChain.java:140)
	at org.springframework.web.filter.CompositeFilter$VirtualFilterChain.doFilter(CompositeFilter.java:108)
	at org.springframework.security.web.FilterChainProxy.lambda$doFilterInternal$3(FilterChainProxy.java:231)
	at org.springframework.security.web.FilterChainProxy$VirtualFilterChain.doFilter(FilterChainProxy.java:365)
	at org.springframework.security.web.access.intercept.AuthorizationFilter.doFilter(AuthorizationFilter.java:101)
	at org.springframework.security.web.FilterChainProxy$VirtualFilterChain.doFilter(FilterChainProxy.java:374)
	at org.springframework.security.web.access.ExceptionTranslationFilter.doFilter(ExceptionTranslationFilter.java:126)
	at org.springframework.security.web.access.ExceptionTranslationFilter.doFilter(ExceptionTranslationFilter.java:120)
	at org.springframework.security.web.FilterChainProxy$VirtualFilterChain.doFilter(FilterChainProxy.java:374)
	at org.springframework.security.web.session.SessionManagementFilter.doFilter(SessionManagementFilter.java:131)
	at org.springframework.security.web.session.SessionManagementFilter.doFilter(SessionManagementFilter.java:85)
	at org.springframework.security.web.FilterChainProxy$VirtualFilterChain.doFilter(FilterChainProxy.java:374)
	at org.springframework.security.web.authentication.AnonymousAuthenticationFilter.doFilter(AnonymousAuthenticationFilter.java:100)
	at org.springframework.security.web.FilterChainProxy$VirtualFilterChain.doFilter(FilterChainProxy.java:374)
	at org.springframework.security.web.servletapi.SecurityContextHolderAwareRequestFilter.doFilter(SecurityContextHolderAwareRequestFilter.java:179)
	at org.springframework.security.web.FilterChainProxy$VirtualFilterChain.doFilter(FilterChainProxy.java:374)
	at org.springframework.security.web.savedrequest.RequestCacheAwareFilter.doFilter(RequestCacheAwareFilter.java:63)
	at org.springframework.security.web.FilterChainProxy$VirtualFilterChain.doFilter(FilterChainProxy.java:374)
	at com.yts.revaux.config.JwtAuthenticationFilter.doFilterInternal(JwtAuthenticationFilter.java:52)
	at org.springframework.web.filter.OncePerRequestFilter.doFilter(OncePerRequestFilter.java:116)
	at org.springframework.security.web.FilterChainProxy$VirtualFilterChain.doFilter(FilterChainProxy.java:374)
	at org.springframework.security.web.authentication.logout.LogoutFilter.doFilter(LogoutFilter.java:107)
	at org.springframework.security.web.authentication.logout.LogoutFilter.doFilter(LogoutFilter.java:93)
	at org.springframework.security.web.FilterChainProxy$VirtualFilterChain.doFilter(FilterChainProxy.java:374)
	at org.springframework.web.filter.CorsFilter.doFilterInternal(CorsFilter.java:91)
	at org.springframework.web.filter.OncePerRequestFilter.doFilter(OncePerRequestFilter.java:116)
	at org.springframework.security.web.FilterChainProxy$VirtualFilterChain.doFilter(FilterChainProxy.java:374)
	at org.springframework.security.web.header.HeaderWriterFilter.doHeadersAfter(HeaderWriterFilter.java:90)
	at org.springframework.security.web.header.HeaderWriterFilter.doFilterInternal(HeaderWriterFilter.java:75)
	at org.springframework.web.filter.OncePerRequestFilter.doFilter(OncePerRequestFilter.java:116)
	at org.springframework.security.web.FilterChainProxy$VirtualFilterChain.doFilter(FilterChainProxy.java:374)
	at org.springframework.security.web.context.SecurityContextHolderFilter.doFilter(SecurityContextHolderFilter.java:82)
	at org.springframework.security.web.context.SecurityContextHolderFilter.doFilter(SecurityContextHolderFilter.java:69)
	at org.springframework.security.web.FilterChainProxy$VirtualFilterChain.doFilter(FilterChainProxy.java:374)
	at org.springframework.security.web.context.request.async.WebAsyncManagerIntegrationFilter.doFilterInternal(WebAsyncManagerIntegrationFilter.java:62)
	at org.springframework.web.filter.OncePerRequestFilter.doFilter(OncePerRequestFilter.java:116)
	at org.springframework.security.web.FilterChainProxy$VirtualFilterChain.doFilter(FilterChainProxy.java:374)
	at org.springframework.security.web.session.DisableEncodeUrlFilter.doFilterInternal(DisableEncodeUrlFilter.java:42)
	at org.springframework.web.filter.OncePerRequestFilter.doFilter(OncePerRequestFilter.java:116)
	at org.springframework.security.web.FilterChainProxy$VirtualFilterChain.doFilter(FilterChainProxy.java:374)
	at org.springframework.security.web.FilterChainProxy.doFilterInternal(FilterChainProxy.java:233)
	at org.springframework.security.web.FilterChainProxy.doFilter(FilterChainProxy.java:191)
	at org.springframework.web.filter.CompositeFilter$VirtualFilterChain.doFilter(CompositeFilter.java:113)
	at org.springframework.web.servlet.handler.HandlerMappingIntrospector.lambda$createCacheFilter$3(HandlerMappingIntrospector.java:243)
	at org.springframework.web.filter.CompositeFilter$VirtualFilterChain.doFilter(CompositeFilter.java:113)
	at org.springframework.web.filter.CompositeFilter.doFilter(CompositeFilter.java:74)
	at org.springframework.security.config.annotation.web.configuration.WebMvcSecurityConfiguration$CompositeFilterChainProxy.doFilter(WebMvcSecurityConfiguration.java:238)
	at org.springframework.web.filter.DelegatingFilterProxy.invokeDelegate(DelegatingFilterProxy.java:362)
	at org.springframework.web.filter.DelegatingFilterProxy.doFilter(DelegatingFilterProxy.java:278)
	at org.apache.catalina.core.ApplicationFilterChain.internalDoFilter(ApplicationFilterChain.java:164)
	at org.apache.catalina.core.ApplicationFilterChain.doFilter(ApplicationFilterChain.java:140)
	at org.springframework.web.filter.RequestContextFilter.doFilterInternal(RequestContextFilter.java:100)
	at org.springframework.web.filter.OncePerRequestFilter.doFilter(OncePerRequestFilter.java:116)
	at org.apache.catalina.core.ApplicationFilterChain.internalDoFilter(ApplicationFilterChain.java:164)
	at org.apache.catalina.core.ApplicationFilterChain.doFilter(ApplicationFilterChain.java:140)
	at org.springframework.web.filter.FormContentFilter.doFilterInternal(FormContentFilter.java:93)
	at org.springframework.web.filter.OncePerRequestFilter.doFilter(OncePerRequestFilter.java:116)
	at org.apache.catalina.core.ApplicationFilterChain.internalDoFilter(ApplicationFilterChain.java:164)
	at org.apache.catalina.core.ApplicationFilterChain.doFilter(ApplicationFilterChain.java:140)
	at org.springframework.web.filter.CharacterEncodingFilter.doFilterInternal(CharacterEncodingFilter.java:201)
	at org.springframework.web.filter.OncePerRequestFilter.doFilter(OncePerRequestFilter.java:116)
	at org.apache.catalina.core.ApplicationFilterChain.internalDoFilter(ApplicationFilterChain.java:164)
	at org.apache.catalina.core.ApplicationFilterChain.doFilter(ApplicationFilterChain.java:140)
	at org.apache.catalina.core.StandardWrapperValve.invoke(StandardWrapperValve.java:167)
	at org.apache.catalina.core.StandardContextValve.invoke(StandardContextValve.java:90)
	at org.apache.catalina.authenticator.AuthenticatorBase.invoke(AuthenticatorBase.java:483)
	at org.apache.catalina.core.StandardHostValve.invoke(StandardHostValve.java:115)
	at org.apache.catalina.valves.ErrorReportValve.invoke(ErrorReportValve.java:93)
	at org.apache.catalina.core.StandardEngineValve.invoke(StandardEngineValve.java:74)
	at org.apache.catalina.connector.CoyoteAdapter.service(CoyoteAdapter.java:344)
	at org.apache.coyote.http11.Http11Processor.service(Http11Processor.java:397)
	at org.apache.coyote.AbstractProcessorLight.process(AbstractProcessorLight.java:63)
	at org.apache.coyote.AbstractProtocol$ConnectionHandler.process(AbstractProtocol.java:905)
	at org.apache.tomcat.util.net.NioEndpoint$SocketProcessor.doRun(NioEndpoint.java:1743)
	at org.apache.tomcat.util.net.SocketProcessorBase.run(SocketProcessorBase.java:52)
	at org.apache.tomcat.util.threads.ThreadPoolExecutor.runWorker(ThreadPoolExecutor.java:1190)
	at org.apache.tomcat.util.threads.ThreadPoolExecutor$Worker.run(ThreadPoolExecutor.java:659)
	at org.apache.tomcat.util.threads.TaskThread$WrappingRunnable.run(TaskThread.java:63)
	at java.base/java.lang.Thread.run(Thread.java:1583)
2025-03-06 18:23:08 [http-nio-8080-exec-4] WARN  c.y.r.config.JwtAuthenticationFilter - ❌ No valid JWT token found in cookies!
2025-03-06 18:23:18 [http-nio-8080-exec-1] WARN  c.y.r.config.JwtAuthenticationFilter - ❌ No valid JWT token found in cookies!
2025-03-06 18:23:18 [http-nio-8080-exec-1] INFO  c.y.r.n.w.rest.NtQuoteListController - Checking if Mold Mannual  file exists -> id: 4,  fileName: ntdemo.xlsx
2025-03-06 18:23:18 [http-nio-8080-exec-1] INFO  c.y.r.n.w.rest.NtQuoteListController - generate Remote Mold Mannual File Path id = 4 fileName = ntdemo.xlsx
2025-03-06 18:23:18 [http-nio-8080-exec-1] INFO  c.y.r.n.w.rest.NtQuoteListController - currentPath  = /home/CPS/NtQuote/MoldMannual/4
2025-03-06 18:23:18 [http-nio-8080-exec-1] INFO  c.y.r.n.w.rest.NtQuoteListController - Generated remote file path: /home/CPS/NtQuote/MoldMannual/4/ntdemo.xlsx
2025-03-06 18:23:18 [http-nio-8080-exec-1] INFO  c.y.r.a.web.rest.AdminRestController - Checking Mold Manual File Exists - id: 4, remoteFilePath: '/home/CPS/NtQuote/MoldMannual/4/ntdemo.xlsx'
2025-03-06 18:23:18 [http-nio-8080-exec-1] INFO  c.y.r.a.web.rest.AdminRestController - File existence count: 1
2025-03-06 18:23:18 [http-nio-8080-exec-1] INFO  c.y.r.n.w.rest.NtQuoteListController - File existence check result: true
2025-03-06 18:23:22 [http-nio-8080-exec-3] WARN  c.y.r.config.JwtAuthenticationFilter - ❌ No valid JWT token found in cookies!
2025-03-06 18:23:22 [http-nio-8080-exec-3] ERROR c.y.r.n.w.rest.NtQuoteListController - Controller -- overwrite mold mannual File id ===== 4
2025-03-06 18:23:22 [http-nio-8080-exec-3] INFO  c.y.r.n.w.rest.NtQuoteListController - overwrite Mold Mannual File line  ===== 4
2025-03-06 18:23:22 [http-nio-8080-exec-3] INFO  c.y.r.a.web.rest.AdminRestController - overwrite Mold Manual File invoked with fileName: ntdemo.xlsx, id: 4
2025-03-06 18:23:22 [http-nio-8080-exec-3] INFO  c.y.r.a.web.rest.AdminRestController - Data size: 5102 bytes
2025-03-06 18:23:22 [http-nio-8080-exec-3] INFO  c.y.r.a.web.rest.AdminRestController - Remote file path = /home/CPS/NtQuote/MoldManual/4/ntdemo.xlsx
2025-03-06 18:23:24 [http-nio-8080-exec-3] INFO  c.y.r.a.web.rest.AdminRestController - Deleted old file: /home/CPS/NtQuote/MoldManual/4/ntdemo.xlsx
2025-03-06 18:23:24 [http-nio-8080-exec-3] INFO  c.y.r.a.web.rest.AdminRestController - Uploading new file to: /home/CPS/NtQuote/MoldManual/4/ntdemo.xlsx
2025-03-06 18:23:24 [http-nio-8080-exec-3] INFO  c.y.r.a.web.rest.AdminRestController - File successfully replaced.
2025-03-06 18:23:24 [http-nio-8080-exec-3] INFO  c.y.r.a.web.rest.AdminRestController - Mold Manual File overwritten successfully: /home/CPS/NtQuote/MoldManual/4/ntdemo.xlsx
2025-03-06 18:23:24 [http-nio-8080-exec-3] WARN  o.h.e.jdbc.spi.SqlExceptionHelper - SQL Error: 0, SQLState: 42804
2025-03-06 18:23:24 [http-nio-8080-exec-3] ERROR o.h.e.jdbc.spi.SqlExceptionHelper - ERROR: COALESCE types character varying and text[] cannot be matched
  Position: 83
2025-03-06 18:23:24 [http-nio-8080-exec-3] ERROR o.a.c.c.C.[.[.[.[dispatcherServlet] - Servlet.service() for servlet [dispatcherServlet] in context with path [/rev-aux] threw exception [Request processing failed: org.springframework.dao.InvalidDataAccessResourceUsageException: JDBC exception executing SQL [UPDATE nt_quote SET mold_manual = array_append(array_remove(COALESCE(mold_manual, ARRAY[]::TEXT[]), ?), ?) WHERE id = ?] [ERROR: COALESCE types character varying and text[] cannot be matched
  Position: 83] [n/a]; SQL [n/a]] with root cause
org.postgresql.util.PSQLException: ERROR: COALESCE types character varying and text[] cannot be matched
  Position: 83
	at org.postgresql.core.v3.QueryExecutorImpl.receiveErrorResponse(QueryExecutorImpl.java:2733)
	at org.postgresql.core.v3.QueryExecutorImpl.processResults(QueryExecutorImpl.java:2420)
	at org.postgresql.core.v3.QueryExecutorImpl.execute(QueryExecutorImpl.java:372)
	at org.postgresql.jdbc.PgStatement.executeInternal(PgStatement.java:517)
	at org.postgresql.jdbc.PgStatement.execute(PgStatement.java:434)
	at org.postgresql.jdbc.PgPreparedStatement.executeWithFlags(PgPreparedStatement.java:194)
	at org.postgresql.jdbc.PgPreparedStatement.executeUpdate(PgPreparedStatement.java:155)
	at com.zaxxer.hikari.pool.ProxyPreparedStatement.executeUpdate(ProxyPreparedStatement.java:61)
	at com.zaxxer.hikari.pool.HikariProxyPreparedStatement.executeUpdate(HikariProxyPreparedStatement.java)
	at org.hibernate.sql.exec.internal.StandardJdbcMutationExecutor.execute(StandardJdbcMutationExecutor.java:90)
	at org.hibernate.query.sql.internal.NativeNonSelectQueryPlanImpl.executeUpdate(NativeNonSelectQueryPlanImpl.java:76)
	at org.hibernate.query.sql.internal.NativeQueryImpl.doExecuteUpdate(NativeQueryImpl.java:973)
	at org.hibernate.query.spi.AbstractQuery.executeUpdate(AbstractQuery.java:651)
	at org.springframework.data.jpa.repository.query.JpaQueryExecution$ModifyingExecution.doExecute(JpaQueryExecution.java:267)
	at org.springframework.data.jpa.repository.query.JpaQueryExecution.execute(JpaQueryExecution.java:93)
	at org.springframework.data.jpa.repository.query.AbstractJpaQuery.doExecute(AbstractJpaQuery.java:152)
	at org.springframework.data.jpa.repository.query.AbstractJpaQuery.execute(AbstractJpaQuery.java:140)
	at org.springframework.data.repository.core.support.RepositoryMethodInvoker.doInvoke(RepositoryMethodInvoker.java:170)
	at org.springframework.data.repository.core.support.RepositoryMethodInvoker.invoke(RepositoryMethodInvoker.java:158)
	at org.springframework.data.repository.core.support.QueryExecutorMethodInterceptor.doInvoke(QueryExecutorMethodInterceptor.java:170)
	at org.springframework.data.repository.core.support.QueryExecutorMethodInterceptor.invoke(QueryExecutorMethodInterceptor.java:149)
	at org.springframework.aop.framework.ReflectiveMethodInvocation.proceed(ReflectiveMethodInvocation.java:184)
	at org.springframework.data.projection.DefaultMethodInvokingMethodInterceptor.invoke(DefaultMethodInvokingMethodInterceptor.java:69)
	at org.springframework.aop.framework.ReflectiveMethodInvocation.proceed(ReflectiveMethodInvocation.java:184)
	at org.springframework.transaction.interceptor.TransactionAspectSupport.invokeWithinTransaction(TransactionAspectSupport.java:380)
	at org.springframework.transaction.interceptor.TransactionInterceptor.invoke(TransactionInterceptor.java:119)
	at org.springframework.aop.framework.ReflectiveMethodInvocation.proceed(ReflectiveMethodInvocation.java:184)
	at org.springframework.dao.support.PersistenceExceptionTranslationInterceptor.invoke(PersistenceExceptionTranslationInterceptor.java:138)
	at org.springframework.aop.framework.ReflectiveMethodInvocation.proceed(ReflectiveMethodInvocation.java:184)
	at org.springframework.data.jpa.repository.support.CrudMethodMetadataPostProcessor$CrudMethodMetadataPopulatingMethodInterceptor.invoke(CrudMethodMetadataPostProcessor.java:136)
	at org.springframework.aop.framework.ReflectiveMethodInvocation.proceed(ReflectiveMethodInvocation.java:184)
	at org.springframework.aop.framework.JdkDynamicAopProxy.invoke(JdkDynamicAopProxy.java:223)
	at jdk.proxy26/jdk.proxy26.$Proxy396.overwriteMoldManualAttachment(Unknown Source)
	at com.yts.revaux.ntQuote.service.NtQuoteListService.overwriteMoldManualAttachment(NtQuoteListService.java:432)
	at java.base/jdk.internal.reflect.DirectMethodHandleAccessor.invoke(DirectMethodHandleAccessor.java:103)
	at java.base/java.lang.reflect.Method.invoke(Method.java:580)
	at org.springframework.aop.support.AopUtils.invokeJoinpointUsingReflection(AopUtils.java:359)
	at org.springframework.aop.framework.ReflectiveMethodInvocation.invokeJoinpoint(ReflectiveMethodInvocation.java:196)
	at org.springframework.aop.framework.ReflectiveMethodInvocation.proceed(ReflectiveMethodInvocation.java:163)
	at org.springframework.transaction.interceptor.TransactionAspectSupport.invokeWithinTransaction(TransactionAspectSupport.java:380)
	at org.springframework.transaction.interceptor.TransactionInterceptor.invoke(TransactionInterceptor.java:119)
	at org.springframework.aop.framework.ReflectiveMethodInvocation.proceed(ReflectiveMethodInvocation.java:184)
	at org.springframework.aop.framework.CglibAopProxy$DynamicAdvisedInterceptor.intercept(CglibAopProxy.java:727)
	at com.yts.revaux.ntQuote.service.NtQuoteListService$$SpringCGLIB$$0.overwriteMoldManualAttachment(<generated>)
	at com.yts.revaux.ntQuote.web.rest.NtQuoteListController.updateOverwriteBuyerAttachCadFile(NtQuoteListController.java:261)
	at java.base/jdk.internal.reflect.DirectMethodHandleAccessor.invoke(DirectMethodHandleAccessor.java:103)
	at java.base/java.lang.reflect.Method.invoke(Method.java:580)
	at org.springframework.web.method.support.InvocableHandlerMethod.doInvoke(InvocableHandlerMethod.java:257)
	at org.springframework.web.method.support.InvocableHandlerMethod.invokeForRequest(InvocableHandlerMethod.java:190)
	at org.springframework.web.servlet.mvc.method.annotation.ServletInvocableHandlerMethod.invokeAndHandle(ServletInvocableHandlerMethod.java:118)
	at org.springframework.web.servlet.mvc.method.annotation.RequestMappingHandlerAdapter.invokeHandlerMethod(RequestMappingHandlerAdapter.java:986)
	at org.springframework.web.servlet.mvc.method.annotation.RequestMappingHandlerAdapter.handleInternal(RequestMappingHandlerAdapter.java:891)
	at org.springframework.web.servlet.mvc.method.AbstractHandlerMethodAdapter.handle(AbstractHandlerMethodAdapter.java:87)
	at org.springframework.web.servlet.DispatcherServlet.doDispatch(DispatcherServlet.java:1088)
	at org.springframework.web.servlet.DispatcherServlet.doService(DispatcherServlet.java:978)
	at org.springframework.web.servlet.FrameworkServlet.processRequest(FrameworkServlet.java:1014)
	at org.springframework.web.servlet.FrameworkServlet.doPost(FrameworkServlet.java:914)
	at jakarta.servlet.http.HttpServlet.service(HttpServlet.java:590)
	at org.springframework.web.servlet.FrameworkServlet.service(FrameworkServlet.java:885)
	at jakarta.servlet.http.HttpServlet.service(HttpServlet.java:658)
	at org.apache.catalina.core.ApplicationFilterChain.internalDoFilter(ApplicationFilterChain.java:195)
	at org.apache.catalina.core.ApplicationFilterChain.doFilter(ApplicationFilterChain.java:140)
	at org.apache.tomcat.websocket.server.WsFilter.doFilter(WsFilter.java:51)
	at org.apache.catalina.core.ApplicationFilterChain.internalDoFilter(ApplicationFilterChain.java:164)
	at org.apache.catalina.core.ApplicationFilterChain.doFilter(ApplicationFilterChain.java:140)
	at org.springframework.web.filter.OncePerRequestFilter.doFilter(OncePerRequestFilter.java:110)
	at org.apache.catalina.core.ApplicationFilterChain.internalDoFilter(ApplicationFilterChain.java:164)
	at org.apache.catalina.core.ApplicationFilterChain.doFilter(ApplicationFilterChain.java:140)
	at org.springframework.web.filter.CompositeFilter$VirtualFilterChain.doFilter(CompositeFilter.java:108)
	at org.springframework.security.web.FilterChainProxy.lambda$doFilterInternal$3(FilterChainProxy.java:231)
	at org.springframework.security.web.FilterChainProxy$VirtualFilterChain.doFilter(FilterChainProxy.java:365)
	at org.springframework.security.web.access.intercept.AuthorizationFilter.doFilter(AuthorizationFilter.java:101)
	at org.springframework.security.web.FilterChainProxy$VirtualFilterChain.doFilter(FilterChainProxy.java:374)
	at org.springframework.security.web.access.ExceptionTranslationFilter.doFilter(ExceptionTranslationFilter.java:126)
	at org.springframework.security.web.access.ExceptionTranslationFilter.doFilter(ExceptionTranslationFilter.java:120)
	at org.springframework.security.web.FilterChainProxy$VirtualFilterChain.doFilter(FilterChainProxy.java:374)
	at org.springframework.security.web.session.SessionManagementFilter.doFilter(SessionManagementFilter.java:131)
	at org.springframework.security.web.session.SessionManagementFilter.doFilter(SessionManagementFilter.java:85)
	at org.springframework.security.web.FilterChainProxy$VirtualFilterChain.doFilter(FilterChainProxy.java:374)
	at org.springframework.security.web.authentication.AnonymousAuthenticationFilter.doFilter(AnonymousAuthenticationFilter.java:100)
	at org.springframework.security.web.FilterChainProxy$VirtualFilterChain.doFilter(FilterChainProxy.java:374)
	at org.springframework.security.web.servletapi.SecurityContextHolderAwareRequestFilter.doFilter(SecurityContextHolderAwareRequestFilter.java:179)
	at org.springframework.security.web.FilterChainProxy$VirtualFilterChain.doFilter(FilterChainProxy.java:374)
	at org.springframework.security.web.savedrequest.RequestCacheAwareFilter.doFilter(RequestCacheAwareFilter.java:63)
	at org.springframework.security.web.FilterChainProxy$VirtualFilterChain.doFilter(FilterChainProxy.java:374)
	at com.yts.revaux.config.JwtAuthenticationFilter.doFilterInternal(JwtAuthenticationFilter.java:52)
	at org.springframework.web.filter.OncePerRequestFilter.doFilter(OncePerRequestFilter.java:116)
	at org.springframework.security.web.FilterChainProxy$VirtualFilterChain.doFilter(FilterChainProxy.java:374)
	at org.springframework.security.web.authentication.logout.LogoutFilter.doFilter(LogoutFilter.java:107)
	at org.springframework.security.web.authentication.logout.LogoutFilter.doFilter(LogoutFilter.java:93)
	at org.springframework.security.web.FilterChainProxy$VirtualFilterChain.doFilter(FilterChainProxy.java:374)
	at org.springframework.web.filter.CorsFilter.doFilterInternal(CorsFilter.java:91)
	at org.springframework.web.filter.OncePerRequestFilter.doFilter(OncePerRequestFilter.java:116)
	at org.springframework.security.web.FilterChainProxy$VirtualFilterChain.doFilter(FilterChainProxy.java:374)
	at org.springframework.security.web.header.HeaderWriterFilter.doHeadersAfter(HeaderWriterFilter.java:90)
	at org.springframework.security.web.header.HeaderWriterFilter.doFilterInternal(HeaderWriterFilter.java:75)
	at org.springframework.web.filter.OncePerRequestFilter.doFilter(OncePerRequestFilter.java:116)
	at org.springframework.security.web.FilterChainProxy$VirtualFilterChain.doFilter(FilterChainProxy.java:374)
	at org.springframework.security.web.context.SecurityContextHolderFilter.doFilter(SecurityContextHolderFilter.java:82)
	at org.springframework.security.web.context.SecurityContextHolderFilter.doFilter(SecurityContextHolderFilter.java:69)
	at org.springframework.security.web.FilterChainProxy$VirtualFilterChain.doFilter(FilterChainProxy.java:374)
	at org.springframework.security.web.context.request.async.WebAsyncManagerIntegrationFilter.doFilterInternal(WebAsyncManagerIntegrationFilter.java:62)
	at org.springframework.web.filter.OncePerRequestFilter.doFilter(OncePerRequestFilter.java:116)
	at org.springframework.security.web.FilterChainProxy$VirtualFilterChain.doFilter(FilterChainProxy.java:374)
	at org.springframework.security.web.session.DisableEncodeUrlFilter.doFilterInternal(DisableEncodeUrlFilter.java:42)
	at org.springframework.web.filter.OncePerRequestFilter.doFilter(OncePerRequestFilter.java:116)
	at org.springframework.security.web.FilterChainProxy$VirtualFilterChain.doFilter(FilterChainProxy.java:374)
	at org.springframework.security.web.FilterChainProxy.doFilterInternal(FilterChainProxy.java:233)
	at org.springframework.security.web.FilterChainProxy.doFilter(FilterChainProxy.java:191)
	at org.springframework.web.filter.CompositeFilter$VirtualFilterChain.doFilter(CompositeFilter.java:113)
	at org.springframework.web.servlet.handler.HandlerMappingIntrospector.lambda$createCacheFilter$3(HandlerMappingIntrospector.java:243)
	at org.springframework.web.filter.CompositeFilter$VirtualFilterChain.doFilter(CompositeFilter.java:113)
	at org.springframework.web.filter.CompositeFilter.doFilter(CompositeFilter.java:74)
	at org.springframework.security.config.annotation.web.configuration.WebMvcSecurityConfiguration$CompositeFilterChainProxy.doFilter(WebMvcSecurityConfiguration.java:238)
	at org.springframework.web.filter.DelegatingFilterProxy.invokeDelegate(DelegatingFilterProxy.java:362)
	at org.springframework.web.filter.DelegatingFilterProxy.doFilter(DelegatingFilterProxy.java:278)
	at org.apache.catalina.core.ApplicationFilterChain.internalDoFilter(ApplicationFilterChain.java:164)
	at org.apache.catalina.core.ApplicationFilterChain.doFilter(ApplicationFilterChain.java:140)
	at org.springframework.web.filter.RequestContextFilter.doFilterInternal(RequestContextFilter.java:100)
	at org.springframework.web.filter.OncePerRequestFilter.doFilter(OncePerRequestFilter.java:116)
	at org.apache.catalina.core.ApplicationFilterChain.internalDoFilter(ApplicationFilterChain.java:164)
	at org.apache.catalina.core.ApplicationFilterChain.doFilter(ApplicationFilterChain.java:140)
	at org.springframework.web.filter.FormContentFilter.doFilterInternal(FormContentFilter.java:93)
	at org.springframework.web.filter.OncePerRequestFilter.doFilter(OncePerRequestFilter.java:116)
	at org.apache.catalina.core.ApplicationFilterChain.internalDoFilter(ApplicationFilterChain.java:164)
	at org.apache.catalina.core.ApplicationFilterChain.doFilter(ApplicationFilterChain.java:140)
	at org.springframework.web.filter.CharacterEncodingFilter.doFilterInternal(CharacterEncodingFilter.java:201)
	at org.springframework.web.filter.OncePerRequestFilter.doFilter(OncePerRequestFilter.java:116)
	at org.apache.catalina.core.ApplicationFilterChain.internalDoFilter(ApplicationFilterChain.java:164)
	at org.apache.catalina.core.ApplicationFilterChain.doFilter(ApplicationFilterChain.java:140)
	at org.apache.catalina.core.StandardWrapperValve.invoke(StandardWrapperValve.java:167)
	at org.apache.catalina.core.StandardContextValve.invoke(StandardContextValve.java:90)
	at org.apache.catalina.authenticator.AuthenticatorBase.invoke(AuthenticatorBase.java:483)
	at org.apache.catalina.core.StandardHostValve.invoke(StandardHostValve.java:115)
	at org.apache.catalina.valves.ErrorReportValve.invoke(ErrorReportValve.java:93)
	at org.apache.catalina.core.StandardEngineValve.invoke(StandardEngineValve.java:74)
	at org.apache.catalina.connector.CoyoteAdapter.service(CoyoteAdapter.java:344)
	at org.apache.coyote.http11.Http11Processor.service(Http11Processor.java:397)
	at org.apache.coyote.AbstractProcessorLight.process(AbstractProcessorLight.java:63)
	at org.apache.coyote.AbstractProtocol$ConnectionHandler.process(AbstractProtocol.java:905)
	at org.apache.tomcat.util.net.NioEndpoint$SocketProcessor.doRun(NioEndpoint.java:1743)
	at org.apache.tomcat.util.net.SocketProcessorBase.run(SocketProcessorBase.java:52)
	at org.apache.tomcat.util.threads.ThreadPoolExecutor.runWorker(ThreadPoolExecutor.java:1190)
	at org.apache.tomcat.util.threads.ThreadPoolExecutor$Worker.run(ThreadPoolExecutor.java:659)
	at org.apache.tomcat.util.threads.TaskThread$WrappingRunnable.run(TaskThread.java:63)
	at java.base/java.lang.Thread.run(Thread.java:1583)
2025-03-06 18:23:24 [http-nio-8080-exec-7] WARN  c.y.r.config.JwtAuthenticationFilter - ❌ No valid JWT token found in cookies!
2025-03-06 18:24:18 [File Watcher] INFO  o.s.b.d.a.LocalDevToolsAutoConfiguration$RestartingClassPathChangeChangedEventListener - Restarting due to 1 class path change (0 additions, 0 deletions, 1 modification)
2025-03-06 18:24:18 [Thread-65] INFO  o.s.b.w.e.tomcat.GracefulShutdown - Commencing graceful shutdown. Waiting for active requests to complete
2025-03-06 18:24:18 [tomcat-shutdown] INFO  o.a.coyote.http11.Http11NioProtocol - Pausing ProtocolHandler ["http-nio-8080"]
2025-03-06 18:24:18 [tomcat-shutdown] INFO  o.s.b.w.e.tomcat.GracefulShutdown - Graceful shutdown complete
2025-03-06 18:24:18 [Thread-65] INFO  o.a.coyote.http11.Http11NioProtocol - Stopping ProtocolHandler ["http-nio-8080"]
2025-03-06 18:24:19 [Thread-65] INFO  o.s.o.j.LocalContainerEntityManagerFactoryBean - Closing JPA EntityManagerFactory for persistence unit 'default'
2025-03-06 18:24:19 [Thread-65] INFO  com.zaxxer.hikari.HikariDataSource - HikariPool-12 - Shutdown initiated...
2025-03-06 18:24:19 [Thread-65] INFO  com.zaxxer.hikari.HikariDataSource - HikariPool-12 - Shutdown completed.
2025-03-06 18:24:19 [restartedMain] INFO  com.yts.revaux.RevAuxApplication - Starting RevAuxApplication using Java 21.0.5 with PID 63896 (/home/yts125/Desktop/LatestNtQuote_March6/rev-aux/target/classes started by yts125 in /home/yts125/Desktop/LatestNtQuote_March6/rev-aux)
2025-03-06 18:24:19 [restartedMain] INFO  com.yts.revaux.RevAuxApplication - The following 1 profile is active: "dev"
2025-03-06 18:24:19 [restartedMain] INFO  o.s.d.r.c.RepositoryConfigurationDelegate - Multiple Spring Data modules found, entering strict repository configuration mode
2025-03-06 18:24:19 [restartedMain] INFO  o.s.d.r.c.RepositoryConfigurationDelegate - Bootstrapping Spring Data JDBC repositories in DEFAULT mode.
2025-03-06 18:24:19 [restartedMain] INFO  o.s.d.r.c.RepositoryConfigurationExtensionSupport - Spring Data JDBC - Could not safely identify store assignment for repository candidate interface com.yts.revaux.admin.repository.AdminRepository; If you want this repository to be a JDBC repository, consider annotating your entities with one of these annotations: org.springframework.data.relational.core.mapping.Table.
2025-03-06 18:24:19 [restartedMain] INFO  o.s.d.r.c.RepositoryConfigurationExtensionSupport - Spring Data JDBC - Could not safely identify store assignment for repository candidate interface com.yts.revaux.admin.repository.UserRepository; If you want this repository to be a JDBC repository, consider annotating your entities with one of these annotations: org.springframework.data.relational.core.mapping.Table.
2025-03-06 18:24:19 [restartedMain] INFO  o.s.d.r.c.RepositoryConfigurationExtensionSupport - Spring Data JDBC - Could not safely identify store assignment for repository candidate interface com.yts.revaux.ntQuote.repository.NTQuoteListRepository; If you want this repository to be a JDBC repository, consider annotating your entities with one of these annotations: org.springframework.data.relational.core.mapping.Table.
2025-03-06 18:24:19 [restartedMain] INFO  o.s.d.r.c.RepositoryConfigurationExtensionSupport - Spring Data JDBC - Could not safely identify store assignment for repository candidate interface com.yts.revaux.ntQuote.repository.NtQuoteComponentDetailRepository; If you want this repository to be a JDBC repository, consider annotating your entities with one of these annotations: org.springframework.data.relational.core.mapping.Table.
2025-03-06 18:24:19 [restartedMain] INFO  o.s.d.r.c.RepositoryConfigurationExtensionSupport - Spring Data JDBC - Could not safely identify store assignment for repository candidate interface com.yts.revaux.ntQuote.repository.NtQuoteContactReviewInformationRepository; If you want this repository to be a JDBC repository, consider annotating your entities with one of these annotations: org.springframework.data.relational.core.mapping.Table.
2025-03-06 18:24:19 [restartedMain] INFO  o.s.d.r.c.RepositoryConfigurationExtensionSupport - Spring Data JDBC - Could not safely identify store assignment for repository candidate interface com.yts.revaux.ntQuote.repository.NtQuoteCostOverviewCustomerInputOutputRepository; If you want this repository to be a JDBC repository, consider annotating your entities with one of these annotations: org.springframework.data.relational.core.mapping.Table.
2025-03-06 18:24:19 [restartedMain] INFO  o.s.d.r.c.RepositoryConfigurationExtensionSupport - Spring Data JDBC - Could not safely identify store assignment for repository candidate interface com.yts.revaux.ntQuote.repository.NtQuoteCustomerProjectRepository; If you want this repository to be a JDBC repository, consider annotating your entities with one of these annotations: org.springframework.data.relational.core.mapping.Table.
2025-03-06 18:24:19 [restartedMain] INFO  o.s.d.r.c.RepositoryConfigurationExtensionSupport - Spring Data JDBC - Could not safely identify store assignment for repository candidate interface com.yts.revaux.ntQuote.repository.NtQuoteProjectConsiderationRepository; If you want this repository to be a JDBC repository, consider annotating your entities with one of these annotations: org.springframework.data.relational.core.mapping.Table.
2025-03-06 18:24:19 [restartedMain] INFO  o.s.d.r.c.RepositoryConfigurationExtensionSupport - Spring Data JDBC - Could not safely identify store assignment for repository candidate interface com.yts.revaux.ntQuote.repository.NtQuoteProjectEstimatedTimingRepository; If you want this repository to be a JDBC repository, consider annotating your entities with one of these annotations: org.springframework.data.relational.core.mapping.Table.
2025-03-06 18:24:19 [restartedMain] INFO  o.s.d.r.c.RepositoryConfigurationExtensionSupport - Spring Data JDBC - Could not safely identify store assignment for repository candidate interface com.yts.revaux.ntQuote.repository.QuoteLabourRateRepository; If you want this repository to be a JDBC repository, consider annotating your entities with one of these annotations: org.springframework.data.relational.core.mapping.Table.
2025-03-06 18:24:19 [restartedMain] INFO  o.s.d.r.c.RepositoryConfigurationExtensionSupport - Spring Data JDBC - Could not safely identify store assignment for repository candidate interface com.yts.revaux.ntQuote.repository.QuoteMachineEfficiencyRepository; If you want this repository to be a JDBC repository, consider annotating your entities with one of these annotations: org.springframework.data.relational.core.mapping.Table.
2025-03-06 18:24:19 [restartedMain] INFO  o.s.d.r.c.RepositoryConfigurationExtensionSupport - Spring Data JDBC - Could not safely identify store assignment for repository candidate interface com.yts.revaux.ntQuote.repository.QuoteMachineSetupRepository; If you want this repository to be a JDBC repository, consider annotating your entities with one of these annotations: org.springframework.data.relational.core.mapping.Table.
2025-03-06 18:24:19 [restartedMain] INFO  o.s.d.r.c.RepositoryConfigurationExtensionSupport - Spring Data JDBC - Could not safely identify store assignment for repository candidate interface com.yts.revaux.ntQuote.repository.QuoteMaterialMarkupRepository; If you want this repository to be a JDBC repository, consider annotating your entities with one of these annotations: org.springframework.data.relational.core.mapping.Table.
2025-03-06 18:24:19 [restartedMain] INFO  o.s.d.r.c.RepositoryConfigurationExtensionSupport - Spring Data JDBC - Could not safely identify store assignment for repository candidate interface com.yts.revaux.ntQuote.repository.QuoteProfitRepository; If you want this repository to be a JDBC repository, consider annotating your entities with one of these annotations: org.springframework.data.relational.core.mapping.Table.
2025-03-06 18:24:19 [restartedMain] INFO  o.s.d.r.c.RepositoryConfigurationExtensionSupport - Spring Data JDBC - Could not safely identify store assignment for repository candidate interface com.yts.revaux.ntQuote.repository.QuoteScrapRateRepository; If you want this repository to be a JDBC repository, consider annotating your entities with one of these annotations: org.springframework.data.relational.core.mapping.Table.
2025-03-06 18:24:19 [restartedMain] INFO  o.s.d.r.c.RepositoryConfigurationExtensionSupport - Spring Data JDBC - Could not safely identify store assignment for repository candidate interface com.yts.revaux.ntQuote.repository.QuoteSgaRateRepository; If you want this repository to be a JDBC repository, consider annotating your entities with one of these annotations: org.springframework.data.relational.core.mapping.Table.
2025-03-06 18:24:19 [restartedMain] INFO  o.s.d.r.c.RepositoryConfigurationDelegate - Finished Spring Data repository scanning in 7 ms. Found 0 JDBC repository interfaces.
2025-03-06 18:24:19 [restartedMain] INFO  o.s.d.r.c.RepositoryConfigurationDelegate - Multiple Spring Data modules found, entering strict repository configuration mode
2025-03-06 18:24:19 [restartedMain] INFO  o.s.d.r.c.RepositoryConfigurationDelegate - Bootstrapping Spring Data JPA repositories in DEFAULT mode.
2025-03-06 18:24:19 [restartedMain] INFO  o.s.d.r.c.RepositoryConfigurationDelegate - Finished Spring Data repository scanning in 10 ms. Found 16 JPA repository interfaces.
2025-03-06 18:24:19 [restartedMain] INFO  o.s.d.r.c.RepositoryConfigurationDelegate - Multiple Spring Data modules found, entering strict repository configuration mode
2025-03-06 18:24:19 [restartedMain] INFO  o.s.d.r.c.RepositoryConfigurationDelegate - Bootstrapping Spring Data Redis repositories in DEFAULT mode.
2025-03-06 18:24:19 [restartedMain] INFO  o.s.d.r.c.RepositoryConfigurationExtensionSupport - Spring Data Redis - Could not safely identify store assignment for repository candidate interface com.yts.revaux.admin.repository.AdminRepository; If you want this repository to be a Redis repository, consider annotating your entities with one of these annotations: org.springframework.data.redis.core.RedisHash (preferred), or consider extending one of the following types with your repository: org.springframework.data.keyvalue.repository.KeyValueRepository
2025-03-06 18:24:19 [restartedMain] INFO  o.s.d.r.c.RepositoryConfigurationExtensionSupport - Spring Data Redis - Could not safely identify store assignment for repository candidate interface com.yts.revaux.admin.repository.UserRepository; If you want this repository to be a Redis repository, consider annotating your entities with one of these annotations: org.springframework.data.redis.core.RedisHash (preferred), or consider extending one of the following types with your repository: org.springframework.data.keyvalue.repository.KeyValueRepository
2025-03-06 18:24:19 [restartedMain] INFO  o.s.d.r.c.RepositoryConfigurationExtensionSupport - Spring Data Redis - Could not safely identify store assignment for repository candidate interface com.yts.revaux.ntQuote.repository.NTQuoteListRepository; If you want this repository to be a Redis repository, consider annotating your entities with one of these annotations: org.springframework.data.redis.core.RedisHash (preferred), or consider extending one of the following types with your repository: org.springframework.data.keyvalue.repository.KeyValueRepository
2025-03-06 18:24:19 [restartedMain] INFO  o.s.d.r.c.RepositoryConfigurationExtensionSupport - Spring Data Redis - Could not safely identify store assignment for repository candidate interface com.yts.revaux.ntQuote.repository.NtQuoteComponentDetailRepository; If you want this repository to be a Redis repository, consider annotating your entities with one of these annotations: org.springframework.data.redis.core.RedisHash (preferred), or consider extending one of the following types with your repository: org.springframework.data.keyvalue.repository.KeyValueRepository
2025-03-06 18:24:19 [restartedMain] INFO  o.s.d.r.c.RepositoryConfigurationExtensionSupport - Spring Data Redis - Could not safely identify store assignment for repository candidate interface com.yts.revaux.ntQuote.repository.NtQuoteContactReviewInformationRepository; If you want this repository to be a Redis repository, consider annotating your entities with one of these annotations: org.springframework.data.redis.core.RedisHash (preferred), or consider extending one of the following types with your repository: org.springframework.data.keyvalue.repository.KeyValueRepository
2025-03-06 18:24:19 [restartedMain] INFO  o.s.d.r.c.RepositoryConfigurationExtensionSupport - Spring Data Redis - Could not safely identify store assignment for repository candidate interface com.yts.revaux.ntQuote.repository.NtQuoteCostOverviewCustomerInputOutputRepository; If you want this repository to be a Redis repository, consider annotating your entities with one of these annotations: org.springframework.data.redis.core.RedisHash (preferred), or consider extending one of the following types with your repository: org.springframework.data.keyvalue.repository.KeyValueRepository
2025-03-06 18:24:19 [restartedMain] INFO  o.s.d.r.c.RepositoryConfigurationExtensionSupport - Spring Data Redis - Could not safely identify store assignment for repository candidate interface com.yts.revaux.ntQuote.repository.NtQuoteCustomerProjectRepository; If you want this repository to be a Redis repository, consider annotating your entities with one of these annotations: org.springframework.data.redis.core.RedisHash (preferred), or consider extending one of the following types with your repository: org.springframework.data.keyvalue.repository.KeyValueRepository
2025-03-06 18:24:19 [restartedMain] INFO  o.s.d.r.c.RepositoryConfigurationExtensionSupport - Spring Data Redis - Could not safely identify store assignment for repository candidate interface com.yts.revaux.ntQuote.repository.NtQuoteProjectConsiderationRepository; If you want this repository to be a Redis repository, consider annotating your entities with one of these annotations: org.springframework.data.redis.core.RedisHash (preferred), or consider extending one of the following types with your repository: org.springframework.data.keyvalue.repository.KeyValueRepository
2025-03-06 18:24:19 [restartedMain] INFO  o.s.d.r.c.RepositoryConfigurationExtensionSupport - Spring Data Redis - Could not safely identify store assignment for repository candidate interface com.yts.revaux.ntQuote.repository.NtQuoteProjectEstimatedTimingRepository; If you want this repository to be a Redis repository, consider annotating your entities with one of these annotations: org.springframework.data.redis.core.RedisHash (preferred), or consider extending one of the following types with your repository: org.springframework.data.keyvalue.repository.KeyValueRepository
2025-03-06 18:24:19 [restartedMain] INFO  o.s.d.r.c.RepositoryConfigurationExtensionSupport - Spring Data Redis - Could not safely identify store assignment for repository candidate interface com.yts.revaux.ntQuote.repository.QuoteLabourRateRepository; If you want this repository to be a Redis repository, consider annotating your entities with one of these annotations: org.springframework.data.redis.core.RedisHash (preferred), or consider extending one of the following types with your repository: org.springframework.data.keyvalue.repository.KeyValueRepository
2025-03-06 18:24:19 [restartedMain] INFO  o.s.d.r.c.RepositoryConfigurationExtensionSupport - Spring Data Redis - Could not safely identify store assignment for repository candidate interface com.yts.revaux.ntQuote.repository.QuoteMachineEfficiencyRepository; If you want this repository to be a Redis repository, consider annotating your entities with one of these annotations: org.springframework.data.redis.core.RedisHash (preferred), or consider extending one of the following types with your repository: org.springframework.data.keyvalue.repository.KeyValueRepository
2025-03-06 18:24:19 [restartedMain] INFO  o.s.d.r.c.RepositoryConfigurationExtensionSupport - Spring Data Redis - Could not safely identify store assignment for repository candidate interface com.yts.revaux.ntQuote.repository.QuoteMachineSetupRepository; If you want this repository to be a Redis repository, consider annotating your entities with one of these annotations: org.springframework.data.redis.core.RedisHash (preferred), or consider extending one of the following types with your repository: org.springframework.data.keyvalue.repository.KeyValueRepository
2025-03-06 18:24:19 [restartedMain] INFO  o.s.d.r.c.RepositoryConfigurationExtensionSupport - Spring Data Redis - Could not safely identify store assignment for repository candidate interface com.yts.revaux.ntQuote.repository.QuoteMaterialMarkupRepository; If you want this repository to be a Redis repository, consider annotating your entities with one of these annotations: org.springframework.data.redis.core.RedisHash (preferred), or consider extending one of the following types with your repository: org.springframework.data.keyvalue.repository.KeyValueRepository
2025-03-06 18:24:19 [restartedMain] INFO  o.s.d.r.c.RepositoryConfigurationExtensionSupport - Spring Data Redis - Could not safely identify store assignment for repository candidate interface com.yts.revaux.ntQuote.repository.QuoteProfitRepository; If you want this repository to be a Redis repository, consider annotating your entities with one of these annotations: org.springframework.data.redis.core.RedisHash (preferred), or consider extending one of the following types with your repository: org.springframework.data.keyvalue.repository.KeyValueRepository
2025-03-06 18:24:19 [restartedMain] INFO  o.s.d.r.c.RepositoryConfigurationExtensionSupport - Spring Data Redis - Could not safely identify store assignment for repository candidate interface com.yts.revaux.ntQuote.repository.QuoteScrapRateRepository; If you want this repository to be a Redis repository, consider annotating your entities with one of these annotations: org.springframework.data.redis.core.RedisHash (preferred), or consider extending one of the following types with your repository: org.springframework.data.keyvalue.repository.KeyValueRepository
2025-03-06 18:24:19 [restartedMain] INFO  o.s.d.r.c.RepositoryConfigurationExtensionSupport - Spring Data Redis - Could not safely identify store assignment for repository candidate interface com.yts.revaux.ntQuote.repository.QuoteSgaRateRepository; If you want this repository to be a Redis repository, consider annotating your entities with one of these annotations: org.springframework.data.redis.core.RedisHash (preferred), or consider extending one of the following types with your repository: org.springframework.data.keyvalue.repository.KeyValueRepository
2025-03-06 18:24:19 [restartedMain] INFO  o.s.d.r.c.RepositoryConfigurationDelegate - Finished Spring Data repository scanning in 2 ms. Found 0 Redis repository interfaces.
2025-03-06 18:24:19 [restartedMain] INFO  o.s.b.w.e.tomcat.TomcatWebServer - Tomcat initialized with port 8080 (http)
2025-03-06 18:24:19 [restartedMain] INFO  o.a.coyote.http11.Http11NioProtocol - Initializing ProtocolHandler ["http-nio-8080"]
2025-03-06 18:24:19 [restartedMain] INFO  o.a.catalina.core.StandardService - Starting service [Tomcat]
2025-03-06 18:24:19 [restartedMain] INFO  o.a.catalina.core.StandardEngine - Starting Servlet engine: [Apache Tomcat/10.1.36]
2025-03-06 18:24:19 [restartedMain] INFO  o.a.c.c.C.[.[localhost].[/rev-aux] - Initializing Spring embedded WebApplicationContext
2025-03-06 18:24:19 [restartedMain] INFO  o.s.b.w.s.c.ServletWebServerApplicationContext - Root WebApplicationContext: initialization completed in 151 ms
2025-03-06 18:24:19 [restartedMain] INFO  o.h.jpa.internal.util.LogHelper - HHH000204: Processing PersistenceUnitInfo [name: default]
2025-03-06 18:24:19 [restartedMain] INFO  o.h.c.i.RegionFactoryInitiator - HHH000026: Second-level cache disabled
2025-03-06 18:24:19 [restartedMain] INFO  o.s.o.j.p.SpringPersistenceUnitInfo - No LoadTimeWeaver setup: ignoring JPA class transformer
2025-03-06 18:24:19 [restartedMain] INFO  com.zaxxer.hikari.HikariDataSource - HikariPool-13 - Starting...
2025-03-06 18:24:19 [restartedMain] INFO  com.zaxxer.hikari.pool.HikariPool - HikariPool-13 - Added connection org.postgresql.jdbc.PgConnection@3c58ae83
2025-03-06 18:24:19 [restartedMain] INFO  com.zaxxer.hikari.HikariDataSource - HikariPool-13 - Start completed.
2025-03-06 18:24:19 [restartedMain] INFO  o.hibernate.orm.connections.pooling - HHH10001005: Database info:
	Database JDBC URL [Connecting through datasource 'HikariDataSource (HikariPool-13)']
	Database driver: undefined/unknown
	Database version: 14.17
	Autocommit mode: undefined/unknown
	Isolation level: undefined/unknown
	Minimum pool size: undefined/unknown
	Maximum pool size: undefined/unknown
2025-03-06 18:24:19 [restartedMain] INFO  o.h.e.t.j.p.i.JtaPlatformInitiator - HHH000489: No JTA platform available (set 'hibernate.transaction.jta.platform' to enable JTA platform integration)
2025-03-06 18:24:20 [restartedMain] INFO  o.s.o.j.LocalContainerEntityManagerFactoryBean - Initialized JPA EntityManagerFactory for persistence unit 'default'
2025-03-06 18:24:21 [restartedMain] WARN  o.s.b.a.o.j.JpaBaseConfiguration$JpaWebConfiguration - spring.jpa.open-in-view is enabled by default. Therefore, database queries may be performed during view rendering. Explicitly configure spring.jpa.open-in-view to disable this warning
2025-03-06 18:24:21 [restartedMain] INFO  o.s.s.c.a.a.c.InitializeUserDetailsBeanManagerConfigurer$InitializeUserDetailsManagerConfigurer - Global AuthenticationManager configured with UserDetailsService bean with name customUserDetailsService
2025-03-06 18:24:21 [restartedMain] INFO  o.s.b.d.a.OptionalLiveReloadServer - LiveReload server is running on port 35729
2025-03-06 18:24:21 [restartedMain] INFO  o.a.coyote.http11.Http11NioProtocol - Starting ProtocolHandler ["http-nio-8080"]
2025-03-06 18:24:21 [restartedMain] INFO  o.s.b.w.e.tomcat.TomcatWebServer - Tomcat started on port 8080 (http) with context path '/rev-aux'
2025-03-06 18:24:21 [restartedMain] INFO  com.yts.revaux.RevAuxApplication - Started RevAuxApplication in 2.083 seconds (process running for 3405.421)
2025-03-06 18:24:21 [restartedMain] INFO  o.s.b.d.a.ConditionEvaluationDeltaLoggingListener - Condition evaluation unchanged
2025-03-06 18:24:21 [http-nio-8080-exec-1] INFO  o.a.c.c.C.[.[localhost].[/rev-aux] - Initializing Spring DispatcherServlet 'dispatcherServlet'
2025-03-06 18:24:21 [http-nio-8080-exec-1] INFO  o.s.web.servlet.DispatcherServlet - Initializing Servlet 'dispatcherServlet'
2025-03-06 18:24:21 [http-nio-8080-exec-1] INFO  o.s.web.servlet.DispatcherServlet - Completed initialization in 1 ms
2025-03-06 18:24:21 [http-nio-8080-exec-1] WARN  c.y.r.config.JwtAuthenticationFilter - ❌ No valid JWT token found in cookies!
2025-03-06 18:24:21 [http-nio-8080-exec-4] WARN  c.y.r.config.JwtAuthenticationFilter - ❌ No valid JWT token found in cookies!
2025-03-06 18:24:21 [http-nio-8080-exec-3] WARN  c.y.r.config.JwtAuthenticationFilter - ❌ No valid JWT token found in cookies!
2025-03-06 18:24:21 [http-nio-8080-exec-5] WARN  c.y.r.config.JwtAuthenticationFilter - ❌ No valid JWT token found in cookies!
2025-03-06 18:24:21 [http-nio-8080-exec-2] WARN  c.y.r.config.JwtAuthenticationFilter - ❌ No valid JWT token found in cookies!
2025-03-06 18:24:21 [http-nio-8080-exec-6] WARN  c.y.r.config.JwtAuthenticationFilter - ❌ No valid JWT token found in cookies!
2025-03-06 18:24:21 [http-nio-8080-exec-7] WARN  c.y.r.config.JwtAuthenticationFilter - ❌ No valid JWT token found in cookies!
2025-03-06 18:24:21 [http-nio-8080-exec-8] WARN  c.y.r.config.JwtAuthenticationFilter - ❌ No valid JWT token found in cookies!
2025-03-06 18:24:21 [http-nio-8080-exec-9] WARN  c.y.r.config.JwtAuthenticationFilter - ❌ No valid JWT token found in cookies!
2025-03-06 18:24:21 [http-nio-8080-exec-10] WARN  c.y.r.config.JwtAuthenticationFilter - ❌ No valid JWT token found in cookies!
2025-03-06 18:24:24 [http-nio-8080-exec-1] WARN  c.y.r.config.JwtAuthenticationFilter - ❌ No valid JWT token found in cookies!
2025-03-06 18:24:24 [http-nio-8080-exec-4] WARN  c.y.r.config.JwtAuthenticationFilter - ❌ No valid JWT token found in cookies!
2025-03-06 18:24:24 [http-nio-8080-exec-5] WARN  c.y.r.config.JwtAuthenticationFilter - ❌ No valid JWT token found in cookies!
2025-03-06 18:24:24 [http-nio-8080-exec-2] WARN  c.y.r.config.JwtAuthenticationFilter - ❌ No valid JWT token found in cookies!
2025-03-06 18:24:24 [http-nio-8080-exec-3] WARN  c.y.r.config.JwtAuthenticationFilter - ❌ No valid JWT token found in cookies!
2025-03-06 18:24:24 [http-nio-8080-exec-7] WARN  c.y.r.config.JwtAuthenticationFilter - ❌ No valid JWT token found in cookies!
2025-03-06 18:24:24 [http-nio-8080-exec-6] WARN  c.y.r.config.JwtAuthenticationFilter - ❌ No valid JWT token found in cookies!
2025-03-06 18:24:24 [http-nio-8080-exec-8] WARN  c.y.r.config.JwtAuthenticationFilter - ❌ No valid JWT token found in cookies!
2025-03-06 18:24:24 [http-nio-8080-exec-9] WARN  c.y.r.config.JwtAuthenticationFilter - ❌ No valid JWT token found in cookies!
2025-03-06 18:24:24 [http-nio-8080-exec-1] WARN  c.y.r.config.JwtAuthenticationFilter - ❌ No valid JWT token found in cookies!
2025-03-06 18:24:24 [http-nio-8080-exec-10] WARN  c.y.r.config.JwtAuthenticationFilter - ❌ No valid JWT token found in cookies!
2025-03-06 18:24:24 [http-nio-8080-exec-4] WARN  c.y.r.config.JwtAuthenticationFilter - ❌ No valid JWT token found in cookies!
2025-03-06 18:24:24 [http-nio-8080-exec-5] WARN  c.y.r.config.JwtAuthenticationFilter - ❌ No valid JWT token found in cookies!
2025-03-06 18:24:24 [http-nio-8080-exec-7] WARN  c.y.r.config.JwtAuthenticationFilter - ❌ No valid JWT token found in cookies!
2025-03-06 18:24:24 [http-nio-8080-exec-2] WARN  c.y.r.config.JwtAuthenticationFilter - ❌ No valid JWT token found in cookies!
2025-03-06 18:24:24 [http-nio-8080-exec-6] WARN  c.y.r.config.JwtAuthenticationFilter - ❌ No valid JWT token found in cookies!
2025-03-06 18:24:24 [http-nio-8080-exec-9] WARN  c.y.r.config.JwtAuthenticationFilter - ❌ No valid JWT token found in cookies!
2025-03-06 18:24:24 [http-nio-8080-exec-8] WARN  c.y.r.config.JwtAuthenticationFilter - ❌ No valid JWT token found in cookies!
2025-03-06 18:24:24 [http-nio-8080-exec-10] WARN  c.y.r.config.JwtAuthenticationFilter - ❌ No valid JWT token found in cookies!
2025-03-06 18:24:24 [http-nio-8080-exec-3] WARN  c.y.r.config.JwtAuthenticationFilter - ❌ No valid JWT token found in cookies!
2025-03-06 18:24:24 [http-nio-8080-exec-5] WARN  c.y.r.config.JwtAuthenticationFilter - ❌ No valid JWT token found in cookies!
2025-03-06 18:24:24 [http-nio-8080-exec-4] WARN  c.y.r.config.JwtAuthenticationFilter - ❌ No valid JWT token found in cookies!
2025-03-06 18:24:24 [http-nio-8080-exec-1] WARN  c.y.r.config.JwtAuthenticationFilter - ❌ No valid JWT token found in cookies!
2025-03-06 18:24:24 [http-nio-8080-exec-7] WARN  c.y.r.config.JwtAuthenticationFilter - ❌ No valid JWT token found in cookies!
2025-03-06 18:24:24 [http-nio-8080-exec-6] WARN  c.y.r.config.JwtAuthenticationFilter - ❌ No valid JWT token found in cookies!
2025-03-06 18:24:24 [http-nio-8080-exec-2] WARN  c.y.r.config.JwtAuthenticationFilter - ❌ No valid JWT token found in cookies!
2025-03-06 18:24:24 [http-nio-8080-exec-9] WARN  c.y.r.config.JwtAuthenticationFilter - ❌ No valid JWT token found in cookies!
2025-03-06 18:24:24 [http-nio-8080-exec-8] WARN  c.y.r.config.JwtAuthenticationFilter - ❌ No valid JWT token found in cookies!
2025-03-06 18:24:24 [http-nio-8080-exec-3] WARN  c.y.r.config.JwtAuthenticationFilter - ❌ No valid JWT token found in cookies!
2025-03-06 18:24:24 [http-nio-8080-exec-10] WARN  c.y.r.config.JwtAuthenticationFilter - ❌ No valid JWT token found in cookies!
2025-03-06 18:24:24 [http-nio-8080-exec-5] WARN  c.y.r.config.JwtAuthenticationFilter - ❌ No valid JWT token found in cookies!
2025-03-06 18:24:24 [http-nio-8080-exec-1] WARN  c.y.r.config.JwtAuthenticationFilter - ❌ No valid JWT token found in cookies!
2025-03-06 18:24:24 [http-nio-8080-exec-2] WARN  c.y.r.config.JwtAuthenticationFilter - ❌ No valid JWT token found in cookies!
2025-03-06 18:24:24 [http-nio-8080-exec-4] WARN  c.y.r.config.JwtAuthenticationFilter - ❌ No valid JWT token found in cookies!
2025-03-06 18:24:24 [http-nio-8080-exec-1] WARN  c.y.r.config.JwtAuthenticationFilter - ❌ No valid JWT token found in cookies!
2025-03-06 18:24:24 [http-nio-8080-exec-2] WARN  c.y.r.config.JwtAuthenticationFilter - ❌ No valid JWT token found in cookies!
2025-03-06 18:24:24 [http-nio-8080-exec-4] WARN  c.y.r.config.JwtAuthenticationFilter - ❌ No valid JWT token found in cookies!
2025-03-06 18:24:24 [http-nio-8080-exec-8] WARN  c.y.r.config.JwtAuthenticationFilter - ❌ No valid JWT token found in cookies!
2025-03-06 18:24:24 [http-nio-8080-exec-3] WARN  c.y.r.config.JwtAuthenticationFilter - ❌ No valid JWT token found in cookies!
2025-03-06 18:24:24 [http-nio-8080-exec-10] WARN  c.y.r.config.JwtAuthenticationFilter - ❌ No valid JWT token found in cookies!
2025-03-06 18:24:24 [http-nio-8080-exec-5] WARN  c.y.r.config.JwtAuthenticationFilter - ❌ No valid JWT token found in cookies!
2025-03-06 18:24:24 [http-nio-8080-exec-7] WARN  c.y.r.config.JwtAuthenticationFilter - ❌ No valid JWT token found in cookies!
2025-03-06 18:24:24 [http-nio-8080-exec-2] WARN  c.y.r.config.JwtAuthenticationFilter - ❌ No valid JWT token found in cookies!
2025-03-06 18:24:24 [http-nio-8080-exec-1] WARN  c.y.r.config.JwtAuthenticationFilter - ❌ No valid JWT token found in cookies!
2025-03-06 18:24:24 [http-nio-8080-exec-6] WARN  c.y.r.config.JwtAuthenticationFilter - ❌ No valid JWT token found in cookies!
2025-03-06 18:24:24 [http-nio-8080-exec-5] WARN  c.y.r.config.JwtAuthenticationFilter - ❌ No valid JWT token found in cookies!
2025-03-06 18:24:24 [http-nio-8080-exec-9] WARN  c.y.r.config.JwtAuthenticationFilter - ❌ No valid JWT token found in cookies!
2025-03-06 18:24:24 [http-nio-8080-exec-4] WARN  c.y.r.config.JwtAuthenticationFilter - ❌ No valid JWT token found in cookies!
2025-03-06 18:24:24 [http-nio-8080-exec-3] WARN  c.y.r.config.JwtAuthenticationFilter - ❌ No valid JWT token found in cookies!
2025-03-06 18:24:24 [http-nio-8080-exec-10] WARN  c.y.r.config.JwtAuthenticationFilter - ❌ No valid JWT token found in cookies!
2025-03-06 18:24:24 [http-nio-8080-exec-8] WARN  c.y.r.config.JwtAuthenticationFilter - ❌ No valid JWT token found in cookies!
2025-03-06 18:24:24 [http-nio-8080-exec-2] WARN  c.y.r.config.JwtAuthenticationFilter - ❌ No valid JWT token found in cookies!
2025-03-06 18:24:24 [http-nio-8080-exec-7] WARN  c.y.r.config.JwtAuthenticationFilter - ❌ No valid JWT token found in cookies!
2025-03-06 18:24:25 [http-nio-8080-exec-1] WARN  c.y.r.config.JwtAuthenticationFilter - ❌ No valid JWT token found in cookies!
2025-03-06 18:24:25 [http-nio-8080-exec-10] WARN  c.y.r.config.JwtAuthenticationFilter - ❌ No valid JWT token found in cookies!
2025-03-06 18:24:25 [http-nio-8080-exec-5] WARN  c.y.r.config.JwtAuthenticationFilter - ❌ No valid JWT token found in cookies!
2025-03-06 18:24:25 [http-nio-8080-exec-3] WARN  c.y.r.config.JwtAuthenticationFilter - ❌ No valid JWT token found in cookies!
2025-03-06 18:24:25 [http-nio-8080-exec-9] WARN  c.y.r.config.JwtAuthenticationFilter - ❌ No valid JWT token found in cookies!
2025-03-06 18:24:25 [http-nio-8080-exec-6] WARN  c.y.r.config.JwtAuthenticationFilter - ❌ No valid JWT token found in cookies!
2025-03-06 18:24:25 [http-nio-8080-exec-4] WARN  c.y.r.config.JwtAuthenticationFilter - ❌ No valid JWT token found in cookies!
2025-03-06 18:24:26 [http-nio-8080-exec-8] WARN  c.y.r.config.JwtAuthenticationFilter - ❌ No valid JWT token found in cookies!
2025-03-06 18:24:26 [http-nio-8080-exec-8] INFO  c.y.r.n.w.rest.NtQuoteListController - Fetching all NT Quotes
2025-03-06 18:24:26 [http-nio-8080-exec-2] WARN  c.y.r.config.JwtAuthenticationFilter - ❌ No valid JWT token found in cookies!
2025-03-06 18:24:26 [http-nio-8080-exec-7] WARN  c.y.r.config.JwtAuthenticationFilter - ❌ No valid JWT token found in cookies!
2025-03-06 18:26:27 [http-nio-8080-exec-4] WARN  c.y.r.config.JwtAuthenticationFilter - ❌ No valid JWT token found in cookies!
2025-03-06 18:26:27 [http-nio-8080-exec-4] INFO  c.y.r.n.w.rest.NtQuoteListController - Checking if Mold Mannual  file exists -> id: 4,  fileName: ntdemo.xlsx
2025-03-06 18:26:27 [http-nio-8080-exec-4] INFO  c.y.r.n.w.rest.NtQuoteListController - generate Remote Mold Mannual File Path id = 4 fileName = ntdemo.xlsx
2025-03-06 18:26:27 [http-nio-8080-exec-4] INFO  c.y.r.n.w.rest.NtQuoteListController - currentPath  = /home/CPS/NtQuote/MoldMannual/4
2025-03-06 18:26:27 [http-nio-8080-exec-4] INFO  c.y.r.n.w.rest.NtQuoteListController - Generated remote file path: /home/CPS/NtQuote/MoldMannual/4/ntdemo.xlsx
2025-03-06 18:26:27 [http-nio-8080-exec-4] INFO  c.y.r.a.web.rest.AdminRestController - Checking Mold Manual File Exists - id: 4, remoteFilePath: '/home/CPS/NtQuote/MoldMannual/4/ntdemo.xlsx'
2025-03-06 18:26:27 [http-nio-8080-exec-4] INFO  c.y.r.a.web.rest.AdminRestController - File existence count: 1
2025-03-06 18:26:27 [http-nio-8080-exec-4] INFO  c.y.r.n.w.rest.NtQuoteListController - File existence check result: true
2025-03-06 18:26:28 [http-nio-8080-exec-2] WARN  c.y.r.config.JwtAuthenticationFilter - ❌ No valid JWT token found in cookies!
2025-03-06 18:26:28 [http-nio-8080-exec-2] ERROR c.y.r.n.w.rest.NtQuoteListController - Controller -- overwrite mold mannual File id ===== 4
2025-03-06 18:26:28 [http-nio-8080-exec-2] INFO  c.y.r.n.w.rest.NtQuoteListController - overwrite Mold Mannual File line  ===== 4
2025-03-06 18:26:28 [http-nio-8080-exec-2] INFO  c.y.r.a.web.rest.AdminRestController - overwrite Mold Manual File invoked with fileName: ntdemo.xlsx, id: 4
2025-03-06 18:26:28 [http-nio-8080-exec-2] INFO  c.y.r.a.web.rest.AdminRestController - Data size: 5102 bytes
2025-03-06 18:26:28 [http-nio-8080-exec-2] INFO  c.y.r.a.web.rest.AdminRestController - Remote file path = /home/CPS/NtQuote/MoldManual/4/ntdemo.xlsx
2025-03-06 18:28:03 [File Watcher] INFO  o.s.b.d.a.LocalDevToolsAutoConfiguration$RestartingClassPathChangeChangedEventListener - Restarting due to 1 class path change (0 additions, 0 deletions, 1 modification)
2025-03-06 18:28:03 [Thread-71] INFO  o.s.b.w.e.tomcat.GracefulShutdown - Commencing graceful shutdown. Waiting for active requests to complete
2025-03-06 18:28:03 [tomcat-shutdown] INFO  o.a.coyote.http11.Http11NioProtocol - Pausing ProtocolHandler ["http-nio-8080"]
2025-03-06 18:28:33 [Thread-71] INFO  o.s.c.s.DefaultLifecycleProcessor - Shutdown phase 2147482623 ends with 1 bean still running after timeout of 30000ms: [webServerGracefulShutdown]
2025-03-06 18:28:33 [Thread-71] INFO  o.a.coyote.http11.Http11NioProtocol - Stopping ProtocolHandler ["http-nio-8080"]
2025-03-06 18:28:33 [http-nio-8080-exec-2] ERROR c.y.r.a.web.rest.AdminRestController - Thread interrupted while overwriting Mold Manual File: sleep interrupted
java.lang.InterruptedException: sleep interrupted
	at java.base/java.lang.Thread.sleep0(Native Method)
	at java.base/java.lang.Thread.sleep(Thread.java:509)
	at com.yts.revaux.ntQuote.service.NtQuoteListService.overwriteMoldManualAttachment(NtQuoteListService.java:409)
	at java.base/jdk.internal.reflect.DirectMethodHandleAccessor.invoke(DirectMethodHandleAccessor.java:103)
	at java.base/java.lang.reflect.Method.invoke(Method.java:580)
	at org.springframework.aop.support.AopUtils.invokeJoinpointUsingReflection(AopUtils.java:359)
	at org.springframework.aop.framework.ReflectiveMethodInvocation.invokeJoinpoint(ReflectiveMethodInvocation.java:196)
	at org.springframework.aop.framework.ReflectiveMethodInvocation.proceed(ReflectiveMethodInvocation.java:163)
	at org.springframework.transaction.interceptor.TransactionAspectSupport.invokeWithinTransaction(TransactionAspectSupport.java:380)
	at org.springframework.transaction.interceptor.TransactionInterceptor.invoke(TransactionInterceptor.java:119)
	at org.springframework.aop.framework.ReflectiveMethodInvocation.proceed(ReflectiveMethodInvocation.java:184)
	at org.springframework.aop.framework.CglibAopProxy$DynamicAdvisedInterceptor.intercept(CglibAopProxy.java:727)
	at com.yts.revaux.ntQuote.service.NtQuoteListService$$SpringCGLIB$$0.overwriteMoldManualAttachment(<generated>)
	at com.yts.revaux.ntQuote.web.rest.NtQuoteListController.updateOverwriteBuyerAttachCadFile(NtQuoteListController.java:261)
	at java.base/jdk.internal.reflect.DirectMethodHandleAccessor.invoke(DirectMethodHandleAccessor.java:103)
	at java.base/java.lang.reflect.Method.invoke(Method.java:580)
	at org.springframework.web.method.support.InvocableHandlerMethod.doInvoke(InvocableHandlerMethod.java:257)
	at org.springframework.web.method.support.InvocableHandlerMethod.invokeForRequest(InvocableHandlerMethod.java:190)
	at org.springframework.web.servlet.mvc.method.annotation.ServletInvocableHandlerMethod.invokeAndHandle(ServletInvocableHandlerMethod.java:118)
	at org.springframework.web.servlet.mvc.method.annotation.RequestMappingHandlerAdapter.invokeHandlerMethod(RequestMappingHandlerAdapter.java:986)
	at org.springframework.web.servlet.mvc.method.annotation.RequestMappingHandlerAdapter.handleInternal(RequestMappingHandlerAdapter.java:891)
	at org.springframework.web.servlet.mvc.method.AbstractHandlerMethodAdapter.handle(AbstractHandlerMethodAdapter.java:87)
	at org.springframework.web.servlet.DispatcherServlet.doDispatch(DispatcherServlet.java:1088)
	at org.springframework.web.servlet.DispatcherServlet.doService(DispatcherServlet.java:978)
	at org.springframework.web.servlet.FrameworkServlet.processRequest(FrameworkServlet.java:1014)
	at org.springframework.web.servlet.FrameworkServlet.doPost(FrameworkServlet.java:914)
	at jakarta.servlet.http.HttpServlet.service(HttpServlet.java:590)
	at org.springframework.web.servlet.FrameworkServlet.service(FrameworkServlet.java:885)
	at jakarta.servlet.http.HttpServlet.service(HttpServlet.java:658)
	at org.apache.catalina.core.ApplicationFilterChain.internalDoFilter(ApplicationFilterChain.java:195)
	at org.apache.catalina.core.ApplicationFilterChain.doFilter(ApplicationFilterChain.java:140)
	at org.apache.tomcat.websocket.server.WsFilter.doFilter(WsFilter.java:51)
	at org.apache.catalina.core.ApplicationFilterChain.internalDoFilter(ApplicationFilterChain.java:164)
	at org.apache.catalina.core.ApplicationFilterChain.doFilter(ApplicationFilterChain.java:140)
	at org.springframework.web.filter.OncePerRequestFilter.doFilter(OncePerRequestFilter.java:110)
	at org.apache.catalina.core.ApplicationFilterChain.internalDoFilter(ApplicationFilterChain.java:164)
	at org.apache.catalina.core.ApplicationFilterChain.doFilter(ApplicationFilterChain.java:140)
	at org.springframework.web.filter.CompositeFilter$VirtualFilterChain.doFilter(CompositeFilter.java:108)
	at org.springframework.security.web.FilterChainProxy.lambda$doFilterInternal$3(FilterChainProxy.java:231)
	at org.springframework.security.web.FilterChainProxy$VirtualFilterChain.doFilter(FilterChainProxy.java:365)
	at org.springframework.security.web.access.intercept.AuthorizationFilter.doFilter(AuthorizationFilter.java:101)
	at org.springframework.security.web.FilterChainProxy$VirtualFilterChain.doFilter(FilterChainProxy.java:374)
	at org.springframework.security.web.access.ExceptionTranslationFilter.doFilter(ExceptionTranslationFilter.java:126)
	at org.springframework.security.web.access.ExceptionTranslationFilter.doFilter(ExceptionTranslationFilter.java:120)
	at org.springframework.security.web.FilterChainProxy$VirtualFilterChain.doFilter(FilterChainProxy.java:374)
	at org.springframework.security.web.session.SessionManagementFilter.doFilter(SessionManagementFilter.java:131)
	at org.springframework.security.web.session.SessionManagementFilter.doFilter(SessionManagementFilter.java:85)
	at org.springframework.security.web.FilterChainProxy$VirtualFilterChain.doFilter(FilterChainProxy.java:374)
	at org.springframework.security.web.authentication.AnonymousAuthenticationFilter.doFilter(AnonymousAuthenticationFilter.java:100)
	at org.springframework.security.web.FilterChainProxy$VirtualFilterChain.doFilter(FilterChainProxy.java:374)
	at org.springframework.security.web.servletapi.SecurityContextHolderAwareRequestFilter.doFilter(SecurityContextHolderAwareRequestFilter.java:179)
	at org.springframework.security.web.FilterChainProxy$VirtualFilterChain.doFilter(FilterChainProxy.java:374)
	at org.springframework.security.web.savedrequest.RequestCacheAwareFilter.doFilter(RequestCacheAwareFilter.java:63)
	at org.springframework.security.web.FilterChainProxy$VirtualFilterChain.doFilter(FilterChainProxy.java:374)
	at com.yts.revaux.config.JwtAuthenticationFilter.doFilterInternal(JwtAuthenticationFilter.java:52)
	at org.springframework.web.filter.OncePerRequestFilter.doFilter(OncePerRequestFilter.java:116)
	at org.springframework.security.web.FilterChainProxy$VirtualFilterChain.doFilter(FilterChainProxy.java:374)
	at org.springframework.security.web.authentication.logout.LogoutFilter.doFilter(LogoutFilter.java:107)
	at org.springframework.security.web.authentication.logout.LogoutFilter.doFilter(LogoutFilter.java:93)
	at org.springframework.security.web.FilterChainProxy$VirtualFilterChain.doFilter(FilterChainProxy.java:374)
	at org.springframework.web.filter.CorsFilter.doFilterInternal(CorsFilter.java:91)
	at org.springframework.web.filter.OncePerRequestFilter.doFilter(OncePerRequestFilter.java:116)
	at org.springframework.security.web.FilterChainProxy$VirtualFilterChain.doFilter(FilterChainProxy.java:374)
	at org.springframework.security.web.header.HeaderWriterFilter.doHeadersAfter(HeaderWriterFilter.java:90)
	at org.springframework.security.web.header.HeaderWriterFilter.doFilterInternal(HeaderWriterFilter.java:75)
	at org.springframework.web.filter.OncePerRequestFilter.doFilter(OncePerRequestFilter.java:116)
	at org.springframework.security.web.FilterChainProxy$VirtualFilterChain.doFilter(FilterChainProxy.java:374)
	at org.springframework.security.web.context.SecurityContextHolderFilter.doFilter(SecurityContextHolderFilter.java:82)
	at org.springframework.security.web.context.SecurityContextHolderFilter.doFilter(SecurityContextHolderFilter.java:69)
	at org.springframework.security.web.FilterChainProxy$VirtualFilterChain.doFilter(FilterChainProxy.java:374)
	at org.springframework.security.web.context.request.async.WebAsyncManagerIntegrationFilter.doFilterInternal(WebAsyncManagerIntegrationFilter.java:62)
	at org.springframework.web.filter.OncePerRequestFilter.doFilter(OncePerRequestFilter.java:116)
	at org.springframework.security.web.FilterChainProxy$VirtualFilterChain.doFilter(FilterChainProxy.java:374)
	at org.springframework.security.web.session.DisableEncodeUrlFilter.doFilterInternal(DisableEncodeUrlFilter.java:42)
	at org.springframework.web.filter.OncePerRequestFilter.doFilter(OncePerRequestFilter.java:116)
	at org.springframework.security.web.FilterChainProxy$VirtualFilterChain.doFilter(FilterChainProxy.java:374)
	at org.springframework.security.web.FilterChainProxy.doFilterInternal(FilterChainProxy.java:233)
	at org.springframework.security.web.FilterChainProxy.doFilter(FilterChainProxy.java:191)
	at org.springframework.web.filter.CompositeFilter$VirtualFilterChain.doFilter(CompositeFilter.java:113)
	at org.springframework.web.servlet.handler.HandlerMappingIntrospector.lambda$createCacheFilter$3(HandlerMappingIntrospector.java:243)
	at org.springframework.web.filter.CompositeFilter$VirtualFilterChain.doFilter(CompositeFilter.java:113)
	at org.springframework.web.filter.CompositeFilter.doFilter(CompositeFilter.java:74)
	at org.springframework.security.config.annotation.web.configuration.WebMvcSecurityConfiguration$CompositeFilterChainProxy.doFilter(WebMvcSecurityConfiguration.java:238)
	at org.springframework.web.filter.DelegatingFilterProxy.invokeDelegate(DelegatingFilterProxy.java:362)
	at org.springframework.web.filter.DelegatingFilterProxy.doFilter(DelegatingFilterProxy.java:278)
	at org.apache.catalina.core.ApplicationFilterChain.internalDoFilter(ApplicationFilterChain.java:164)
	at org.apache.catalina.core.ApplicationFilterChain.doFilter(ApplicationFilterChain.java:140)
	at org.springframework.web.filter.RequestContextFilter.doFilterInternal(RequestContextFilter.java:100)
	at org.springframework.web.filter.OncePerRequestFilter.doFilter(OncePerRequestFilter.java:116)
	at org.apache.catalina.core.ApplicationFilterChain.internalDoFilter(ApplicationFilterChain.java:164)
	at org.apache.catalina.core.ApplicationFilterChain.doFilter(ApplicationFilterChain.java:140)
	at org.springframework.web.filter.FormContentFilter.doFilterInternal(FormContentFilter.java:93)
	at org.springframework.web.filter.OncePerRequestFilter.doFilter(OncePerRequestFilter.java:116)
	at org.apache.catalina.core.ApplicationFilterChain.internalDoFilter(ApplicationFilterChain.java:164)
	at org.apache.catalina.core.ApplicationFilterChain.doFilter(ApplicationFilterChain.java:140)
	at org.springframework.web.filter.CharacterEncodingFilter.doFilterInternal(CharacterEncodingFilter.java:201)
	at org.springframework.web.filter.OncePerRequestFilter.doFilter(OncePerRequestFilter.java:116)
	at org.apache.catalina.core.ApplicationFilterChain.internalDoFilter(ApplicationFilterChain.java:164)
	at org.apache.catalina.core.ApplicationFilterChain.doFilter(ApplicationFilterChain.java:140)
	at org.apache.catalina.core.StandardWrapperValve.invoke(StandardWrapperValve.java:167)
	at org.apache.catalina.core.StandardContextValve.invoke(StandardContextValve.java:90)
	at org.apache.catalina.authenticator.AuthenticatorBase.invoke(AuthenticatorBase.java:483)
	at org.apache.catalina.core.StandardHostValve.invoke(StandardHostValve.java:115)
	at org.apache.catalina.valves.ErrorReportValve.invoke(ErrorReportValve.java:93)
	at org.apache.catalina.core.StandardEngineValve.invoke(StandardEngineValve.java:74)
	at org.apache.catalina.connector.CoyoteAdapter.service(CoyoteAdapter.java:344)
	at org.apache.coyote.http11.Http11Processor.service(Http11Processor.java:397)
	at org.apache.coyote.AbstractProcessorLight.process(AbstractProcessorLight.java:63)
	at org.apache.coyote.AbstractProtocol$ConnectionHandler.process(AbstractProtocol.java:905)
	at org.apache.tomcat.util.net.NioEndpoint$SocketProcessor.doRun(NioEndpoint.java:1743)
	at org.apache.tomcat.util.net.SocketProcessorBase.run(SocketProcessorBase.java:52)
	at org.apache.tomcat.util.threads.ThreadPoolExecutor.runWorker(ThreadPoolExecutor.java:1190)
	at org.apache.tomcat.util.threads.ThreadPoolExecutor$Worker.run(ThreadPoolExecutor.java:659)
	at org.apache.tomcat.util.threads.TaskThread$WrappingRunnable.run(TaskThread.java:63)
	at java.base/java.lang.Thread.run(Thread.java:1583)
2025-03-06 18:28:33 [tomcat-shutdown] INFO  o.s.b.w.e.tomcat.GracefulShutdown - Graceful shutdown aborted with one or more requests still active
2025-03-06 18:28:33 [Thread-71] INFO  o.s.o.j.LocalContainerEntityManagerFactoryBean - Closing JPA EntityManagerFactory for persistence unit 'default'
2025-03-06 18:28:33 [Thread-71] INFO  com.zaxxer.hikari.HikariDataSource - HikariPool-13 - Shutdown initiated...
2025-03-06 18:28:34 [Thread-71] INFO  com.zaxxer.hikari.HikariDataSource - HikariPool-13 - Shutdown completed.
2025-03-06 18:28:34 [restartedMain] INFO  com.yts.revaux.RevAuxApplication - Starting RevAuxApplication using Java 21.0.5 with PID 63896 (/home/yts125/Desktop/LatestNtQuote_March6/rev-aux/target/classes started by yts125 in /home/yts125/Desktop/LatestNtQuote_March6/rev-aux)
2025-03-06 18:28:34 [restartedMain] INFO  com.yts.revaux.RevAuxApplication - The following 1 profile is active: "dev"
2025-03-06 18:28:34 [restartedMain] INFO  o.s.d.r.c.RepositoryConfigurationDelegate - Multiple Spring Data modules found, entering strict repository configuration mode
2025-03-06 18:28:34 [restartedMain] INFO  o.s.d.r.c.RepositoryConfigurationDelegate - Bootstrapping Spring Data JDBC repositories in DEFAULT mode.
2025-03-06 18:28:34 [restartedMain] INFO  o.s.d.r.c.RepositoryConfigurationExtensionSupport - Spring Data JDBC - Could not safely identify store assignment for repository candidate interface com.yts.revaux.admin.repository.AdminRepository; If you want this repository to be a JDBC repository, consider annotating your entities with one of these annotations: org.springframework.data.relational.core.mapping.Table.
2025-03-06 18:28:34 [restartedMain] INFO  o.s.d.r.c.RepositoryConfigurationExtensionSupport - Spring Data JDBC - Could not safely identify store assignment for repository candidate interface com.yts.revaux.admin.repository.UserRepository; If you want this repository to be a JDBC repository, consider annotating your entities with one of these annotations: org.springframework.data.relational.core.mapping.Table.
2025-03-06 18:28:34 [restartedMain] INFO  o.s.d.r.c.RepositoryConfigurationExtensionSupport - Spring Data JDBC - Could not safely identify store assignment for repository candidate interface com.yts.revaux.ntQuote.repository.NTQuoteListRepository; If you want this repository to be a JDBC repository, consider annotating your entities with one of these annotations: org.springframework.data.relational.core.mapping.Table.
2025-03-06 18:28:34 [restartedMain] INFO  o.s.d.r.c.RepositoryConfigurationExtensionSupport - Spring Data JDBC - Could not safely identify store assignment for repository candidate interface com.yts.revaux.ntQuote.repository.NtQuoteComponentDetailRepository; If you want this repository to be a JDBC repository, consider annotating your entities with one of these annotations: org.springframework.data.relational.core.mapping.Table.
2025-03-06 18:28:34 [restartedMain] INFO  o.s.d.r.c.RepositoryConfigurationExtensionSupport - Spring Data JDBC - Could not safely identify store assignment for repository candidate interface com.yts.revaux.ntQuote.repository.NtQuoteContactReviewInformationRepository; If you want this repository to be a JDBC repository, consider annotating your entities with one of these annotations: org.springframework.data.relational.core.mapping.Table.
2025-03-06 18:28:34 [restartedMain] INFO  o.s.d.r.c.RepositoryConfigurationExtensionSupport - Spring Data JDBC - Could not safely identify store assignment for repository candidate interface com.yts.revaux.ntQuote.repository.NtQuoteCostOverviewCustomerInputOutputRepository; If you want this repository to be a JDBC repository, consider annotating your entities with one of these annotations: org.springframework.data.relational.core.mapping.Table.
2025-03-06 18:28:34 [restartedMain] INFO  o.s.d.r.c.RepositoryConfigurationExtensionSupport - Spring Data JDBC - Could not safely identify store assignment for repository candidate interface com.yts.revaux.ntQuote.repository.NtQuoteCustomerProjectRepository; If you want this repository to be a JDBC repository, consider annotating your entities with one of these annotations: org.springframework.data.relational.core.mapping.Table.
2025-03-06 18:28:34 [restartedMain] INFO  o.s.d.r.c.RepositoryConfigurationExtensionSupport - Spring Data JDBC - Could not safely identify store assignment for repository candidate interface com.yts.revaux.ntQuote.repository.NtQuoteProjectConsiderationRepository; If you want this repository to be a JDBC repository, consider annotating your entities with one of these annotations: org.springframework.data.relational.core.mapping.Table.
2025-03-06 18:28:34 [restartedMain] INFO  o.s.d.r.c.RepositoryConfigurationExtensionSupport - Spring Data JDBC - Could not safely identify store assignment for repository candidate interface com.yts.revaux.ntQuote.repository.NtQuoteProjectEstimatedTimingRepository; If you want this repository to be a JDBC repository, consider annotating your entities with one of these annotations: org.springframework.data.relational.core.mapping.Table.
2025-03-06 18:28:34 [restartedMain] INFO  o.s.d.r.c.RepositoryConfigurationExtensionSupport - Spring Data JDBC - Could not safely identify store assignment for repository candidate interface com.yts.revaux.ntQuote.repository.QuoteLabourRateRepository; If you want this repository to be a JDBC repository, consider annotating your entities with one of these annotations: org.springframework.data.relational.core.mapping.Table.
2025-03-06 18:28:34 [restartedMain] INFO  o.s.d.r.c.RepositoryConfigurationExtensionSupport - Spring Data JDBC - Could not safely identify store assignment for repository candidate interface com.yts.revaux.ntQuote.repository.QuoteMachineEfficiencyRepository; If you want this repository to be a JDBC repository, consider annotating your entities with one of these annotations: org.springframework.data.relational.core.mapping.Table.
2025-03-06 18:28:34 [restartedMain] INFO  o.s.d.r.c.RepositoryConfigurationExtensionSupport - Spring Data JDBC - Could not safely identify store assignment for repository candidate interface com.yts.revaux.ntQuote.repository.QuoteMachineSetupRepository; If you want this repository to be a JDBC repository, consider annotating your entities with one of these annotations: org.springframework.data.relational.core.mapping.Table.
2025-03-06 18:28:34 [restartedMain] INFO  o.s.d.r.c.RepositoryConfigurationExtensionSupport - Spring Data JDBC - Could not safely identify store assignment for repository candidate interface com.yts.revaux.ntQuote.repository.QuoteMaterialMarkupRepository; If you want this repository to be a JDBC repository, consider annotating your entities with one of these annotations: org.springframework.data.relational.core.mapping.Table.
2025-03-06 18:28:34 [restartedMain] INFO  o.s.d.r.c.RepositoryConfigurationExtensionSupport - Spring Data JDBC - Could not safely identify store assignment for repository candidate interface com.yts.revaux.ntQuote.repository.QuoteProfitRepository; If you want this repository to be a JDBC repository, consider annotating your entities with one of these annotations: org.springframework.data.relational.core.mapping.Table.
2025-03-06 18:28:34 [restartedMain] INFO  o.s.d.r.c.RepositoryConfigurationExtensionSupport - Spring Data JDBC - Could not safely identify store assignment for repository candidate interface com.yts.revaux.ntQuote.repository.QuoteScrapRateRepository; If you want this repository to be a JDBC repository, consider annotating your entities with one of these annotations: org.springframework.data.relational.core.mapping.Table.
2025-03-06 18:28:34 [restartedMain] INFO  o.s.d.r.c.RepositoryConfigurationExtensionSupport - Spring Data JDBC - Could not safely identify store assignment for repository candidate interface com.yts.revaux.ntQuote.repository.QuoteSgaRateRepository; If you want this repository to be a JDBC repository, consider annotating your entities with one of these annotations: org.springframework.data.relational.core.mapping.Table.
2025-03-06 18:28:34 [restartedMain] INFO  o.s.d.r.c.RepositoryConfigurationDelegate - Finished Spring Data repository scanning in 8 ms. Found 0 JDBC repository interfaces.
2025-03-06 18:28:34 [restartedMain] INFO  o.s.d.r.c.RepositoryConfigurationDelegate - Multiple Spring Data modules found, entering strict repository configuration mode
2025-03-06 18:28:34 [restartedMain] INFO  o.s.d.r.c.RepositoryConfigurationDelegate - Bootstrapping Spring Data JPA repositories in DEFAULT mode.
2025-03-06 18:28:34 [restartedMain] INFO  o.s.d.r.c.RepositoryConfigurationDelegate - Finished Spring Data repository scanning in 10 ms. Found 16 JPA repository interfaces.
2025-03-06 18:28:34 [restartedMain] INFO  o.s.d.r.c.RepositoryConfigurationDelegate - Multiple Spring Data modules found, entering strict repository configuration mode
2025-03-06 18:28:34 [restartedMain] INFO  o.s.d.r.c.RepositoryConfigurationDelegate - Bootstrapping Spring Data Redis repositories in DEFAULT mode.
2025-03-06 18:28:34 [restartedMain] INFO  o.s.d.r.c.RepositoryConfigurationExtensionSupport - Spring Data Redis - Could not safely identify store assignment for repository candidate interface com.yts.revaux.admin.repository.AdminRepository; If you want this repository to be a Redis repository, consider annotating your entities with one of these annotations: org.springframework.data.redis.core.RedisHash (preferred), or consider extending one of the following types with your repository: org.springframework.data.keyvalue.repository.KeyValueRepository
2025-03-06 18:28:34 [restartedMain] INFO  o.s.d.r.c.RepositoryConfigurationExtensionSupport - Spring Data Redis - Could not safely identify store assignment for repository candidate interface com.yts.revaux.admin.repository.UserRepository; If you want this repository to be a Redis repository, consider annotating your entities with one of these annotations: org.springframework.data.redis.core.RedisHash (preferred), or consider extending one of the following types with your repository: org.springframework.data.keyvalue.repository.KeyValueRepository
2025-03-06 18:28:34 [restartedMain] INFO  o.s.d.r.c.RepositoryConfigurationExtensionSupport - Spring Data Redis - Could not safely identify store assignment for repository candidate interface com.yts.revaux.ntQuote.repository.NTQuoteListRepository; If you want this repository to be a Redis repository, consider annotating your entities with one of these annotations: org.springframework.data.redis.core.RedisHash (preferred), or consider extending one of the following types with your repository: org.springframework.data.keyvalue.repository.KeyValueRepository
2025-03-06 18:28:34 [restartedMain] INFO  o.s.d.r.c.RepositoryConfigurationExtensionSupport - Spring Data Redis - Could not safely identify store assignment for repository candidate interface com.yts.revaux.ntQuote.repository.NtQuoteComponentDetailRepository; If you want this repository to be a Redis repository, consider annotating your entities with one of these annotations: org.springframework.data.redis.core.RedisHash (preferred), or consider extending one of the following types with your repository: org.springframework.data.keyvalue.repository.KeyValueRepository
2025-03-06 18:28:34 [restartedMain] INFO  o.s.d.r.c.RepositoryConfigurationExtensionSupport - Spring Data Redis - Could not safely identify store assignment for repository candidate interface com.yts.revaux.ntQuote.repository.NtQuoteContactReviewInformationRepository; If you want this repository to be a Redis repository, consider annotating your entities with one of these annotations: org.springframework.data.redis.core.RedisHash (preferred), or consider extending one of the following types with your repository: org.springframework.data.keyvalue.repository.KeyValueRepository
2025-03-06 18:28:34 [restartedMain] INFO  o.s.d.r.c.RepositoryConfigurationExtensionSupport - Spring Data Redis - Could not safely identify store assignment for repository candidate interface com.yts.revaux.ntQuote.repository.NtQuoteCostOverviewCustomerInputOutputRepository; If you want this repository to be a Redis repository, consider annotating your entities with one of these annotations: org.springframework.data.redis.core.RedisHash (preferred), or consider extending one of the following types with your repository: org.springframework.data.keyvalue.repository.KeyValueRepository
2025-03-06 18:28:34 [restartedMain] INFO  o.s.d.r.c.RepositoryConfigurationExtensionSupport - Spring Data Redis - Could not safely identify store assignment for repository candidate interface com.yts.revaux.ntQuote.repository.NtQuoteCustomerProjectRepository; If you want this repository to be a Redis repository, consider annotating your entities with one of these annotations: org.springframework.data.redis.core.RedisHash (preferred), or consider extending one of the following types with your repository: org.springframework.data.keyvalue.repository.KeyValueRepository
2025-03-06 18:28:34 [restartedMain] INFO  o.s.d.r.c.RepositoryConfigurationExtensionSupport - Spring Data Redis - Could not safely identify store assignment for repository candidate interface com.yts.revaux.ntQuote.repository.NtQuoteProjectConsiderationRepository; If you want this repository to be a Redis repository, consider annotating your entities with one of these annotations: org.springframework.data.redis.core.RedisHash (preferred), or consider extending one of the following types with your repository: org.springframework.data.keyvalue.repository.KeyValueRepository
2025-03-06 18:28:34 [restartedMain] INFO  o.s.d.r.c.RepositoryConfigurationExtensionSupport - Spring Data Redis - Could not safely identify store assignment for repository candidate interface com.yts.revaux.ntQuote.repository.NtQuoteProjectEstimatedTimingRepository; If you want this repository to be a Redis repository, consider annotating your entities with one of these annotations: org.springframework.data.redis.core.RedisHash (preferred), or consider extending one of the following types with your repository: org.springframework.data.keyvalue.repository.KeyValueRepository
2025-03-06 18:28:34 [restartedMain] INFO  o.s.d.r.c.RepositoryConfigurationExtensionSupport - Spring Data Redis - Could not safely identify store assignment for repository candidate interface com.yts.revaux.ntQuote.repository.QuoteLabourRateRepository; If you want this repository to be a Redis repository, consider annotating your entities with one of these annotations: org.springframework.data.redis.core.RedisHash (preferred), or consider extending one of the following types with your repository: org.springframework.data.keyvalue.repository.KeyValueRepository
2025-03-06 18:28:34 [restartedMain] INFO  o.s.d.r.c.RepositoryConfigurationExtensionSupport - Spring Data Redis - Could not safely identify store assignment for repository candidate interface com.yts.revaux.ntQuote.repository.QuoteMachineEfficiencyRepository; If you want this repository to be a Redis repository, consider annotating your entities with one of these annotations: org.springframework.data.redis.core.RedisHash (preferred), or consider extending one of the following types with your repository: org.springframework.data.keyvalue.repository.KeyValueRepository
2025-03-06 18:28:34 [restartedMain] INFO  o.s.d.r.c.RepositoryConfigurationExtensionSupport - Spring Data Redis - Could not safely identify store assignment for repository candidate interface com.yts.revaux.ntQuote.repository.QuoteMachineSetupRepository; If you want this repository to be a Redis repository, consider annotating your entities with one of these annotations: org.springframework.data.redis.core.RedisHash (preferred), or consider extending one of the following types with your repository: org.springframework.data.keyvalue.repository.KeyValueRepository
2025-03-06 18:28:34 [restartedMain] INFO  o.s.d.r.c.RepositoryConfigurationExtensionSupport - Spring Data Redis - Could not safely identify store assignment for repository candidate interface com.yts.revaux.ntQuote.repository.QuoteMaterialMarkupRepository; If you want this repository to be a Redis repository, consider annotating your entities with one of these annotations: org.springframework.data.redis.core.RedisHash (preferred), or consider extending one of the following types with your repository: org.springframework.data.keyvalue.repository.KeyValueRepository
2025-03-06 18:28:34 [restartedMain] INFO  o.s.d.r.c.RepositoryConfigurationExtensionSupport - Spring Data Redis - Could not safely identify store assignment for repository candidate interface com.yts.revaux.ntQuote.repository.QuoteProfitRepository; If you want this repository to be a Redis repository, consider annotating your entities with one of these annotations: org.springframework.data.redis.core.RedisHash (preferred), or consider extending one of the following types with your repository: org.springframework.data.keyvalue.repository.KeyValueRepository
2025-03-06 18:28:34 [restartedMain] INFO  o.s.d.r.c.RepositoryConfigurationExtensionSupport - Spring Data Redis - Could not safely identify store assignment for repository candidate interface com.yts.revaux.ntQuote.repository.QuoteScrapRateRepository; If you want this repository to be a Redis repository, consider annotating your entities with one of these annotations: org.springframework.data.redis.core.RedisHash (preferred), or consider extending one of the following types with your repository: org.springframework.data.keyvalue.repository.KeyValueRepository
2025-03-06 18:28:34 [restartedMain] INFO  o.s.d.r.c.RepositoryConfigurationExtensionSupport - Spring Data Redis - Could not safely identify store assignment for repository candidate interface com.yts.revaux.ntQuote.repository.QuoteSgaRateRepository; If you want this repository to be a Redis repository, consider annotating your entities with one of these annotations: org.springframework.data.redis.core.RedisHash (preferred), or consider extending one of the following types with your repository: org.springframework.data.keyvalue.repository.KeyValueRepository
2025-03-06 18:28:34 [restartedMain] INFO  o.s.d.r.c.RepositoryConfigurationDelegate - Finished Spring Data repository scanning in 2 ms. Found 0 Redis repository interfaces.
2025-03-06 18:28:34 [restartedMain] INFO  o.s.b.w.e.tomcat.TomcatWebServer - Tomcat initialized with port 8080 (http)
2025-03-06 18:28:34 [restartedMain] INFO  o.a.coyote.http11.Http11NioProtocol - Initializing ProtocolHandler ["http-nio-8080"]
2025-03-06 18:28:34 [restartedMain] INFO  o.a.catalina.core.StandardService - Starting service [Tomcat]
2025-03-06 18:28:34 [restartedMain] INFO  o.a.catalina.core.StandardEngine - Starting Servlet engine: [Apache Tomcat/10.1.36]
2025-03-06 18:28:34 [restartedMain] INFO  o.a.c.c.C.[.[localhost].[/rev-aux] - Initializing Spring embedded WebApplicationContext
2025-03-06 18:28:34 [restartedMain] INFO  o.s.b.w.s.c.ServletWebServerApplicationContext - Root WebApplicationContext: initialization completed in 177 ms
2025-03-06 18:28:34 [restartedMain] INFO  o.h.jpa.internal.util.LogHelper - HHH000204: Processing PersistenceUnitInfo [name: default]
2025-03-06 18:28:34 [restartedMain] INFO  o.h.c.i.RegionFactoryInitiator - HHH000026: Second-level cache disabled
2025-03-06 18:28:34 [restartedMain] INFO  o.s.o.j.p.SpringPersistenceUnitInfo - No LoadTimeWeaver setup: ignoring JPA class transformer
2025-03-06 18:28:34 [restartedMain] INFO  com.zaxxer.hikari.HikariDataSource - HikariPool-14 - Starting...
2025-03-06 18:28:34 [restartedMain] INFO  com.zaxxer.hikari.pool.HikariPool - HikariPool-14 - Added connection org.postgresql.jdbc.PgConnection@28231f3e
2025-03-06 18:28:34 [restartedMain] INFO  com.zaxxer.hikari.HikariDataSource - HikariPool-14 - Start completed.
2025-03-06 18:28:34 [restartedMain] INFO  o.hibernate.orm.connections.pooling - HHH10001005: Database info:
	Database JDBC URL [Connecting through datasource 'HikariDataSource (HikariPool-14)']
	Database driver: undefined/unknown
	Database version: 14.17
	Autocommit mode: undefined/unknown
	Isolation level: undefined/unknown
	Minimum pool size: undefined/unknown
	Maximum pool size: undefined/unknown
2025-03-06 18:28:34 [restartedMain] INFO  o.h.e.t.j.p.i.JtaPlatformInitiator - HHH000489: No JTA platform available (set 'hibernate.transaction.jta.platform' to enable JTA platform integration)
2025-03-06 18:28:36 [restartedMain] INFO  o.s.o.j.LocalContainerEntityManagerFactoryBean - Initialized JPA EntityManagerFactory for persistence unit 'default'
2025-03-06 18:28:36 [restartedMain] WARN  o.s.b.a.o.j.JpaBaseConfiguration$JpaWebConfiguration - spring.jpa.open-in-view is enabled by default. Therefore, database queries may be performed during view rendering. Explicitly configure spring.jpa.open-in-view to disable this warning
2025-03-06 18:28:36 [restartedMain] INFO  o.s.s.c.a.a.c.InitializeUserDetailsBeanManagerConfigurer$InitializeUserDetailsManagerConfigurer - Global AuthenticationManager configured with UserDetailsService bean with name customUserDetailsService
2025-03-06 18:28:36 [restartedMain] INFO  o.s.b.d.a.OptionalLiveReloadServer - LiveReload server is running on port 35729
2025-03-06 18:28:36 [restartedMain] INFO  o.a.coyote.http11.Http11NioProtocol - Starting ProtocolHandler ["http-nio-8080"]
2025-03-06 18:28:36 [restartedMain] INFO  o.s.b.w.e.tomcat.TomcatWebServer - Tomcat started on port 8080 (http) with context path '/rev-aux'
2025-03-06 18:28:36 [restartedMain] INFO  com.yts.revaux.RevAuxApplication - Started RevAuxApplication in 2.591 seconds (process running for 3660.898)
2025-03-06 18:28:36 [restartedMain] INFO  o.s.b.d.a.ConditionEvaluationDeltaLoggingListener - Condition evaluation unchanged
2025-03-06 18:28:36 [http-nio-8080-exec-1] INFO  o.a.c.c.C.[.[localhost].[/rev-aux] - Initializing Spring DispatcherServlet 'dispatcherServlet'
2025-03-06 18:28:36 [http-nio-8080-exec-1] INFO  o.s.web.servlet.DispatcherServlet - Initializing Servlet 'dispatcherServlet'
2025-03-06 18:28:36 [http-nio-8080-exec-1] INFO  o.s.web.servlet.DispatcherServlet - Completed initialization in 1 ms
2025-03-06 18:28:36 [http-nio-8080-exec-1] WARN  c.y.r.config.JwtAuthenticationFilter - ❌ No valid JWT token found in cookies!
2025-03-06 18:28:36 [http-nio-8080-exec-4] WARN  c.y.r.config.JwtAuthenticationFilter - ❌ No valid JWT token found in cookies!
2025-03-06 18:28:36 [http-nio-8080-exec-3] WARN  c.y.r.config.JwtAuthenticationFilter - ❌ No valid JWT token found in cookies!
2025-03-06 18:28:36 [http-nio-8080-exec-2] WARN  c.y.r.config.JwtAuthenticationFilter - ❌ No valid JWT token found in cookies!
2025-03-06 18:28:36 [http-nio-8080-exec-5] WARN  c.y.r.config.JwtAuthenticationFilter - ❌ No valid JWT token found in cookies!
2025-03-06 18:28:36 [http-nio-8080-exec-7] WARN  c.y.r.config.JwtAuthenticationFilter - ❌ No valid JWT token found in cookies!
2025-03-06 18:28:36 [http-nio-8080-exec-6] WARN  c.y.r.config.JwtAuthenticationFilter - ❌ No valid JWT token found in cookies!
2025-03-06 18:28:36 [http-nio-8080-exec-8] WARN  c.y.r.config.JwtAuthenticationFilter - ❌ No valid JWT token found in cookies!
2025-03-06 18:28:36 [http-nio-8080-exec-9] WARN  c.y.r.config.JwtAuthenticationFilter - ❌ No valid JWT token found in cookies!
2025-03-06 18:28:36 [http-nio-8080-exec-10] WARN  c.y.r.config.JwtAuthenticationFilter - ❌ No valid JWT token found in cookies!
2025-03-06 18:28:42 [File Watcher] INFO  o.s.b.d.a.LocalDevToolsAutoConfiguration$RestartingClassPathChangeChangedEventListener - Restarting due to 1 class path change (0 additions, 0 deletions, 1 modification)
2025-03-06 18:28:42 [Thread-76] INFO  o.s.b.w.e.tomcat.GracefulShutdown - Commencing graceful shutdown. Waiting for active requests to complete
2025-03-06 18:28:42 [tomcat-shutdown] INFO  o.a.coyote.http11.Http11NioProtocol - Pausing ProtocolHandler ["http-nio-8080"]
2025-03-06 18:28:42 [tomcat-shutdown] INFO  o.s.b.w.e.tomcat.GracefulShutdown - Graceful shutdown complete
2025-03-06 18:28:42 [Thread-76] INFO  o.a.coyote.http11.Http11NioProtocol - Stopping ProtocolHandler ["http-nio-8080"]
2025-03-06 18:28:42 [Thread-76] INFO  o.s.o.j.LocalContainerEntityManagerFactoryBean - Closing JPA EntityManagerFactory for persistence unit 'default'
2025-03-06 18:28:42 [Thread-76] INFO  com.zaxxer.hikari.HikariDataSource - HikariPool-14 - Shutdown initiated...
2025-03-06 18:28:42 [Thread-76] INFO  com.zaxxer.hikari.HikariDataSource - HikariPool-14 - Shutdown completed.
2025-03-06 18:28:42 [restartedMain] INFO  com.yts.revaux.RevAuxApplication - Starting RevAuxApplication using Java 21.0.5 with PID 63896 (/home/yts125/Desktop/LatestNtQuote_March6/rev-aux/target/classes started by yts125 in /home/yts125/Desktop/LatestNtQuote_March6/rev-aux)
2025-03-06 18:28:42 [restartedMain] INFO  com.yts.revaux.RevAuxApplication - The following 1 profile is active: "dev"
2025-03-06 18:28:42 [restartedMain] INFO  o.s.d.r.c.RepositoryConfigurationDelegate - Multiple Spring Data modules found, entering strict repository configuration mode
2025-03-06 18:28:42 [restartedMain] INFO  o.s.d.r.c.RepositoryConfigurationDelegate - Bootstrapping Spring Data JDBC repositories in DEFAULT mode.
2025-03-06 18:28:42 [restartedMain] INFO  o.s.d.r.c.RepositoryConfigurationExtensionSupport - Spring Data JDBC - Could not safely identify store assignment for repository candidate interface com.yts.revaux.admin.repository.AdminRepository; If you want this repository to be a JDBC repository, consider annotating your entities with one of these annotations: org.springframework.data.relational.core.mapping.Table.
2025-03-06 18:28:42 [restartedMain] INFO  o.s.d.r.c.RepositoryConfigurationExtensionSupport - Spring Data JDBC - Could not safely identify store assignment for repository candidate interface com.yts.revaux.admin.repository.UserRepository; If you want this repository to be a JDBC repository, consider annotating your entities with one of these annotations: org.springframework.data.relational.core.mapping.Table.
2025-03-06 18:28:42 [restartedMain] INFO  o.s.d.r.c.RepositoryConfigurationExtensionSupport - Spring Data JDBC - Could not safely identify store assignment for repository candidate interface com.yts.revaux.ntQuote.repository.NTQuoteListRepository; If you want this repository to be a JDBC repository, consider annotating your entities with one of these annotations: org.springframework.data.relational.core.mapping.Table.
2025-03-06 18:28:42 [restartedMain] INFO  o.s.d.r.c.RepositoryConfigurationExtensionSupport - Spring Data JDBC - Could not safely identify store assignment for repository candidate interface com.yts.revaux.ntQuote.repository.NtQuoteComponentDetailRepository; If you want this repository to be a JDBC repository, consider annotating your entities with one of these annotations: org.springframework.data.relational.core.mapping.Table.
2025-03-06 18:28:42 [restartedMain] INFO  o.s.d.r.c.RepositoryConfigurationExtensionSupport - Spring Data JDBC - Could not safely identify store assignment for repository candidate interface com.yts.revaux.ntQuote.repository.NtQuoteContactReviewInformationRepository; If you want this repository to be a JDBC repository, consider annotating your entities with one of these annotations: org.springframework.data.relational.core.mapping.Table.
2025-03-06 18:28:42 [restartedMain] INFO  o.s.d.r.c.RepositoryConfigurationExtensionSupport - Spring Data JDBC - Could not safely identify store assignment for repository candidate interface com.yts.revaux.ntQuote.repository.NtQuoteCostOverviewCustomerInputOutputRepository; If you want this repository to be a JDBC repository, consider annotating your entities with one of these annotations: org.springframework.data.relational.core.mapping.Table.
2025-03-06 18:28:42 [restartedMain] INFO  o.s.d.r.c.RepositoryConfigurationExtensionSupport - Spring Data JDBC - Could not safely identify store assignment for repository candidate interface com.yts.revaux.ntQuote.repository.NtQuoteCustomerProjectRepository; If you want this repository to be a JDBC repository, consider annotating your entities with one of these annotations: org.springframework.data.relational.core.mapping.Table.
2025-03-06 18:28:42 [restartedMain] INFO  o.s.d.r.c.RepositoryConfigurationExtensionSupport - Spring Data JDBC - Could not safely identify store assignment for repository candidate interface com.yts.revaux.ntQuote.repository.NtQuoteProjectConsiderationRepository; If you want this repository to be a JDBC repository, consider annotating your entities with one of these annotations: org.springframework.data.relational.core.mapping.Table.
2025-03-06 18:28:42 [restartedMain] INFO  o.s.d.r.c.RepositoryConfigurationExtensionSupport - Spring Data JDBC - Could not safely identify store assignment for repository candidate interface com.yts.revaux.ntQuote.repository.NtQuoteProjectEstimatedTimingRepository; If you want this repository to be a JDBC repository, consider annotating your entities with one of these annotations: org.springframework.data.relational.core.mapping.Table.
2025-03-06 18:28:42 [restartedMain] INFO  o.s.d.r.c.RepositoryConfigurationExtensionSupport - Spring Data JDBC - Could not safely identify store assignment for repository candidate interface com.yts.revaux.ntQuote.repository.QuoteLabourRateRepository; If you want this repository to be a JDBC repository, consider annotating your entities with one of these annotations: org.springframework.data.relational.core.mapping.Table.
2025-03-06 18:28:42 [restartedMain] INFO  o.s.d.r.c.RepositoryConfigurationExtensionSupport - Spring Data JDBC - Could not safely identify store assignment for repository candidate interface com.yts.revaux.ntQuote.repository.QuoteMachineEfficiencyRepository; If you want this repository to be a JDBC repository, consider annotating your entities with one of these annotations: org.springframework.data.relational.core.mapping.Table.
2025-03-06 18:28:42 [restartedMain] INFO  o.s.d.r.c.RepositoryConfigurationExtensionSupport - Spring Data JDBC - Could not safely identify store assignment for repository candidate interface com.yts.revaux.ntQuote.repository.QuoteMachineSetupRepository; If you want this repository to be a JDBC repository, consider annotating your entities with one of these annotations: org.springframework.data.relational.core.mapping.Table.
2025-03-06 18:28:42 [restartedMain] INFO  o.s.d.r.c.RepositoryConfigurationExtensionSupport - Spring Data JDBC - Could not safely identify store assignment for repository candidate interface com.yts.revaux.ntQuote.repository.QuoteMaterialMarkupRepository; If you want this repository to be a JDBC repository, consider annotating your entities with one of these annotations: org.springframework.data.relational.core.mapping.Table.
2025-03-06 18:28:42 [restartedMain] INFO  o.s.d.r.c.RepositoryConfigurationExtensionSupport - Spring Data JDBC - Could not safely identify store assignment for repository candidate interface com.yts.revaux.ntQuote.repository.QuoteProfitRepository; If you want this repository to be a JDBC repository, consider annotating your entities with one of these annotations: org.springframework.data.relational.core.mapping.Table.
2025-03-06 18:28:42 [restartedMain] INFO  o.s.d.r.c.RepositoryConfigurationExtensionSupport - Spring Data JDBC - Could not safely identify store assignment for repository candidate interface com.yts.revaux.ntQuote.repository.QuoteScrapRateRepository; If you want this repository to be a JDBC repository, consider annotating your entities with one of these annotations: org.springframework.data.relational.core.mapping.Table.
2025-03-06 18:28:42 [restartedMain] INFO  o.s.d.r.c.RepositoryConfigurationExtensionSupport - Spring Data JDBC - Could not safely identify store assignment for repository candidate interface com.yts.revaux.ntQuote.repository.QuoteSgaRateRepository; If you want this repository to be a JDBC repository, consider annotating your entities with one of these annotations: org.springframework.data.relational.core.mapping.Table.
2025-03-06 18:28:42 [restartedMain] INFO  o.s.d.r.c.RepositoryConfigurationDelegate - Finished Spring Data repository scanning in 7 ms. Found 0 JDBC repository interfaces.
2025-03-06 18:28:42 [restartedMain] INFO  o.s.d.r.c.RepositoryConfigurationDelegate - Multiple Spring Data modules found, entering strict repository configuration mode
2025-03-06 18:28:42 [restartedMain] INFO  o.s.d.r.c.RepositoryConfigurationDelegate - Bootstrapping Spring Data JPA repositories in DEFAULT mode.
2025-03-06 18:28:42 [restartedMain] INFO  o.s.d.r.c.RepositoryConfigurationDelegate - Finished Spring Data repository scanning in 10 ms. Found 16 JPA repository interfaces.
2025-03-06 18:28:42 [restartedMain] INFO  o.s.d.r.c.RepositoryConfigurationDelegate - Multiple Spring Data modules found, entering strict repository configuration mode
2025-03-06 18:28:42 [restartedMain] INFO  o.s.d.r.c.RepositoryConfigurationDelegate - Bootstrapping Spring Data Redis repositories in DEFAULT mode.
2025-03-06 18:28:42 [restartedMain] INFO  o.s.d.r.c.RepositoryConfigurationExtensionSupport - Spring Data Redis - Could not safely identify store assignment for repository candidate interface com.yts.revaux.admin.repository.AdminRepository; If you want this repository to be a Redis repository, consider annotating your entities with one of these annotations: org.springframework.data.redis.core.RedisHash (preferred), or consider extending one of the following types with your repository: org.springframework.data.keyvalue.repository.KeyValueRepository
2025-03-06 18:28:42 [restartedMain] INFO  o.s.d.r.c.RepositoryConfigurationExtensionSupport - Spring Data Redis - Could not safely identify store assignment for repository candidate interface com.yts.revaux.admin.repository.UserRepository; If you want this repository to be a Redis repository, consider annotating your entities with one of these annotations: org.springframework.data.redis.core.RedisHash (preferred), or consider extending one of the following types with your repository: org.springframework.data.keyvalue.repository.KeyValueRepository
2025-03-06 18:28:42 [restartedMain] INFO  o.s.d.r.c.RepositoryConfigurationExtensionSupport - Spring Data Redis - Could not safely identify store assignment for repository candidate interface com.yts.revaux.ntQuote.repository.NTQuoteListRepository; If you want this repository to be a Redis repository, consider annotating your entities with one of these annotations: org.springframework.data.redis.core.RedisHash (preferred), or consider extending one of the following types with your repository: org.springframework.data.keyvalue.repository.KeyValueRepository
2025-03-06 18:28:42 [restartedMain] INFO  o.s.d.r.c.RepositoryConfigurationExtensionSupport - Spring Data Redis - Could not safely identify store assignment for repository candidate interface com.yts.revaux.ntQuote.repository.NtQuoteComponentDetailRepository; If you want this repository to be a Redis repository, consider annotating your entities with one of these annotations: org.springframework.data.redis.core.RedisHash (preferred), or consider extending one of the following types with your repository: org.springframework.data.keyvalue.repository.KeyValueRepository
2025-03-06 18:28:42 [restartedMain] INFO  o.s.d.r.c.RepositoryConfigurationExtensionSupport - Spring Data Redis - Could not safely identify store assignment for repository candidate interface com.yts.revaux.ntQuote.repository.NtQuoteContactReviewInformationRepository; If you want this repository to be a Redis repository, consider annotating your entities with one of these annotations: org.springframework.data.redis.core.RedisHash (preferred), or consider extending one of the following types with your repository: org.springframework.data.keyvalue.repository.KeyValueRepository
2025-03-06 18:28:42 [restartedMain] INFO  o.s.d.r.c.RepositoryConfigurationExtensionSupport - Spring Data Redis - Could not safely identify store assignment for repository candidate interface com.yts.revaux.ntQuote.repository.NtQuoteCostOverviewCustomerInputOutputRepository; If you want this repository to be a Redis repository, consider annotating your entities with one of these annotations: org.springframework.data.redis.core.RedisHash (preferred), or consider extending one of the following types with your repository: org.springframework.data.keyvalue.repository.KeyValueRepository
2025-03-06 18:28:42 [restartedMain] INFO  o.s.d.r.c.RepositoryConfigurationExtensionSupport - Spring Data Redis - Could not safely identify store assignment for repository candidate interface com.yts.revaux.ntQuote.repository.NtQuoteCustomerProjectRepository; If you want this repository to be a Redis repository, consider annotating your entities with one of these annotations: org.springframework.data.redis.core.RedisHash (preferred), or consider extending one of the following types with your repository: org.springframework.data.keyvalue.repository.KeyValueRepository
2025-03-06 18:28:42 [restartedMain] INFO  o.s.d.r.c.RepositoryConfigurationExtensionSupport - Spring Data Redis - Could not safely identify store assignment for repository candidate interface com.yts.revaux.ntQuote.repository.NtQuoteProjectConsiderationRepository; If you want this repository to be a Redis repository, consider annotating your entities with one of these annotations: org.springframework.data.redis.core.RedisHash (preferred), or consider extending one of the following types with your repository: org.springframework.data.keyvalue.repository.KeyValueRepository
2025-03-06 18:28:42 [restartedMain] INFO  o.s.d.r.c.RepositoryConfigurationExtensionSupport - Spring Data Redis - Could not safely identify store assignment for repository candidate interface com.yts.revaux.ntQuote.repository.NtQuoteProjectEstimatedTimingRepository; If you want this repository to be a Redis repository, consider annotating your entities with one of these annotations: org.springframework.data.redis.core.RedisHash (preferred), or consider extending one of the following types with your repository: org.springframework.data.keyvalue.repository.KeyValueRepository
2025-03-06 18:28:42 [restartedMain] INFO  o.s.d.r.c.RepositoryConfigurationExtensionSupport - Spring Data Redis - Could not safely identify store assignment for repository candidate interface com.yts.revaux.ntQuote.repository.QuoteLabourRateRepository; If you want this repository to be a Redis repository, consider annotating your entities with one of these annotations: org.springframework.data.redis.core.RedisHash (preferred), or consider extending one of the following types with your repository: org.springframework.data.keyvalue.repository.KeyValueRepository
2025-03-06 18:28:42 [restartedMain] INFO  o.s.d.r.c.RepositoryConfigurationExtensionSupport - Spring Data Redis - Could not safely identify store assignment for repository candidate interface com.yts.revaux.ntQuote.repository.QuoteMachineEfficiencyRepository; If you want this repository to be a Redis repository, consider annotating your entities with one of these annotations: org.springframework.data.redis.core.RedisHash (preferred), or consider extending one of the following types with your repository: org.springframework.data.keyvalue.repository.KeyValueRepository
2025-03-06 18:28:42 [restartedMain] INFO  o.s.d.r.c.RepositoryConfigurationExtensionSupport - Spring Data Redis - Could not safely identify store assignment for repository candidate interface com.yts.revaux.ntQuote.repository.QuoteMachineSetupRepository; If you want this repository to be a Redis repository, consider annotating your entities with one of these annotations: org.springframework.data.redis.core.RedisHash (preferred), or consider extending one of the following types with your repository: org.springframework.data.keyvalue.repository.KeyValueRepository
2025-03-06 18:28:42 [restartedMain] INFO  o.s.d.r.c.RepositoryConfigurationExtensionSupport - Spring Data Redis - Could not safely identify store assignment for repository candidate interface com.yts.revaux.ntQuote.repository.QuoteMaterialMarkupRepository; If you want this repository to be a Redis repository, consider annotating your entities with one of these annotations: org.springframework.data.redis.core.RedisHash (preferred), or consider extending one of the following types with your repository: org.springframework.data.keyvalue.repository.KeyValueRepository
2025-03-06 18:28:42 [restartedMain] INFO  o.s.d.r.c.RepositoryConfigurationExtensionSupport - Spring Data Redis - Could not safely identify store assignment for repository candidate interface com.yts.revaux.ntQuote.repository.QuoteProfitRepository; If you want this repository to be a Redis repository, consider annotating your entities with one of these annotations: org.springframework.data.redis.core.RedisHash (preferred), or consider extending one of the following types with your repository: org.springframework.data.keyvalue.repository.KeyValueRepository
2025-03-06 18:28:42 [restartedMain] INFO  o.s.d.r.c.RepositoryConfigurationExtensionSupport - Spring Data Redis - Could not safely identify store assignment for repository candidate interface com.yts.revaux.ntQuote.repository.QuoteScrapRateRepository; If you want this repository to be a Redis repository, consider annotating your entities with one of these annotations: org.springframework.data.redis.core.RedisHash (preferred), or consider extending one of the following types with your repository: org.springframework.data.keyvalue.repository.KeyValueRepository
2025-03-06 18:28:42 [restartedMain] INFO  o.s.d.r.c.RepositoryConfigurationExtensionSupport - Spring Data Redis - Could not safely identify store assignment for repository candidate interface com.yts.revaux.ntQuote.repository.QuoteSgaRateRepository; If you want this repository to be a Redis repository, consider annotating your entities with one of these annotations: org.springframework.data.redis.core.RedisHash (preferred), or consider extending one of the following types with your repository: org.springframework.data.keyvalue.repository.KeyValueRepository
2025-03-06 18:28:42 [restartedMain] INFO  o.s.d.r.c.RepositoryConfigurationDelegate - Finished Spring Data repository scanning in 2 ms. Found 0 Redis repository interfaces.
2025-03-06 18:28:42 [restartedMain] INFO  o.s.b.w.e.tomcat.TomcatWebServer - Tomcat initialized with port 8080 (http)
2025-03-06 18:28:42 [restartedMain] INFO  o.a.coyote.http11.Http11NioProtocol - Initializing ProtocolHandler ["http-nio-8080"]
2025-03-06 18:28:42 [restartedMain] INFO  o.a.catalina.core.StandardService - Starting service [Tomcat]
2025-03-06 18:28:42 [restartedMain] INFO  o.a.catalina.core.StandardEngine - Starting Servlet engine: [Apache Tomcat/10.1.36]
2025-03-06 18:28:42 [restartedMain] INFO  o.a.c.c.C.[.[localhost].[/rev-aux] - Initializing Spring embedded WebApplicationContext
2025-03-06 18:28:42 [restartedMain] INFO  o.s.b.w.s.c.ServletWebServerApplicationContext - Root WebApplicationContext: initialization completed in 157 ms
2025-03-06 18:28:42 [restartedMain] INFO  o.h.jpa.internal.util.LogHelper - HHH000204: Processing PersistenceUnitInfo [name: default]
2025-03-06 18:28:42 [restartedMain] INFO  o.h.c.i.RegionFactoryInitiator - HHH000026: Second-level cache disabled
2025-03-06 18:28:42 [restartedMain] INFO  o.s.o.j.p.SpringPersistenceUnitInfo - No LoadTimeWeaver setup: ignoring JPA class transformer
2025-03-06 18:28:42 [restartedMain] INFO  com.zaxxer.hikari.HikariDataSource - HikariPool-15 - Starting...
2025-03-06 18:28:42 [restartedMain] INFO  com.zaxxer.hikari.pool.HikariPool - HikariPool-15 - Added connection org.postgresql.jdbc.PgConnection@373ffda8
2025-03-06 18:28:42 [restartedMain] INFO  com.zaxxer.hikari.HikariDataSource - HikariPool-15 - Start completed.
2025-03-06 18:28:42 [restartedMain] INFO  o.hibernate.orm.connections.pooling - HHH10001005: Database info:
	Database JDBC URL [Connecting through datasource 'HikariDataSource (HikariPool-15)']
	Database driver: undefined/unknown
	Database version: 14.17
	Autocommit mode: undefined/unknown
	Isolation level: undefined/unknown
	Minimum pool size: undefined/unknown
	Maximum pool size: undefined/unknown
2025-03-06 18:28:42 [restartedMain] INFO  o.h.e.t.j.p.i.JtaPlatformInitiator - HHH000489: No JTA platform available (set 'hibernate.transaction.jta.platform' to enable JTA platform integration)
2025-03-06 18:28:44 [restartedMain] INFO  o.s.o.j.LocalContainerEntityManagerFactoryBean - Initialized JPA EntityManagerFactory for persistence unit 'default'
2025-03-06 18:28:44 [restartedMain] WARN  o.s.b.a.o.j.JpaBaseConfiguration$JpaWebConfiguration - spring.jpa.open-in-view is enabled by default. Therefore, database queries may be performed during view rendering. Explicitly configure spring.jpa.open-in-view to disable this warning
2025-03-06 18:28:44 [restartedMain] INFO  o.s.s.c.a.a.c.InitializeUserDetailsBeanManagerConfigurer$InitializeUserDetailsManagerConfigurer - Global AuthenticationManager configured with UserDetailsService bean with name customUserDetailsService
2025-03-06 18:28:44 [restartedMain] INFO  o.s.b.d.a.OptionalLiveReloadServer - LiveReload server is running on port 35729
2025-03-06 18:28:44 [restartedMain] INFO  o.a.coyote.http11.Http11NioProtocol - Starting ProtocolHandler ["http-nio-8080"]
2025-03-06 18:28:44 [restartedMain] INFO  o.s.b.w.e.tomcat.TomcatWebServer - Tomcat started on port 8080 (http) with context path '/rev-aux'
2025-03-06 18:28:44 [restartedMain] INFO  com.yts.revaux.RevAuxApplication - Started RevAuxApplication in 2.403 seconds (process running for 3668.955)
2025-03-06 18:28:44 [restartedMain] INFO  o.s.b.d.a.ConditionEvaluationDeltaLoggingListener - Condition evaluation unchanged
2025-03-06 18:28:44 [http-nio-8080-exec-1] INFO  o.a.c.c.C.[.[localhost].[/rev-aux] - Initializing Spring DispatcherServlet 'dispatcherServlet'
2025-03-06 18:28:44 [http-nio-8080-exec-1] INFO  o.s.web.servlet.DispatcherServlet - Initializing Servlet 'dispatcherServlet'
2025-03-06 18:28:44 [http-nio-8080-exec-1] INFO  o.s.web.servlet.DispatcherServlet - Completed initialization in 1 ms
2025-03-06 18:28:44 [http-nio-8080-exec-1] WARN  c.y.r.config.JwtAuthenticationFilter - ❌ No valid JWT token found in cookies!
2025-03-06 18:28:44 [http-nio-8080-exec-3] WARN  c.y.r.config.JwtAuthenticationFilter - ❌ No valid JWT token found in cookies!
2025-03-06 18:28:44 [http-nio-8080-exec-5] WARN  c.y.r.config.JwtAuthenticationFilter - ❌ No valid JWT token found in cookies!
2025-03-06 18:28:44 [http-nio-8080-exec-2] WARN  c.y.r.config.JwtAuthenticationFilter - ❌ No valid JWT token found in cookies!
2025-03-06 18:28:44 [http-nio-8080-exec-4] WARN  c.y.r.config.JwtAuthenticationFilter - ❌ No valid JWT token found in cookies!
2025-03-06 18:28:44 [http-nio-8080-exec-6] WARN  c.y.r.config.JwtAuthenticationFilter - ❌ No valid JWT token found in cookies!
2025-03-06 18:28:44 [http-nio-8080-exec-7] WARN  c.y.r.config.JwtAuthenticationFilter - ❌ No valid JWT token found in cookies!
2025-03-06 18:28:44 [http-nio-8080-exec-8] WARN  c.y.r.config.JwtAuthenticationFilter - ❌ No valid JWT token found in cookies!
2025-03-06 18:28:44 [http-nio-8080-exec-9] WARN  c.y.r.config.JwtAuthenticationFilter - ❌ No valid JWT token found in cookies!
2025-03-06 18:28:44 [http-nio-8080-exec-10] WARN  c.y.r.config.JwtAuthenticationFilter - ❌ No valid JWT token found in cookies!
2025-03-06 18:28:49 [http-nio-8080-exec-1] WARN  c.y.r.config.JwtAuthenticationFilter - ❌ No valid JWT token found in cookies!
2025-03-06 18:28:49 [http-nio-8080-exec-5] WARN  c.y.r.config.JwtAuthenticationFilter - ❌ No valid JWT token found in cookies!
2025-03-06 18:28:49 [http-nio-8080-exec-4] WARN  c.y.r.config.JwtAuthenticationFilter - ❌ No valid JWT token found in cookies!
2025-03-06 18:28:49 [http-nio-8080-exec-3] WARN  c.y.r.config.JwtAuthenticationFilter - ❌ No valid JWT token found in cookies!
2025-03-06 18:28:49 [http-nio-8080-exec-2] WARN  c.y.r.config.JwtAuthenticationFilter - ❌ No valid JWT token found in cookies!
2025-03-06 18:28:49 [http-nio-8080-exec-7] WARN  c.y.r.config.JwtAuthenticationFilter - ❌ No valid JWT token found in cookies!
2025-03-06 18:28:49 [http-nio-8080-exec-6] WARN  c.y.r.config.JwtAuthenticationFilter - ❌ No valid JWT token found in cookies!
2025-03-06 18:28:49 [http-nio-8080-exec-8] WARN  c.y.r.config.JwtAuthenticationFilter - ❌ No valid JWT token found in cookies!
2025-03-06 18:28:49 [http-nio-8080-exec-1] WARN  c.y.r.config.JwtAuthenticationFilter - ❌ No valid JWT token found in cookies!
2025-03-06 18:28:49 [http-nio-8080-exec-10] WARN  c.y.r.config.JwtAuthenticationFilter - ❌ No valid JWT token found in cookies!
2025-03-06 18:28:49 [http-nio-8080-exec-9] WARN  c.y.r.config.JwtAuthenticationFilter - ❌ No valid JWT token found in cookies!
2025-03-06 18:28:49 [http-nio-8080-exec-4] WARN  c.y.r.config.JwtAuthenticationFilter - ❌ No valid JWT token found in cookies!
2025-03-06 18:28:49 [http-nio-8080-exec-7] WARN  c.y.r.config.JwtAuthenticationFilter - ❌ No valid JWT token found in cookies!
2025-03-06 18:28:49 [http-nio-8080-exec-5] WARN  c.y.r.config.JwtAuthenticationFilter - ❌ No valid JWT token found in cookies!
2025-03-06 18:28:49 [http-nio-8080-exec-2] WARN  c.y.r.config.JwtAuthenticationFilter - ❌ No valid JWT token found in cookies!
2025-03-06 18:28:49 [http-nio-8080-exec-6] WARN  c.y.r.config.JwtAuthenticationFilter - ❌ No valid JWT token found in cookies!
2025-03-06 18:28:49 [http-nio-8080-exec-3] WARN  c.y.r.config.JwtAuthenticationFilter - ❌ No valid JWT token found in cookies!
2025-03-06 18:28:49 [http-nio-8080-exec-10] WARN  c.y.r.config.JwtAuthenticationFilter - ❌ No valid JWT token found in cookies!
2025-03-06 18:28:49 [http-nio-8080-exec-9] WARN  c.y.r.config.JwtAuthenticationFilter - ❌ No valid JWT token found in cookies!
2025-03-06 18:28:49 [http-nio-8080-exec-8] WARN  c.y.r.config.JwtAuthenticationFilter - ❌ No valid JWT token found in cookies!
2025-03-06 18:28:49 [http-nio-8080-exec-1] WARN  c.y.r.config.JwtAuthenticationFilter - ❌ No valid JWT token found in cookies!
2025-03-06 18:28:49 [http-nio-8080-exec-2] WARN  c.y.r.config.JwtAuthenticationFilter - ❌ No valid JWT token found in cookies!
2025-03-06 18:28:49 [http-nio-8080-exec-5] WARN  c.y.r.config.JwtAuthenticationFilter - ❌ No valid JWT token found in cookies!
2025-03-06 18:28:49 [http-nio-8080-exec-3] WARN  c.y.r.config.JwtAuthenticationFilter - ❌ No valid JWT token found in cookies!
2025-03-06 18:28:49 [http-nio-8080-exec-7] WARN  c.y.r.config.JwtAuthenticationFilter - ❌ No valid JWT token found in cookies!
2025-03-06 18:28:49 [http-nio-8080-exec-4] WARN  c.y.r.config.JwtAuthenticationFilter - ❌ No valid JWT token found in cookies!
2025-03-06 18:28:49 [http-nio-8080-exec-10] WARN  c.y.r.config.JwtAuthenticationFilter - ❌ No valid JWT token found in cookies!
2025-03-06 18:28:49 [http-nio-8080-exec-6] WARN  c.y.r.config.JwtAuthenticationFilter - ❌ No valid JWT token found in cookies!
2025-03-06 18:28:49 [http-nio-8080-exec-9] WARN  c.y.r.config.JwtAuthenticationFilter - ❌ No valid JWT token found in cookies!
2025-03-06 18:28:49 [http-nio-8080-exec-8] WARN  c.y.r.config.JwtAuthenticationFilter - ❌ No valid JWT token found in cookies!
2025-03-06 18:28:49 [http-nio-8080-exec-5] WARN  c.y.r.config.JwtAuthenticationFilter - ❌ No valid JWT token found in cookies!
2025-03-06 18:28:49 [http-nio-8080-exec-7] WARN  c.y.r.config.JwtAuthenticationFilter - ❌ No valid JWT token found in cookies!
2025-03-06 18:28:49 [http-nio-8080-exec-3] WARN  c.y.r.config.JwtAuthenticationFilter - ❌ No valid JWT token found in cookies!
2025-03-06 18:28:49 [http-nio-8080-exec-2] WARN  c.y.r.config.JwtAuthenticationFilter - ❌ No valid JWT token found in cookies!
2025-03-06 18:28:49 [http-nio-8080-exec-4] WARN  c.y.r.config.JwtAuthenticationFilter - ❌ No valid JWT token found in cookies!
2025-03-06 18:28:49 [http-nio-8080-exec-1] WARN  c.y.r.config.JwtAuthenticationFilter - ❌ No valid JWT token found in cookies!
2025-03-06 18:28:49 [http-nio-8080-exec-10] WARN  c.y.r.config.JwtAuthenticationFilter - ❌ No valid JWT token found in cookies!
2025-03-06 18:28:49 [http-nio-8080-exec-6] WARN  c.y.r.config.JwtAuthenticationFilter - ❌ No valid JWT token found in cookies!
2025-03-06 18:28:49 [http-nio-8080-exec-9] WARN  c.y.r.config.JwtAuthenticationFilter - ❌ No valid JWT token found in cookies!
2025-03-06 18:28:49 [http-nio-8080-exec-8] WARN  c.y.r.config.JwtAuthenticationFilter - ❌ No valid JWT token found in cookies!
2025-03-06 18:28:49 [http-nio-8080-exec-3] WARN  c.y.r.config.JwtAuthenticationFilter - ❌ No valid JWT token found in cookies!
2025-03-06 18:28:49 [http-nio-8080-exec-1] WARN  c.y.r.config.JwtAuthenticationFilter - ❌ No valid JWT token found in cookies!
2025-03-06 18:28:49 [http-nio-8080-exec-4] WARN  c.y.r.config.JwtAuthenticationFilter - ❌ No valid JWT token found in cookies!
2025-03-06 18:28:49 [http-nio-8080-exec-7] WARN  c.y.r.config.JwtAuthenticationFilter - ❌ No valid JWT token found in cookies!
2025-03-06 18:28:49 [http-nio-8080-exec-5] WARN  c.y.r.config.JwtAuthenticationFilter - ❌ No valid JWT token found in cookies!
2025-03-06 18:28:49 [http-nio-8080-exec-2] WARN  c.y.r.config.JwtAuthenticationFilter - ❌ No valid JWT token found in cookies!
2025-03-06 18:28:49 [http-nio-8080-exec-8] WARN  c.y.r.config.JwtAuthenticationFilter - ❌ No valid JWT token found in cookies!
2025-03-06 18:28:49 [http-nio-8080-exec-9] WARN  c.y.r.config.JwtAuthenticationFilter - ❌ No valid JWT token found in cookies!
2025-03-06 18:28:49 [http-nio-8080-exec-10] WARN  c.y.r.config.JwtAuthenticationFilter - ❌ No valid JWT token found in cookies!
2025-03-06 18:28:49 [http-nio-8080-exec-6] WARN  c.y.r.config.JwtAuthenticationFilter - ❌ No valid JWT token found in cookies!
2025-03-06 18:28:49 [http-nio-8080-exec-3] WARN  c.y.r.config.JwtAuthenticationFilter - ❌ No valid JWT token found in cookies!
2025-03-06 18:28:49 [http-nio-8080-exec-1] WARN  c.y.r.config.JwtAuthenticationFilter - ❌ No valid JWT token found in cookies!
2025-03-06 18:28:49 [http-nio-8080-exec-4] WARN  c.y.r.config.JwtAuthenticationFilter - ❌ No valid JWT token found in cookies!
2025-03-06 18:28:50 [http-nio-8080-exec-5] WARN  c.y.r.config.JwtAuthenticationFilter - ❌ No valid JWT token found in cookies!
2025-03-06 18:28:50 [http-nio-8080-exec-7] WARN  c.y.r.config.JwtAuthenticationFilter - ❌ No valid JWT token found in cookies!
2025-03-06 18:28:50 [http-nio-8080-exec-8] WARN  c.y.r.config.JwtAuthenticationFilter - ❌ No valid JWT token found in cookies!
2025-03-06 18:28:50 [http-nio-8080-exec-9] WARN  c.y.r.config.JwtAuthenticationFilter - ❌ No valid JWT token found in cookies!
2025-03-06 18:28:50 [http-nio-8080-exec-2] WARN  c.y.r.config.JwtAuthenticationFilter - ❌ No valid JWT token found in cookies!
2025-03-06 18:28:50 [http-nio-8080-exec-10] WARN  c.y.r.config.JwtAuthenticationFilter - ❌ No valid JWT token found in cookies!
2025-03-06 18:28:50 [http-nio-8080-exec-3] WARN  c.y.r.config.JwtAuthenticationFilter - ❌ No valid JWT token found in cookies!
2025-03-06 18:28:51 [http-nio-8080-exec-6] WARN  c.y.r.config.JwtAuthenticationFilter - ❌ No valid JWT token found in cookies!
2025-03-06 18:28:51 [http-nio-8080-exec-6] INFO  c.y.r.n.w.rest.NtQuoteListController - Fetching all NT Quotes
2025-03-06 18:28:51 [http-nio-8080-exec-1] WARN  c.y.r.config.JwtAuthenticationFilter - ❌ No valid JWT token found in cookies!
2025-03-06 18:28:52 [http-nio-8080-exec-4] WARN  c.y.r.config.JwtAuthenticationFilter - ❌ No valid JWT token found in cookies!
2025-03-06 18:28:57 [http-nio-8080-exec-2] WARN  c.y.r.config.JwtAuthenticationFilter - ❌ No valid JWT token found in cookies!
2025-03-06 18:28:57 [http-nio-8080-exec-2] INFO  c.y.r.n.w.rest.NtQuoteListController - Downloading Mold Manual file - filePath: /home/CPS/NtQuote/MoldMannual/4/ntdemo.xlsx
2025-03-06 18:28:57 [http-nio-8080-exec-2] INFO  c.y.r.n.w.rest.NtQuoteListController - Decoded filePath: /home/CPS/NtQuote/MoldMannual/4/ntdemo.xlsx
2025-03-06 18:28:57 [http-nio-8080-exec-2] INFO  c.y.r.n.w.rest.NtQuoteListController - Remote Mold Manual file path: /home/CPS/NtQuote/MoldMannual//4/ntdemo.xlsx
2025-03-06 18:28:57 [http-nio-8080-exec-2] INFO  c.y.r.n.w.rest.NtQuoteListController - Mold Manual file downloaded successfully: ntdemo.xlsx
2025-03-06 18:29:46 [http-nio-8080-exec-9] WARN  c.y.r.config.JwtAuthenticationFilter - ❌ No valid JWT token found in cookies!
2025-03-06 18:29:46 [http-nio-8080-exec-9] INFO  c.y.r.n.w.rest.NtQuoteListController - Checking if Mold Mannual  file exists -> id: 4,  fileName: ntdemo.xlsx
2025-03-06 18:29:46 [http-nio-8080-exec-9] INFO  c.y.r.n.w.rest.NtQuoteListController - generate Remote Mold Mannual File Path id = 4 fileName = ntdemo.xlsx
2025-03-06 18:29:46 [http-nio-8080-exec-9] INFO  c.y.r.n.w.rest.NtQuoteListController - currentPath  = /home/CPS/NtQuote/MoldMannual/4
2025-03-06 18:29:46 [http-nio-8080-exec-9] INFO  c.y.r.n.w.rest.NtQuoteListController - Generated remote file path: /home/CPS/NtQuote/MoldMannual/4/ntdemo.xlsx
2025-03-06 18:29:46 [http-nio-8080-exec-9] INFO  c.y.r.a.web.rest.AdminRestController - Checking Mold Manual File Exists - id: 4, remoteFilePath: '/home/CPS/NtQuote/MoldMannual/4/ntdemo.xlsx'
2025-03-06 18:29:46 [http-nio-8080-exec-9] INFO  c.y.r.a.web.rest.AdminRestController - File existence count: 1
2025-03-06 18:29:46 [http-nio-8080-exec-9] INFO  c.y.r.n.w.rest.NtQuoteListController - File existence check result: true
2025-03-06 18:29:48 [http-nio-8080-exec-5] WARN  c.y.r.config.JwtAuthenticationFilter - ❌ No valid JWT token found in cookies!
2025-03-06 18:29:48 [http-nio-8080-exec-5] ERROR c.y.r.n.w.rest.NtQuoteListController - Controller -- overwrite mold mannual File id ===== 4
2025-03-06 18:29:48 [http-nio-8080-exec-5] INFO  c.y.r.n.w.rest.NtQuoteListController - overwrite Mold Mannual File line  ===== 4
2025-03-06 18:29:48 [http-nio-8080-exec-5] INFO  c.y.r.a.web.rest.AdminRestController - overwrite Mold Manual File invoked with fileName: ntdemo.xlsx, id: 4
2025-03-06 18:29:48 [http-nio-8080-exec-5] INFO  c.y.r.a.web.rest.AdminRestController - Data size: 5105 bytes
2025-03-06 18:29:48 [http-nio-8080-exec-5] INFO  c.y.r.a.web.rest.AdminRestController - Remote file path = /home/CPS/NtQuote/MoldManual/4/ntdemo.xlsx
2025-03-06 18:29:48 [http-nio-8080-exec-5] WARN  c.y.r.a.web.rest.AdminRestController - Old file not found or could not be deleted: No such file
2025-03-06 18:29:48 [http-nio-8080-exec-5] INFO  c.y.r.a.web.rest.AdminRestController - Uploading new file to: /home/CPS/NtQuote/MoldManual/4/ntdemo.xlsx
2025-03-06 18:29:48 [http-nio-8080-exec-5] INFO  c.y.r.a.web.rest.AdminRestController - File successfully replaced.
2025-03-06 18:29:48 [http-nio-8080-exec-5] INFO  c.y.r.a.web.rest.AdminRestController - Mold Manual File overwritten successfully: /home/CPS/NtQuote/MoldManual/4/ntdemo.xlsx
2025-03-06 18:29:48 [http-nio-8080-exec-5] WARN  o.h.e.jdbc.spi.SqlExceptionHelper - SQL Error: 0, SQLState: 42804
2025-03-06 18:29:48 [http-nio-8080-exec-5] ERROR o.h.e.jdbc.spi.SqlExceptionHelper - ERROR: COALESCE types character varying and text[] cannot be matched
  Position: 83
2025-03-06 18:29:48 [http-nio-8080-exec-5] ERROR o.a.c.c.C.[.[.[.[dispatcherServlet] - Servlet.service() for servlet [dispatcherServlet] in context with path [/rev-aux] threw exception [Request processing failed: org.springframework.dao.InvalidDataAccessResourceUsageException: JDBC exception executing SQL [UPDATE nt_quote SET mold_manual = array_append(array_remove(COALESCE(mold_manual, ARRAY[]::TEXT[]), ?), ?) WHERE id = ?] [ERROR: COALESCE types character varying and text[] cannot be matched
  Position: 83] [n/a]; SQL [n/a]] with root cause
org.postgresql.util.PSQLException: ERROR: COALESCE types character varying and text[] cannot be matched
  Position: 83
	at org.postgresql.core.v3.QueryExecutorImpl.receiveErrorResponse(QueryExecutorImpl.java:2733)
	at org.postgresql.core.v3.QueryExecutorImpl.processResults(QueryExecutorImpl.java:2420)
	at org.postgresql.core.v3.QueryExecutorImpl.execute(QueryExecutorImpl.java:372)
	at org.postgresql.jdbc.PgStatement.executeInternal(PgStatement.java:517)
	at org.postgresql.jdbc.PgStatement.execute(PgStatement.java:434)
	at org.postgresql.jdbc.PgPreparedStatement.executeWithFlags(PgPreparedStatement.java:194)
	at org.postgresql.jdbc.PgPreparedStatement.executeUpdate(PgPreparedStatement.java:155)
	at com.zaxxer.hikari.pool.ProxyPreparedStatement.executeUpdate(ProxyPreparedStatement.java:61)
	at com.zaxxer.hikari.pool.HikariProxyPreparedStatement.executeUpdate(HikariProxyPreparedStatement.java)
	at org.hibernate.sql.exec.internal.StandardJdbcMutationExecutor.execute(StandardJdbcMutationExecutor.java:90)
	at org.hibernate.query.sql.internal.NativeNonSelectQueryPlanImpl.executeUpdate(NativeNonSelectQueryPlanImpl.java:76)
	at org.hibernate.query.sql.internal.NativeQueryImpl.doExecuteUpdate(NativeQueryImpl.java:973)
	at org.hibernate.query.spi.AbstractQuery.executeUpdate(AbstractQuery.java:651)
	at org.springframework.data.jpa.repository.query.JpaQueryExecution$ModifyingExecution.doExecute(JpaQueryExecution.java:267)
	at org.springframework.data.jpa.repository.query.JpaQueryExecution.execute(JpaQueryExecution.java:93)
	at org.springframework.data.jpa.repository.query.AbstractJpaQuery.doExecute(AbstractJpaQuery.java:152)
	at org.springframework.data.jpa.repository.query.AbstractJpaQuery.execute(AbstractJpaQuery.java:140)
	at org.springframework.data.repository.core.support.RepositoryMethodInvoker.doInvoke(RepositoryMethodInvoker.java:170)
	at org.springframework.data.repository.core.support.RepositoryMethodInvoker.invoke(RepositoryMethodInvoker.java:158)
	at org.springframework.data.repository.core.support.QueryExecutorMethodInterceptor.doInvoke(QueryExecutorMethodInterceptor.java:170)
	at org.springframework.data.repository.core.support.QueryExecutorMethodInterceptor.invoke(QueryExecutorMethodInterceptor.java:149)
	at org.springframework.aop.framework.ReflectiveMethodInvocation.proceed(ReflectiveMethodInvocation.java:184)
	at org.springframework.data.projection.DefaultMethodInvokingMethodInterceptor.invoke(DefaultMethodInvokingMethodInterceptor.java:69)
	at org.springframework.aop.framework.ReflectiveMethodInvocation.proceed(ReflectiveMethodInvocation.java:184)
	at org.springframework.transaction.interceptor.TransactionAspectSupport.invokeWithinTransaction(TransactionAspectSupport.java:380)
	at org.springframework.transaction.interceptor.TransactionInterceptor.invoke(TransactionInterceptor.java:119)
	at org.springframework.aop.framework.ReflectiveMethodInvocation.proceed(ReflectiveMethodInvocation.java:184)
	at org.springframework.dao.support.PersistenceExceptionTranslationInterceptor.invoke(PersistenceExceptionTranslationInterceptor.java:138)
	at org.springframework.aop.framework.ReflectiveMethodInvocation.proceed(ReflectiveMethodInvocation.java:184)
	at org.springframework.data.jpa.repository.support.CrudMethodMetadataPostProcessor$CrudMethodMetadataPopulatingMethodInterceptor.invoke(CrudMethodMetadataPostProcessor.java:136)
	at org.springframework.aop.framework.ReflectiveMethodInvocation.proceed(ReflectiveMethodInvocation.java:184)
	at org.springframework.aop.framework.JdkDynamicAopProxy.invoke(JdkDynamicAopProxy.java:223)
	at jdk.proxy32/jdk.proxy32.$Proxy459.overwriteMoldManualAttachment(Unknown Source)
	at com.yts.revaux.ntQuote.service.NtQuoteListService.overwriteMoldManualAttachment(NtQuoteListService.java:432)
	at java.base/jdk.internal.reflect.DirectMethodHandleAccessor.invoke(DirectMethodHandleAccessor.java:103)
	at java.base/java.lang.reflect.Method.invoke(Method.java:580)
	at org.springframework.aop.support.AopUtils.invokeJoinpointUsingReflection(AopUtils.java:359)
	at org.springframework.aop.framework.ReflectiveMethodInvocation.invokeJoinpoint(ReflectiveMethodInvocation.java:196)
	at org.springframework.aop.framework.ReflectiveMethodInvocation.proceed(ReflectiveMethodInvocation.java:163)
	at org.springframework.transaction.interceptor.TransactionAspectSupport.invokeWithinTransaction(TransactionAspectSupport.java:380)
	at org.springframework.transaction.interceptor.TransactionInterceptor.invoke(TransactionInterceptor.java:119)
	at org.springframework.aop.framework.ReflectiveMethodInvocation.proceed(ReflectiveMethodInvocation.java:184)
	at org.springframework.aop.framework.CglibAopProxy$DynamicAdvisedInterceptor.intercept(CglibAopProxy.java:727)
	at com.yts.revaux.ntQuote.service.NtQuoteListService$$SpringCGLIB$$0.overwriteMoldManualAttachment(<generated>)
	at com.yts.revaux.ntQuote.web.rest.NtQuoteListController.updateOverwriteBuyerAttachCadFile(NtQuoteListController.java:261)
	at java.base/jdk.internal.reflect.DirectMethodHandleAccessor.invoke(DirectMethodHandleAccessor.java:103)
	at java.base/java.lang.reflect.Method.invoke(Method.java:580)
	at org.springframework.web.method.support.InvocableHandlerMethod.doInvoke(InvocableHandlerMethod.java:257)
	at org.springframework.web.method.support.InvocableHandlerMethod.invokeForRequest(InvocableHandlerMethod.java:190)
	at org.springframework.web.servlet.mvc.method.annotation.ServletInvocableHandlerMethod.invokeAndHandle(ServletInvocableHandlerMethod.java:118)
	at org.springframework.web.servlet.mvc.method.annotation.RequestMappingHandlerAdapter.invokeHandlerMethod(RequestMappingHandlerAdapter.java:986)
	at org.springframework.web.servlet.mvc.method.annotation.RequestMappingHandlerAdapter.handleInternal(RequestMappingHandlerAdapter.java:891)
	at org.springframework.web.servlet.mvc.method.AbstractHandlerMethodAdapter.handle(AbstractHandlerMethodAdapter.java:87)
	at org.springframework.web.servlet.DispatcherServlet.doDispatch(DispatcherServlet.java:1088)
	at org.springframework.web.servlet.DispatcherServlet.doService(DispatcherServlet.java:978)
	at org.springframework.web.servlet.FrameworkServlet.processRequest(FrameworkServlet.java:1014)
	at org.springframework.web.servlet.FrameworkServlet.doPost(FrameworkServlet.java:914)
	at jakarta.servlet.http.HttpServlet.service(HttpServlet.java:590)
	at org.springframework.web.servlet.FrameworkServlet.service(FrameworkServlet.java:885)
	at jakarta.servlet.http.HttpServlet.service(HttpServlet.java:658)
	at org.apache.catalina.core.ApplicationFilterChain.internalDoFilter(ApplicationFilterChain.java:195)
	at org.apache.catalina.core.ApplicationFilterChain.doFilter(ApplicationFilterChain.java:140)
	at org.apache.tomcat.websocket.server.WsFilter.doFilter(WsFilter.java:51)
	at org.apache.catalina.core.ApplicationFilterChain.internalDoFilter(ApplicationFilterChain.java:164)
	at org.apache.catalina.core.ApplicationFilterChain.doFilter(ApplicationFilterChain.java:140)
	at org.springframework.web.filter.OncePerRequestFilter.doFilter(OncePerRequestFilter.java:110)
	at org.apache.catalina.core.ApplicationFilterChain.internalDoFilter(ApplicationFilterChain.java:164)
	at org.apache.catalina.core.ApplicationFilterChain.doFilter(ApplicationFilterChain.java:140)
	at org.springframework.web.filter.CompositeFilter$VirtualFilterChain.doFilter(CompositeFilter.java:108)
	at org.springframework.security.web.FilterChainProxy.lambda$doFilterInternal$3(FilterChainProxy.java:231)
	at org.springframework.security.web.FilterChainProxy$VirtualFilterChain.doFilter(FilterChainProxy.java:365)
	at org.springframework.security.web.access.intercept.AuthorizationFilter.doFilter(AuthorizationFilter.java:101)
	at org.springframework.security.web.FilterChainProxy$VirtualFilterChain.doFilter(FilterChainProxy.java:374)
	at org.springframework.security.web.access.ExceptionTranslationFilter.doFilter(ExceptionTranslationFilter.java:126)
	at org.springframework.security.web.access.ExceptionTranslationFilter.doFilter(ExceptionTranslationFilter.java:120)
	at org.springframework.security.web.FilterChainProxy$VirtualFilterChain.doFilter(FilterChainProxy.java:374)
	at org.springframework.security.web.session.SessionManagementFilter.doFilter(SessionManagementFilter.java:131)
	at org.springframework.security.web.session.SessionManagementFilter.doFilter(SessionManagementFilter.java:85)
	at org.springframework.security.web.FilterChainProxy$VirtualFilterChain.doFilter(FilterChainProxy.java:374)
	at org.springframework.security.web.authentication.AnonymousAuthenticationFilter.doFilter(AnonymousAuthenticationFilter.java:100)
	at org.springframework.security.web.FilterChainProxy$VirtualFilterChain.doFilter(FilterChainProxy.java:374)
	at org.springframework.security.web.servletapi.SecurityContextHolderAwareRequestFilter.doFilter(SecurityContextHolderAwareRequestFilter.java:179)
	at org.springframework.security.web.FilterChainProxy$VirtualFilterChain.doFilter(FilterChainProxy.java:374)
	at org.springframework.security.web.savedrequest.RequestCacheAwareFilter.doFilter(RequestCacheAwareFilter.java:63)
	at org.springframework.security.web.FilterChainProxy$VirtualFilterChain.doFilter(FilterChainProxy.java:374)
	at com.yts.revaux.config.JwtAuthenticationFilter.doFilterInternal(JwtAuthenticationFilter.java:52)
	at org.springframework.web.filter.OncePerRequestFilter.doFilter(OncePerRequestFilter.java:116)
	at org.springframework.security.web.FilterChainProxy$VirtualFilterChain.doFilter(FilterChainProxy.java:374)
	at org.springframework.security.web.authentication.logout.LogoutFilter.doFilter(LogoutFilter.java:107)
	at org.springframework.security.web.authentication.logout.LogoutFilter.doFilter(LogoutFilter.java:93)
	at org.springframework.security.web.FilterChainProxy$VirtualFilterChain.doFilter(FilterChainProxy.java:374)
	at org.springframework.web.filter.CorsFilter.doFilterInternal(CorsFilter.java:91)
	at org.springframework.web.filter.OncePerRequestFilter.doFilter(OncePerRequestFilter.java:116)
	at org.springframework.security.web.FilterChainProxy$VirtualFilterChain.doFilter(FilterChainProxy.java:374)
	at org.springframework.security.web.header.HeaderWriterFilter.doHeadersAfter(HeaderWriterFilter.java:90)
	at org.springframework.security.web.header.HeaderWriterFilter.doFilterInternal(HeaderWriterFilter.java:75)
	at org.springframework.web.filter.OncePerRequestFilter.doFilter(OncePerRequestFilter.java:116)
	at org.springframework.security.web.FilterChainProxy$VirtualFilterChain.doFilter(FilterChainProxy.java:374)
	at org.springframework.security.web.context.SecurityContextHolderFilter.doFilter(SecurityContextHolderFilter.java:82)
	at org.springframework.security.web.context.SecurityContextHolderFilter.doFilter(SecurityContextHolderFilter.java:69)
	at org.springframework.security.web.FilterChainProxy$VirtualFilterChain.doFilter(FilterChainProxy.java:374)
	at org.springframework.security.web.context.request.async.WebAsyncManagerIntegrationFilter.doFilterInternal(WebAsyncManagerIntegrationFilter.java:62)
	at org.springframework.web.filter.OncePerRequestFilter.doFilter(OncePerRequestFilter.java:116)
	at org.springframework.security.web.FilterChainProxy$VirtualFilterChain.doFilter(FilterChainProxy.java:374)
	at org.springframework.security.web.session.DisableEncodeUrlFilter.doFilterInternal(DisableEncodeUrlFilter.java:42)
	at org.springframework.web.filter.OncePerRequestFilter.doFilter(OncePerRequestFilter.java:116)
	at org.springframework.security.web.FilterChainProxy$VirtualFilterChain.doFilter(FilterChainProxy.java:374)
	at org.springframework.security.web.FilterChainProxy.doFilterInternal(FilterChainProxy.java:233)
	at org.springframework.security.web.FilterChainProxy.doFilter(FilterChainProxy.java:191)
	at org.springframework.web.filter.CompositeFilter$VirtualFilterChain.doFilter(CompositeFilter.java:113)
	at org.springframework.web.servlet.handler.HandlerMappingIntrospector.lambda$createCacheFilter$3(HandlerMappingIntrospector.java:243)
	at org.springframework.web.filter.CompositeFilter$VirtualFilterChain.doFilter(CompositeFilter.java:113)
	at org.springframework.web.filter.CompositeFilter.doFilter(CompositeFilter.java:74)
	at org.springframework.security.config.annotation.web.configuration.WebMvcSecurityConfiguration$CompositeFilterChainProxy.doFilter(WebMvcSecurityConfiguration.java:238)
	at org.springframework.web.filter.DelegatingFilterProxy.invokeDelegate(DelegatingFilterProxy.java:362)
	at org.springframework.web.filter.DelegatingFilterProxy.doFilter(DelegatingFilterProxy.java:278)
	at org.apache.catalina.core.ApplicationFilterChain.internalDoFilter(ApplicationFilterChain.java:164)
	at org.apache.catalina.core.ApplicationFilterChain.doFilter(ApplicationFilterChain.java:140)
	at org.springframework.web.filter.RequestContextFilter.doFilterInternal(RequestContextFilter.java:100)
	at org.springframework.web.filter.OncePerRequestFilter.doFilter(OncePerRequestFilter.java:116)
	at org.apache.catalina.core.ApplicationFilterChain.internalDoFilter(ApplicationFilterChain.java:164)
	at org.apache.catalina.core.ApplicationFilterChain.doFilter(ApplicationFilterChain.java:140)
	at org.springframework.web.filter.FormContentFilter.doFilterInternal(FormContentFilter.java:93)
	at org.springframework.web.filter.OncePerRequestFilter.doFilter(OncePerRequestFilter.java:116)
	at org.apache.catalina.core.ApplicationFilterChain.internalDoFilter(ApplicationFilterChain.java:164)
	at org.apache.catalina.core.ApplicationFilterChain.doFilter(ApplicationFilterChain.java:140)
	at org.springframework.web.filter.CharacterEncodingFilter.doFilterInternal(CharacterEncodingFilter.java:201)
	at org.springframework.web.filter.OncePerRequestFilter.doFilter(OncePerRequestFilter.java:116)
	at org.apache.catalina.core.ApplicationFilterChain.internalDoFilter(ApplicationFilterChain.java:164)
	at org.apache.catalina.core.ApplicationFilterChain.doFilter(ApplicationFilterChain.java:140)
	at org.apache.catalina.core.StandardWrapperValve.invoke(StandardWrapperValve.java:167)
	at org.apache.catalina.core.StandardContextValve.invoke(StandardContextValve.java:90)
	at org.apache.catalina.authenticator.AuthenticatorBase.invoke(AuthenticatorBase.java:483)
	at org.apache.catalina.core.StandardHostValve.invoke(StandardHostValve.java:115)
	at org.apache.catalina.valves.ErrorReportValve.invoke(ErrorReportValve.java:93)
	at org.apache.catalina.core.StandardEngineValve.invoke(StandardEngineValve.java:74)
	at org.apache.catalina.connector.CoyoteAdapter.service(CoyoteAdapter.java:344)
	at org.apache.coyote.http11.Http11Processor.service(Http11Processor.java:397)
	at org.apache.coyote.AbstractProcessorLight.process(AbstractProcessorLight.java:63)
	at org.apache.coyote.AbstractProtocol$ConnectionHandler.process(AbstractProtocol.java:905)
	at org.apache.tomcat.util.net.NioEndpoint$SocketProcessor.doRun(NioEndpoint.java:1743)
	at org.apache.tomcat.util.net.SocketProcessorBase.run(SocketProcessorBase.java:52)
	at org.apache.tomcat.util.threads.ThreadPoolExecutor.runWorker(ThreadPoolExecutor.java:1190)
	at org.apache.tomcat.util.threads.ThreadPoolExecutor$Worker.run(ThreadPoolExecutor.java:659)
	at org.apache.tomcat.util.threads.TaskThread$WrappingRunnable.run(TaskThread.java:63)
	at java.base/java.lang.Thread.run(Thread.java:1583)
2025-03-06 18:29:48 [http-nio-8080-exec-8] WARN  c.y.r.config.JwtAuthenticationFilter - ❌ No valid JWT token found in cookies!
2025-03-06 18:30:03 [http-nio-8080-exec-4] WARN  c.y.r.config.JwtAuthenticationFilter - ❌ No valid JWT token found in cookies!
2025-03-06 18:30:03 [http-nio-8080-exec-2] WARN  c.y.r.config.JwtAuthenticationFilter - ❌ No valid JWT token found in cookies!
2025-03-06 18:30:03 [http-nio-8080-exec-5] WARN  c.y.r.config.JwtAuthenticationFilter - ❌ No valid JWT token found in cookies!
2025-03-06 18:30:03 [http-nio-8080-exec-9] WARN  c.y.r.config.JwtAuthenticationFilter - ❌ No valid JWT token found in cookies!
2025-03-06 18:30:03 [http-nio-8080-exec-1] WARN  c.y.r.config.JwtAuthenticationFilter - ❌ No valid JWT token found in cookies!
2025-03-06 18:30:03 [http-nio-8080-exec-8] WARN  c.y.r.config.JwtAuthenticationFilter - ❌ No valid JWT token found in cookies!
2025-03-06 18:30:03 [http-nio-8080-exec-3] WARN  c.y.r.config.JwtAuthenticationFilter - ❌ No valid JWT token found in cookies!
2025-03-06 18:30:03 [http-nio-8080-exec-10] WARN  c.y.r.config.JwtAuthenticationFilter - ❌ No valid JWT token found in cookies!
2025-03-06 18:30:03 [http-nio-8080-exec-7] WARN  c.y.r.config.JwtAuthenticationFilter - ❌ No valid JWT token found in cookies!
2025-03-06 18:30:03 [http-nio-8080-exec-4] WARN  c.y.r.config.JwtAuthenticationFilter - ❌ No valid JWT token found in cookies!
2025-03-06 18:30:03 [http-nio-8080-exec-6] WARN  c.y.r.config.JwtAuthenticationFilter - ❌ No valid JWT token found in cookies!
2025-03-06 18:30:03 [http-nio-8080-exec-2] WARN  c.y.r.config.JwtAuthenticationFilter - ❌ No valid JWT token found in cookies!
2025-03-06 18:30:03 [http-nio-8080-exec-3] WARN  c.y.r.config.JwtAuthenticationFilter - ❌ No valid JWT token found in cookies!
2025-03-06 18:30:03 [http-nio-8080-exec-9] WARN  c.y.r.config.JwtAuthenticationFilter - ❌ No valid JWT token found in cookies!
2025-03-06 18:30:03 [http-nio-8080-exec-5] WARN  c.y.r.config.JwtAuthenticationFilter - ❌ No valid JWT token found in cookies!
2025-03-06 18:30:03 [http-nio-8080-exec-1] WARN  c.y.r.config.JwtAuthenticationFilter - ❌ No valid JWT token found in cookies!
2025-03-06 18:30:03 [http-nio-8080-exec-8] WARN  c.y.r.config.JwtAuthenticationFilter - ❌ No valid JWT token found in cookies!
2025-03-06 18:30:03 [http-nio-8080-exec-6] WARN  c.y.r.config.JwtAuthenticationFilter - ❌ No valid JWT token found in cookies!
2025-03-06 18:30:03 [http-nio-8080-exec-10] WARN  c.y.r.config.JwtAuthenticationFilter - ❌ No valid JWT token found in cookies!
2025-03-06 18:30:03 [http-nio-8080-exec-7] WARN  c.y.r.config.JwtAuthenticationFilter - ❌ No valid JWT token found in cookies!
2025-03-06 18:30:03 [http-nio-8080-exec-4] WARN  c.y.r.config.JwtAuthenticationFilter - ❌ No valid JWT token found in cookies!
2025-03-06 18:30:03 [http-nio-8080-exec-3] WARN  c.y.r.config.JwtAuthenticationFilter - ❌ No valid JWT token found in cookies!
2025-03-06 18:30:03 [http-nio-8080-exec-9] WARN  c.y.r.config.JwtAuthenticationFilter - ❌ No valid JWT token found in cookies!
2025-03-06 18:30:03 [http-nio-8080-exec-2] WARN  c.y.r.config.JwtAuthenticationFilter - ❌ No valid JWT token found in cookies!
2025-03-06 18:30:03 [http-nio-8080-exec-1] WARN  c.y.r.config.JwtAuthenticationFilter - ❌ No valid JWT token found in cookies!
2025-03-06 18:30:03 [http-nio-8080-exec-5] WARN  c.y.r.config.JwtAuthenticationFilter - ❌ No valid JWT token found in cookies!
2025-03-06 18:30:03 [http-nio-8080-exec-6] WARN  c.y.r.config.JwtAuthenticationFilter - ❌ No valid JWT token found in cookies!
2025-03-06 18:30:03 [http-nio-8080-exec-10] WARN  c.y.r.config.JwtAuthenticationFilter - ❌ No valid JWT token found in cookies!
2025-03-06 18:30:03 [http-nio-8080-exec-8] WARN  c.y.r.config.JwtAuthenticationFilter - ❌ No valid JWT token found in cookies!
2025-03-06 18:30:03 [http-nio-8080-exec-7] WARN  c.y.r.config.JwtAuthenticationFilter - ❌ No valid JWT token found in cookies!
2025-03-06 18:30:03 [http-nio-8080-exec-4] WARN  c.y.r.config.JwtAuthenticationFilter - ❌ No valid JWT token found in cookies!
2025-03-06 18:30:03 [http-nio-8080-exec-9] WARN  c.y.r.config.JwtAuthenticationFilter - ❌ No valid JWT token found in cookies!
2025-03-06 18:30:03 [http-nio-8080-exec-1] WARN  c.y.r.config.JwtAuthenticationFilter - ❌ No valid JWT token found in cookies!
2025-03-06 18:30:03 [http-nio-8080-exec-3] WARN  c.y.r.config.JwtAuthenticationFilter - ❌ No valid JWT token found in cookies!
2025-03-06 18:30:03 [http-nio-8080-exec-5] WARN  c.y.r.config.JwtAuthenticationFilter - ❌ No valid JWT token found in cookies!
2025-03-06 18:30:03 [http-nio-8080-exec-2] WARN  c.y.r.config.JwtAuthenticationFilter - ❌ No valid JWT token found in cookies!
2025-03-06 18:30:03 [http-nio-8080-exec-6] WARN  c.y.r.config.JwtAuthenticationFilter - ❌ No valid JWT token found in cookies!
2025-03-06 18:30:03 [http-nio-8080-exec-10] WARN  c.y.r.config.JwtAuthenticationFilter - ❌ No valid JWT token found in cookies!
2025-03-06 18:30:03 [http-nio-8080-exec-8] WARN  c.y.r.config.JwtAuthenticationFilter - ❌ No valid JWT token found in cookies!
2025-03-06 18:30:03 [http-nio-8080-exec-7] WARN  c.y.r.config.JwtAuthenticationFilter - ❌ No valid JWT token found in cookies!
2025-03-06 18:30:03 [http-nio-8080-exec-4] WARN  c.y.r.config.JwtAuthenticationFilter - ❌ No valid JWT token found in cookies!
2025-03-06 18:30:03 [http-nio-8080-exec-9] WARN  c.y.r.config.JwtAuthenticationFilter - ❌ No valid JWT token found in cookies!
2025-03-06 18:30:03 [http-nio-8080-exec-1] WARN  c.y.r.config.JwtAuthenticationFilter - ❌ No valid JWT token found in cookies!
2025-03-06 18:30:03 [http-nio-8080-exec-2] WARN  c.y.r.config.JwtAuthenticationFilter - ❌ No valid JWT token found in cookies!
2025-03-06 18:30:03 [http-nio-8080-exec-5] WARN  c.y.r.config.JwtAuthenticationFilter - ❌ No valid JWT token found in cookies!
2025-03-06 18:30:03 [http-nio-8080-exec-3] WARN  c.y.r.config.JwtAuthenticationFilter - ❌ No valid JWT token found in cookies!
2025-03-06 18:30:03 [http-nio-8080-exec-7] WARN  c.y.r.config.JwtAuthenticationFilter - ❌ No valid JWT token found in cookies!
2025-03-06 18:30:03 [http-nio-8080-exec-8] WARN  c.y.r.config.JwtAuthenticationFilter - ❌ No valid JWT token found in cookies!
2025-03-06 18:30:03 [http-nio-8080-exec-10] WARN  c.y.r.config.JwtAuthenticationFilter - ❌ No valid JWT token found in cookies!
2025-03-06 18:30:03 [http-nio-8080-exec-4] WARN  c.y.r.config.JwtAuthenticationFilter - ❌ No valid JWT token found in cookies!
2025-03-06 18:30:03 [http-nio-8080-exec-6] WARN  c.y.r.config.JwtAuthenticationFilter - ❌ No valid JWT token found in cookies!
2025-03-06 18:30:03 [http-nio-8080-exec-9] WARN  c.y.r.config.JwtAuthenticationFilter - ❌ No valid JWT token found in cookies!
2025-03-06 18:30:03 [http-nio-8080-exec-1] WARN  c.y.r.config.JwtAuthenticationFilter - ❌ No valid JWT token found in cookies!
2025-03-06 18:30:05 [http-nio-8080-exec-5] WARN  c.y.r.config.JwtAuthenticationFilter - ❌ No valid JWT token found in cookies!
2025-03-06 18:30:05 [http-nio-8080-exec-6] WARN  c.y.r.config.JwtAuthenticationFilter - ❌ No valid JWT token found in cookies!
2025-03-06 18:30:05 [http-nio-8080-exec-8] WARN  c.y.r.config.JwtAuthenticationFilter - ❌ No valid JWT token found in cookies!
2025-03-06 18:30:05 [http-nio-8080-exec-10] WARN  c.y.r.config.JwtAuthenticationFilter - ❌ No valid JWT token found in cookies!
2025-03-06 18:30:05 [http-nio-8080-exec-4] WARN  c.y.r.config.JwtAuthenticationFilter - ❌ No valid JWT token found in cookies!
2025-03-06 18:30:05 [http-nio-8080-exec-2] WARN  c.y.r.config.JwtAuthenticationFilter - ❌ No valid JWT token found in cookies!
2025-03-06 18:30:05 [http-nio-8080-exec-7] WARN  c.y.r.config.JwtAuthenticationFilter - ❌ No valid JWT token found in cookies!
2025-03-06 18:30:05 [http-nio-8080-exec-3] WARN  c.y.r.config.JwtAuthenticationFilter - ❌ No valid JWT token found in cookies!
2025-03-06 18:30:05 [http-nio-8080-exec-3] INFO  c.y.r.n.w.rest.NtQuoteListController - Fetching all NT Quotes
2025-03-06 18:30:05 [http-nio-8080-exec-9] WARN  c.y.r.config.JwtAuthenticationFilter - ❌ No valid JWT token found in cookies!
2025-03-06 18:30:06 [http-nio-8080-exec-1] WARN  c.y.r.config.JwtAuthenticationFilter - ❌ No valid JWT token found in cookies!
2025-03-06 18:31:59 [http-nio-8080-exec-7] WARN  c.y.r.config.JwtAuthenticationFilter - ❌ No valid JWT token found in cookies!
2025-03-06 18:31:59 [http-nio-8080-exec-9] WARN  c.y.r.config.JwtAuthenticationFilter - ❌ No valid JWT token found in cookies!
2025-03-06 18:31:59 [http-nio-8080-exec-6] WARN  c.y.r.config.JwtAuthenticationFilter - ❌ No valid JWT token found in cookies!
2025-03-06 18:31:59 [http-nio-8080-exec-5] WARN  c.y.r.config.JwtAuthenticationFilter - ❌ No valid JWT token found in cookies!
2025-03-06 18:31:59 [http-nio-8080-exec-1] WARN  c.y.r.config.JwtAuthenticationFilter - ❌ No valid JWT token found in cookies!
2025-03-06 18:31:59 [http-nio-8080-exec-3] WARN  c.y.r.config.JwtAuthenticationFilter - ❌ No valid JWT token found in cookies!
2025-03-06 18:31:59 [http-nio-8080-exec-4] WARN  c.y.r.config.JwtAuthenticationFilter - ❌ No valid JWT token found in cookies!
2025-03-06 18:31:59 [http-nio-8080-exec-2] WARN  c.y.r.config.JwtAuthenticationFilter - ❌ No valid JWT token found in cookies!
2025-03-06 18:31:59 [http-nio-8080-exec-8] WARN  c.y.r.config.JwtAuthenticationFilter - ❌ No valid JWT token found in cookies!
2025-03-06 18:31:59 [http-nio-8080-exec-9] WARN  c.y.r.config.JwtAuthenticationFilter - ❌ No valid JWT token found in cookies!
2025-03-06 18:31:59 [http-nio-8080-exec-7] WARN  c.y.r.config.JwtAuthenticationFilter - ❌ No valid JWT token found in cookies!
2025-03-06 18:31:59 [http-nio-8080-exec-10] WARN  c.y.r.config.JwtAuthenticationFilter - ❌ No valid JWT token found in cookies!
2025-03-06 18:31:59 [http-nio-8080-exec-6] WARN  c.y.r.config.JwtAuthenticationFilter - ❌ No valid JWT token found in cookies!
2025-03-06 18:31:59 [http-nio-8080-exec-3] WARN  c.y.r.config.JwtAuthenticationFilter - ❌ No valid JWT token found in cookies!
2025-03-06 18:31:59 [http-nio-8080-exec-1] WARN  c.y.r.config.JwtAuthenticationFilter - ❌ No valid JWT token found in cookies!
2025-03-06 18:31:59 [http-nio-8080-exec-2] WARN  c.y.r.config.JwtAuthenticationFilter - ❌ No valid JWT token found in cookies!
2025-03-06 18:31:59 [http-nio-8080-exec-4] WARN  c.y.r.config.JwtAuthenticationFilter - ❌ No valid JWT token found in cookies!
2025-03-06 18:31:59 [http-nio-8080-exec-5] WARN  c.y.r.config.JwtAuthenticationFilter - ❌ No valid JWT token found in cookies!
2025-03-06 18:31:59 [http-nio-8080-exec-8] WARN  c.y.r.config.JwtAuthenticationFilter - ❌ No valid JWT token found in cookies!
2025-03-06 18:31:59 [http-nio-8080-exec-7] WARN  c.y.r.config.JwtAuthenticationFilter - ❌ No valid JWT token found in cookies!
2025-03-06 18:31:59 [http-nio-8080-exec-10] WARN  c.y.r.config.JwtAuthenticationFilter - ❌ No valid JWT token found in cookies!
2025-03-06 18:31:59 [http-nio-8080-exec-6] WARN  c.y.r.config.JwtAuthenticationFilter - ❌ No valid JWT token found in cookies!
2025-03-06 18:31:59 [http-nio-8080-exec-9] WARN  c.y.r.config.JwtAuthenticationFilter - ❌ No valid JWT token found in cookies!
2025-03-06 18:31:59 [http-nio-8080-exec-3] WARN  c.y.r.config.JwtAuthenticationFilter - ❌ No valid JWT token found in cookies!
2025-03-06 18:31:59 [http-nio-8080-exec-4] WARN  c.y.r.config.JwtAuthenticationFilter - ❌ No valid JWT token found in cookies!
2025-03-06 18:31:59 [http-nio-8080-exec-2] WARN  c.y.r.config.JwtAuthenticationFilter - ❌ No valid JWT token found in cookies!
2025-03-06 18:31:59 [http-nio-8080-exec-1] WARN  c.y.r.config.JwtAuthenticationFilter - ❌ No valid JWT token found in cookies!
2025-03-06 18:31:59 [http-nio-8080-exec-8] WARN  c.y.r.config.JwtAuthenticationFilter - ❌ No valid JWT token found in cookies!
2025-03-06 18:31:59 [http-nio-8080-exec-7] WARN  c.y.r.config.JwtAuthenticationFilter - ❌ No valid JWT token found in cookies!
2025-03-06 18:31:59 [http-nio-8080-exec-5] WARN  c.y.r.config.JwtAuthenticationFilter - ❌ No valid JWT token found in cookies!
2025-03-06 18:31:59 [http-nio-8080-exec-10] WARN  c.y.r.config.JwtAuthenticationFilter - ❌ No valid JWT token found in cookies!
2025-03-06 18:31:59 [http-nio-8080-exec-9] WARN  c.y.r.config.JwtAuthenticationFilter - ❌ No valid JWT token found in cookies!
2025-03-06 18:31:59 [http-nio-8080-exec-3] WARN  c.y.r.config.JwtAuthenticationFilter - ❌ No valid JWT token found in cookies!
2025-03-06 18:31:59 [http-nio-8080-exec-4] WARN  c.y.r.config.JwtAuthenticationFilter - ❌ No valid JWT token found in cookies!
2025-03-06 18:31:59 [http-nio-8080-exec-6] WARN  c.y.r.config.JwtAuthenticationFilter - ❌ No valid JWT token found in cookies!
2025-03-06 18:31:59 [http-nio-8080-exec-2] WARN  c.y.r.config.JwtAuthenticationFilter - ❌ No valid JWT token found in cookies!
2025-03-06 18:31:59 [http-nio-8080-exec-8] WARN  c.y.r.config.JwtAuthenticationFilter - ❌ No valid JWT token found in cookies!
2025-03-06 18:31:59 [http-nio-8080-exec-1] WARN  c.y.r.config.JwtAuthenticationFilter - ❌ No valid JWT token found in cookies!
2025-03-06 18:31:59 [http-nio-8080-exec-5] WARN  c.y.r.config.JwtAuthenticationFilter - ❌ No valid JWT token found in cookies!
2025-03-06 18:31:59 [http-nio-8080-exec-7] WARN  c.y.r.config.JwtAuthenticationFilter - ❌ No valid JWT token found in cookies!
2025-03-06 18:31:59 [http-nio-8080-exec-2] WARN  c.y.r.config.JwtAuthenticationFilter - ❌ No valid JWT token found in cookies!
2025-03-06 18:31:59 [http-nio-8080-exec-10] WARN  c.y.r.config.JwtAuthenticationFilter - ❌ No valid JWT token found in cookies!
2025-03-06 18:31:59 [http-nio-8080-exec-9] WARN  c.y.r.config.JwtAuthenticationFilter - ❌ No valid JWT token found in cookies!
2025-03-06 18:31:59 [http-nio-8080-exec-4] WARN  c.y.r.config.JwtAuthenticationFilter - ❌ No valid JWT token found in cookies!
2025-03-06 18:31:59 [http-nio-8080-exec-3] WARN  c.y.r.config.JwtAuthenticationFilter - ❌ No valid JWT token found in cookies!
2025-03-06 18:31:59 [http-nio-8080-exec-6] WARN  c.y.r.config.JwtAuthenticationFilter - ❌ No valid JWT token found in cookies!
2025-03-06 18:31:59 [http-nio-8080-exec-5] WARN  c.y.r.config.JwtAuthenticationFilter - ❌ No valid JWT token found in cookies!
2025-03-06 18:31:59 [http-nio-8080-exec-7] WARN  c.y.r.config.JwtAuthenticationFilter - ❌ No valid JWT token found in cookies!
2025-03-06 18:31:59 [http-nio-8080-exec-8] WARN  c.y.r.config.JwtAuthenticationFilter - ❌ No valid JWT token found in cookies!
2025-03-06 18:31:59 [http-nio-8080-exec-2] WARN  c.y.r.config.JwtAuthenticationFilter - ❌ No valid JWT token found in cookies!
2025-03-06 18:31:59 [http-nio-8080-exec-1] WARN  c.y.r.config.JwtAuthenticationFilter - ❌ No valid JWT token found in cookies!
2025-03-06 18:31:59 [http-nio-8080-exec-10] WARN  c.y.r.config.JwtAuthenticationFilter - ❌ No valid JWT token found in cookies!
2025-03-06 18:31:59 [http-nio-8080-exec-4] WARN  c.y.r.config.JwtAuthenticationFilter - ❌ No valid JWT token found in cookies!
2025-03-06 18:32:00 [http-nio-8080-exec-8] WARN  c.y.r.config.JwtAuthenticationFilter - ❌ No valid JWT token found in cookies!
2025-03-06 18:32:00 [http-nio-8080-exec-1] WARN  c.y.r.config.JwtAuthenticationFilter - ❌ No valid JWT token found in cookies!
2025-03-06 18:32:00 [http-nio-8080-exec-3] WARN  c.y.r.config.JwtAuthenticationFilter - ❌ No valid JWT token found in cookies!
2025-03-06 18:32:00 [http-nio-8080-exec-5] WARN  c.y.r.config.JwtAuthenticationFilter - ❌ No valid JWT token found in cookies!
2025-03-06 18:32:00 [http-nio-8080-exec-9] WARN  c.y.r.config.JwtAuthenticationFilter - ❌ No valid JWT token found in cookies!
2025-03-06 18:32:00 [http-nio-8080-exec-7] WARN  c.y.r.config.JwtAuthenticationFilter - ❌ No valid JWT token found in cookies!
2025-03-06 18:32:00 [http-nio-8080-exec-2] WARN  c.y.r.config.JwtAuthenticationFilter - ❌ No valid JWT token found in cookies!
2025-03-06 18:32:01 [http-nio-8080-exec-6] WARN  c.y.r.config.JwtAuthenticationFilter - ❌ No valid JWT token found in cookies!
2025-03-06 18:32:01 [http-nio-8080-exec-10] WARN  c.y.r.config.JwtAuthenticationFilter - ❌ No valid JWT token found in cookies!
2025-03-06 18:32:01 [http-nio-8080-exec-9] WARN  c.y.r.config.JwtAuthenticationFilter - ❌ No valid JWT token found in cookies!
2025-03-06 18:32:01 [http-nio-8080-exec-7] WARN  c.y.r.config.JwtAuthenticationFilter - ❌ No valid JWT token found in cookies!
2025-03-06 18:32:01 [http-nio-8080-exec-1] WARN  c.y.r.config.JwtAuthenticationFilter - ❌ No valid JWT token found in cookies!
2025-03-06 18:32:01 [http-nio-8080-exec-4] WARN  c.y.r.config.JwtAuthenticationFilter - ❌ No valid JWT token found in cookies!
2025-03-06 18:32:01 [http-nio-8080-exec-8] WARN  c.y.r.config.JwtAuthenticationFilter - ❌ No valid JWT token found in cookies!
2025-03-06 18:32:01 [http-nio-8080-exec-3] WARN  c.y.r.config.JwtAuthenticationFilter - ❌ No valid JWT token found in cookies!
2025-03-06 18:32:01 [http-nio-8080-exec-5] WARN  c.y.r.config.JwtAuthenticationFilter - ❌ No valid JWT token found in cookies!
2025-03-06 18:32:01 [http-nio-8080-exec-2] WARN  c.y.r.config.JwtAuthenticationFilter - ❌ No valid JWT token found in cookies!
2025-03-06 18:32:01 [http-nio-8080-exec-6] WARN  c.y.r.config.JwtAuthenticationFilter - ❌ No valid JWT token found in cookies!
2025-03-06 18:32:06 [http-nio-8080-exec-10] WARN  c.y.r.config.JwtAuthenticationFilter - ❌ No valid JWT token found in cookies!
2025-03-06 18:32:06 [http-nio-8080-exec-7] WARN  c.y.r.config.JwtAuthenticationFilter - ❌ No valid JWT token found in cookies!
2025-03-06 18:32:06 [http-nio-8080-exec-1] WARN  c.y.r.config.JwtAuthenticationFilter - ❌ No valid JWT token found in cookies!
2025-03-06 18:32:06 [http-nio-8080-exec-9] WARN  c.y.r.config.JwtAuthenticationFilter - ❌ No valid JWT token found in cookies!
2025-03-06 18:32:06 [http-nio-8080-exec-4] WARN  c.y.r.config.JwtAuthenticationFilter - ❌ No valid JWT token found in cookies!
2025-03-06 18:32:06 [http-nio-8080-exec-8] WARN  c.y.r.config.JwtAuthenticationFilter - ❌ No valid JWT token found in cookies!
2025-03-06 18:32:06 [http-nio-8080-exec-3] WARN  c.y.r.config.JwtAuthenticationFilter - ❌ No valid JWT token found in cookies!
2025-03-06 18:32:06 [http-nio-8080-exec-10] WARN  c.y.r.config.JwtAuthenticationFilter - ❌ No valid JWT token found in cookies!
2025-03-06 18:32:06 [http-nio-8080-exec-6] WARN  c.y.r.config.JwtAuthenticationFilter - ❌ No valid JWT token found in cookies!
2025-03-06 18:32:06 [http-nio-8080-exec-2] WARN  c.y.r.config.JwtAuthenticationFilter - ❌ No valid JWT token found in cookies!
2025-03-06 18:32:06 [http-nio-8080-exec-5] WARN  c.y.r.config.JwtAuthenticationFilter - ❌ No valid JWT token found in cookies!
2025-03-06 18:32:06 [http-nio-8080-exec-7] WARN  c.y.r.config.JwtAuthenticationFilter - ❌ No valid JWT token found in cookies!
2025-03-06 18:32:06 [http-nio-8080-exec-1] WARN  c.y.r.config.JwtAuthenticationFilter - ❌ No valid JWT token found in cookies!
2025-03-06 18:32:06 [http-nio-8080-exec-8] WARN  c.y.r.config.JwtAuthenticationFilter - ❌ No valid JWT token found in cookies!
2025-03-06 18:32:06 [http-nio-8080-exec-4] WARN  c.y.r.config.JwtAuthenticationFilter - ❌ No valid JWT token found in cookies!
2025-03-06 18:32:06 [http-nio-8080-exec-3] WARN  c.y.r.config.JwtAuthenticationFilter - ❌ No valid JWT token found in cookies!
2025-03-06 18:32:06 [http-nio-8080-exec-9] WARN  c.y.r.config.JwtAuthenticationFilter - ❌ No valid JWT token found in cookies!
2025-03-06 18:32:06 [http-nio-8080-exec-6] WARN  c.y.r.config.JwtAuthenticationFilter - ❌ No valid JWT token found in cookies!
2025-03-06 18:32:06 [http-nio-8080-exec-5] WARN  c.y.r.config.JwtAuthenticationFilter - ❌ No valid JWT token found in cookies!
2025-03-06 18:32:06 [http-nio-8080-exec-10] WARN  c.y.r.config.JwtAuthenticationFilter - ❌ No valid JWT token found in cookies!
2025-03-06 18:32:06 [http-nio-8080-exec-2] WARN  c.y.r.config.JwtAuthenticationFilter - ❌ No valid JWT token found in cookies!
2025-03-06 18:32:06 [http-nio-8080-exec-7] WARN  c.y.r.config.JwtAuthenticationFilter - ❌ No valid JWT token found in cookies!
2025-03-06 18:32:06 [http-nio-8080-exec-3] WARN  c.y.r.config.JwtAuthenticationFilter - ❌ No valid JWT token found in cookies!
2025-03-06 18:32:06 [http-nio-8080-exec-1] WARN  c.y.r.config.JwtAuthenticationFilter - ❌ No valid JWT token found in cookies!
2025-03-06 18:32:06 [http-nio-8080-exec-8] WARN  c.y.r.config.JwtAuthenticationFilter - ❌ No valid JWT token found in cookies!
2025-03-06 18:32:06 [http-nio-8080-exec-4] WARN  c.y.r.config.JwtAuthenticationFilter - ❌ No valid JWT token found in cookies!
2025-03-06 18:32:06 [http-nio-8080-exec-9] WARN  c.y.r.config.JwtAuthenticationFilter - ❌ No valid JWT token found in cookies!
2025-03-06 18:32:06 [http-nio-8080-exec-6] WARN  c.y.r.config.JwtAuthenticationFilter - ❌ No valid JWT token found in cookies!
2025-03-06 18:32:06 [http-nio-8080-exec-5] WARN  c.y.r.config.JwtAuthenticationFilter - ❌ No valid JWT token found in cookies!
2025-03-06 18:32:06 [http-nio-8080-exec-10] WARN  c.y.r.config.JwtAuthenticationFilter - ❌ No valid JWT token found in cookies!
2025-03-06 18:32:06 [http-nio-8080-exec-2] WARN  c.y.r.config.JwtAuthenticationFilter - ❌ No valid JWT token found in cookies!
2025-03-06 18:32:06 [http-nio-8080-exec-7] WARN  c.y.r.config.JwtAuthenticationFilter - ❌ No valid JWT token found in cookies!
2025-03-06 18:32:06 [http-nio-8080-exec-8] WARN  c.y.r.config.JwtAuthenticationFilter - ❌ No valid JWT token found in cookies!
2025-03-06 18:32:06 [http-nio-8080-exec-1] WARN  c.y.r.config.JwtAuthenticationFilter - ❌ No valid JWT token found in cookies!
2025-03-06 18:32:06 [http-nio-8080-exec-4] WARN  c.y.r.config.JwtAuthenticationFilter - ❌ No valid JWT token found in cookies!
2025-03-06 18:32:06 [http-nio-8080-exec-3] WARN  c.y.r.config.JwtAuthenticationFilter - ❌ No valid JWT token found in cookies!
2025-03-06 18:32:06 [http-nio-8080-exec-6] WARN  c.y.r.config.JwtAuthenticationFilter - ❌ No valid JWT token found in cookies!
2025-03-06 18:32:06 [http-nio-8080-exec-9] WARN  c.y.r.config.JwtAuthenticationFilter - ❌ No valid JWT token found in cookies!
2025-03-06 18:32:06 [http-nio-8080-exec-10] WARN  c.y.r.config.JwtAuthenticationFilter - ❌ No valid JWT token found in cookies!
2025-03-06 18:32:06 [http-nio-8080-exec-5] WARN  c.y.r.config.JwtAuthenticationFilter - ❌ No valid JWT token found in cookies!
2025-03-06 18:32:06 [http-nio-8080-exec-2] WARN  c.y.r.config.JwtAuthenticationFilter - ❌ No valid JWT token found in cookies!
2025-03-06 18:32:06 [http-nio-8080-exec-7] WARN  c.y.r.config.JwtAuthenticationFilter - ❌ No valid JWT token found in cookies!
2025-03-06 18:32:06 [http-nio-8080-exec-8] WARN  c.y.r.config.JwtAuthenticationFilter - ❌ No valid JWT token found in cookies!
2025-03-06 18:32:06 [http-nio-8080-exec-4] WARN  c.y.r.config.JwtAuthenticationFilter - ❌ No valid JWT token found in cookies!
2025-03-06 18:32:06 [http-nio-8080-exec-1] WARN  c.y.r.config.JwtAuthenticationFilter - ❌ No valid JWT token found in cookies!
2025-03-06 18:32:07 [http-nio-8080-exec-3] WARN  c.y.r.config.JwtAuthenticationFilter - ❌ No valid JWT token found in cookies!
2025-03-06 18:32:07 [http-nio-8080-exec-5] WARN  c.y.r.config.JwtAuthenticationFilter - ❌ No valid JWT token found in cookies!
2025-03-06 18:32:07 [http-nio-8080-exec-2] WARN  c.y.r.config.JwtAuthenticationFilter - ❌ No valid JWT token found in cookies!
2025-03-06 18:32:07 [http-nio-8080-exec-7] WARN  c.y.r.config.JwtAuthenticationFilter - ❌ No valid JWT token found in cookies!
2025-03-06 18:32:07 [http-nio-8080-exec-9] WARN  c.y.r.config.JwtAuthenticationFilter - ❌ No valid JWT token found in cookies!
2025-03-06 18:32:07 [http-nio-8080-exec-6] WARN  c.y.r.config.JwtAuthenticationFilter - ❌ No valid JWT token found in cookies!
2025-03-06 18:32:07 [http-nio-8080-exec-10] WARN  c.y.r.config.JwtAuthenticationFilter - ❌ No valid JWT token found in cookies!
2025-03-06 18:32:07 [http-nio-8080-exec-8] WARN  c.y.r.config.JwtAuthenticationFilter - ❌ No valid JWT token found in cookies!
2025-03-06 18:32:07 [http-nio-8080-exec-4] WARN  c.y.r.config.JwtAuthenticationFilter - ❌ No valid JWT token found in cookies!
2025-03-06 18:32:07 [http-nio-8080-exec-9] WARN  c.y.r.config.JwtAuthenticationFilter - ❌ No valid JWT token found in cookies!
2025-03-06 18:32:07 [http-nio-8080-exec-1] WARN  c.y.r.config.JwtAuthenticationFilter - ❌ No valid JWT token found in cookies!
2025-03-06 18:32:07 [http-nio-8080-exec-3] WARN  c.y.r.config.JwtAuthenticationFilter - ❌ No valid JWT token found in cookies!
2025-03-06 18:32:07 [http-nio-8080-exec-2] WARN  c.y.r.config.JwtAuthenticationFilter - ❌ No valid JWT token found in cookies!
2025-03-06 18:32:07 [http-nio-8080-exec-5] WARN  c.y.r.config.JwtAuthenticationFilter - ❌ No valid JWT token found in cookies!
2025-03-06 18:32:07 [http-nio-8080-exec-6] WARN  c.y.r.config.JwtAuthenticationFilter - ❌ No valid JWT token found in cookies!
2025-03-06 18:32:08 [http-nio-8080-exec-7] WARN  c.y.r.config.JwtAuthenticationFilter - ❌ No valid JWT token found in cookies!
2025-03-06 18:32:08 [http-nio-8080-exec-7] INFO  c.y.r.n.w.rest.NtQuoteListController - Fetching all NT Quotes
2025-03-06 18:32:08 [http-nio-8080-exec-10] WARN  c.y.r.config.JwtAuthenticationFilter - ❌ No valid JWT token found in cookies!
2025-03-06 18:32:09 [http-nio-8080-exec-8] WARN  c.y.r.config.JwtAuthenticationFilter - ❌ No valid JWT token found in cookies!
2025-03-06 18:32:11 [http-nio-8080-exec-1] WARN  c.y.r.config.JwtAuthenticationFilter - ❌ No valid JWT token found in cookies!
2025-03-06 18:32:11 [http-nio-8080-exec-1] INFO  c.y.r.n.w.rest.NtQuoteListController - Downloading Mold Manual file - filePath: /home/CPS/NtQuote/MoldMannual/4/ntdemo.xlsx
2025-03-06 18:32:11 [http-nio-8080-exec-1] INFO  c.y.r.n.w.rest.NtQuoteListController - Decoded filePath: /home/CPS/NtQuote/MoldMannual/4/ntdemo.xlsx
2025-03-06 18:32:11 [http-nio-8080-exec-1] INFO  c.y.r.n.w.rest.NtQuoteListController - Remote Mold Manual file path: /home/CPS/NtQuote/MoldMannual//4/ntdemo.xlsx
2025-03-06 18:32:12 [http-nio-8080-exec-1] INFO  c.y.r.n.w.rest.NtQuoteListController - Mold Manual file downloaded successfully: ntdemo.xlsx
2025-03-06 18:34:00 [http-nio-8080-exec-10] WARN  c.y.r.config.JwtAuthenticationFilter - ❌ No valid JWT token found in cookies!
2025-03-06 18:34:00 [http-nio-8080-exec-7] WARN  c.y.r.config.JwtAuthenticationFilter - ❌ No valid JWT token found in cookies!
2025-03-06 18:34:00 [http-nio-8080-exec-3] WARN  c.y.r.config.JwtAuthenticationFilter - ❌ No valid JWT token found in cookies!
2025-03-06 18:34:00 [http-nio-8080-exec-1] WARN  c.y.r.config.JwtAuthenticationFilter - ❌ No valid JWT token found in cookies!
2025-03-06 18:34:00 [http-nio-8080-exec-8] WARN  c.y.r.config.JwtAuthenticationFilter - ❌ No valid JWT token found in cookies!
2025-03-06 18:34:00 [http-nio-8080-exec-9] WARN  c.y.r.config.JwtAuthenticationFilter - ❌ No valid JWT token found in cookies!
2025-03-06 18:34:00 [http-nio-8080-exec-5] WARN  c.y.r.config.JwtAuthenticationFilter - ❌ No valid JWT token found in cookies!
2025-03-06 18:34:00 [http-nio-8080-exec-2] WARN  c.y.r.config.JwtAuthenticationFilter - ❌ No valid JWT token found in cookies!
2025-03-06 18:34:00 [http-nio-8080-exec-6] WARN  c.y.r.config.JwtAuthenticationFilter - ❌ No valid JWT token found in cookies!
2025-03-06 18:34:00 [http-nio-8080-exec-4] WARN  c.y.r.config.JwtAuthenticationFilter - ❌ No valid JWT token found in cookies!
2025-03-06 18:34:00 [http-nio-8080-exec-10] WARN  c.y.r.config.JwtAuthenticationFilter - ❌ No valid JWT token found in cookies!
2025-03-06 18:34:00 [http-nio-8080-exec-7] WARN  c.y.r.config.JwtAuthenticationFilter - ❌ No valid JWT token found in cookies!
2025-03-06 18:34:00 [http-nio-8080-exec-8] WARN  c.y.r.config.JwtAuthenticationFilter - ❌ No valid JWT token found in cookies!
2025-03-06 18:34:00 [http-nio-8080-exec-9] WARN  c.y.r.config.JwtAuthenticationFilter - ❌ No valid JWT token found in cookies!
2025-03-06 18:34:00 [http-nio-8080-exec-1] WARN  c.y.r.config.JwtAuthenticationFilter - ❌ No valid JWT token found in cookies!
2025-03-06 18:34:00 [http-nio-8080-exec-3] WARN  c.y.r.config.JwtAuthenticationFilter - ❌ No valid JWT token found in cookies!
2025-03-06 18:34:00 [http-nio-8080-exec-5] WARN  c.y.r.config.JwtAuthenticationFilter - ❌ No valid JWT token found in cookies!
2025-03-06 18:34:00 [http-nio-8080-exec-6] WARN  c.y.r.config.JwtAuthenticationFilter - ❌ No valid JWT token found in cookies!
2025-03-06 18:34:00 [http-nio-8080-exec-4] WARN  c.y.r.config.JwtAuthenticationFilter - ❌ No valid JWT token found in cookies!
2025-03-06 18:34:00 [http-nio-8080-exec-2] WARN  c.y.r.config.JwtAuthenticationFilter - ❌ No valid JWT token found in cookies!
2025-03-06 18:34:00 [http-nio-8080-exec-10] WARN  c.y.r.config.JwtAuthenticationFilter - ❌ No valid JWT token found in cookies!
2025-03-06 18:34:00 [http-nio-8080-exec-7] WARN  c.y.r.config.JwtAuthenticationFilter - ❌ No valid JWT token found in cookies!
2025-03-06 18:34:00 [http-nio-8080-exec-1] WARN  c.y.r.config.JwtAuthenticationFilter - ❌ No valid JWT token found in cookies!
2025-03-06 18:34:00 [http-nio-8080-exec-8] WARN  c.y.r.config.JwtAuthenticationFilter - ❌ No valid JWT token found in cookies!
2025-03-06 18:34:00 [http-nio-8080-exec-3] WARN  c.y.r.config.JwtAuthenticationFilter - ❌ No valid JWT token found in cookies!
2025-03-06 18:34:00 [http-nio-8080-exec-9] WARN  c.y.r.config.JwtAuthenticationFilter - ❌ No valid JWT token found in cookies!
2025-03-06 18:34:00 [http-nio-8080-exec-6] WARN  c.y.r.config.JwtAuthenticationFilter - ❌ No valid JWT token found in cookies!
2025-03-06 18:34:00 [http-nio-8080-exec-5] WARN  c.y.r.config.JwtAuthenticationFilter - ❌ No valid JWT token found in cookies!
2025-03-06 18:34:00 [http-nio-8080-exec-2] WARN  c.y.r.config.JwtAuthenticationFilter - ❌ No valid JWT token found in cookies!
2025-03-06 18:34:00 [http-nio-8080-exec-4] WARN  c.y.r.config.JwtAuthenticationFilter - ❌ No valid JWT token found in cookies!
2025-03-06 18:34:00 [http-nio-8080-exec-10] WARN  c.y.r.config.JwtAuthenticationFilter - ❌ No valid JWT token found in cookies!
2025-03-06 18:34:00 [http-nio-8080-exec-7] WARN  c.y.r.config.JwtAuthenticationFilter - ❌ No valid JWT token found in cookies!
2025-03-06 18:34:00 [http-nio-8080-exec-8] WARN  c.y.r.config.JwtAuthenticationFilter - ❌ No valid JWT token found in cookies!
2025-03-06 18:34:00 [http-nio-8080-exec-9] WARN  c.y.r.config.JwtAuthenticationFilter - ❌ No valid JWT token found in cookies!
2025-03-06 18:34:00 [http-nio-8080-exec-1] WARN  c.y.r.config.JwtAuthenticationFilter - ❌ No valid JWT token found in cookies!
2025-03-06 18:34:00 [http-nio-8080-exec-3] WARN  c.y.r.config.JwtAuthenticationFilter - ❌ No valid JWT token found in cookies!
2025-03-06 18:34:00 [http-nio-8080-exec-6] WARN  c.y.r.config.JwtAuthenticationFilter - ❌ No valid JWT token found in cookies!
2025-03-06 18:34:00 [http-nio-8080-exec-5] WARN  c.y.r.config.JwtAuthenticationFilter - ❌ No valid JWT token found in cookies!
2025-03-06 18:34:00 [http-nio-8080-exec-2] WARN  c.y.r.config.JwtAuthenticationFilter - ❌ No valid JWT token found in cookies!
2025-03-06 18:34:00 [http-nio-8080-exec-4] WARN  c.y.r.config.JwtAuthenticationFilter - ❌ No valid JWT token found in cookies!
2025-03-06 18:34:00 [http-nio-8080-exec-7] WARN  c.y.r.config.JwtAuthenticationFilter - ❌ No valid JWT token found in cookies!
2025-03-06 18:34:00 [http-nio-8080-exec-10] WARN  c.y.r.config.JwtAuthenticationFilter - ❌ No valid JWT token found in cookies!
2025-03-06 18:34:00 [http-nio-8080-exec-3] WARN  c.y.r.config.JwtAuthenticationFilter - ❌ No valid JWT token found in cookies!
2025-03-06 18:34:00 [http-nio-8080-exec-9] WARN  c.y.r.config.JwtAuthenticationFilter - ❌ No valid JWT token found in cookies!
2025-03-06 18:34:00 [http-nio-8080-exec-8] WARN  c.y.r.config.JwtAuthenticationFilter - ❌ No valid JWT token found in cookies!
2025-03-06 18:34:00 [http-nio-8080-exec-1] WARN  c.y.r.config.JwtAuthenticationFilter - ❌ No valid JWT token found in cookies!
2025-03-06 18:34:00 [http-nio-8080-exec-6] WARN  c.y.r.config.JwtAuthenticationFilter - ❌ No valid JWT token found in cookies!
2025-03-06 18:34:00 [http-nio-8080-exec-2] WARN  c.y.r.config.JwtAuthenticationFilter - ❌ No valid JWT token found in cookies!
2025-03-06 18:34:00 [http-nio-8080-exec-4] WARN  c.y.r.config.JwtAuthenticationFilter - ❌ No valid JWT token found in cookies!
2025-03-06 18:34:00 [http-nio-8080-exec-5] WARN  c.y.r.config.JwtAuthenticationFilter - ❌ No valid JWT token found in cookies!
2025-03-06 18:34:00 [http-nio-8080-exec-10] WARN  c.y.r.config.JwtAuthenticationFilter - ❌ No valid JWT token found in cookies!
2025-03-06 18:34:00 [http-nio-8080-exec-7] WARN  c.y.r.config.JwtAuthenticationFilter - ❌ No valid JWT token found in cookies!
2025-03-06 18:34:00 [http-nio-8080-exec-9] WARN  c.y.r.config.JwtAuthenticationFilter - ❌ No valid JWT token found in cookies!
2025-03-06 18:34:01 [http-nio-8080-exec-8] WARN  c.y.r.config.JwtAuthenticationFilter - ❌ No valid JWT token found in cookies!
2025-03-06 18:34:01 [http-nio-8080-exec-3] WARN  c.y.r.config.JwtAuthenticationFilter - ❌ No valid JWT token found in cookies!
2025-03-06 18:34:01 [http-nio-8080-exec-2] WARN  c.y.r.config.JwtAuthenticationFilter - ❌ No valid JWT token found in cookies!
2025-03-06 18:34:01 [http-nio-8080-exec-4] WARN  c.y.r.config.JwtAuthenticationFilter - ❌ No valid JWT token found in cookies!
2025-03-06 18:34:01 [http-nio-8080-exec-6] WARN  c.y.r.config.JwtAuthenticationFilter - ❌ No valid JWT token found in cookies!
2025-03-06 18:34:01 [http-nio-8080-exec-5] WARN  c.y.r.config.JwtAuthenticationFilter - ❌ No valid JWT token found in cookies!
2025-03-06 18:34:01 [http-nio-8080-exec-10] WARN  c.y.r.config.JwtAuthenticationFilter - ❌ No valid JWT token found in cookies!
2025-03-06 18:34:02 [http-nio-8080-exec-1] WARN  c.y.r.config.JwtAuthenticationFilter - ❌ No valid JWT token found in cookies!
2025-03-06 18:34:02 [http-nio-8080-exec-1] INFO  c.y.r.n.w.rest.NtQuoteListController - Fetching all NT Quotes
2025-03-06 18:34:02 [http-nio-8080-exec-7] WARN  c.y.r.config.JwtAuthenticationFilter - ❌ No valid JWT token found in cookies!
2025-03-06 18:34:02 [http-nio-8080-exec-9] WARN  c.y.r.config.JwtAuthenticationFilter - ❌ No valid JWT token found in cookies!
2025-03-06 18:34:11 [http-nio-8080-exec-6] WARN  c.y.r.config.JwtAuthenticationFilter - ❌ No valid JWT token found in cookies!
2025-03-06 18:34:11 [http-nio-8080-exec-6] INFO  c.y.r.n.w.rest.NtQuoteListController - Downloading Mold Manual file - filePath: /home/CPS/NtQuote/MoldMannual/4/ntdemo.xlsx
2025-03-06 18:34:11 [http-nio-8080-exec-6] INFO  c.y.r.n.w.rest.NtQuoteListController - Decoded filePath: /home/CPS/NtQuote/MoldMannual/4/ntdemo.xlsx
2025-03-06 18:34:11 [http-nio-8080-exec-6] INFO  c.y.r.n.w.rest.NtQuoteListController - Remote Mold Manual file path: /home/CPS/NtQuote/MoldMannual//4/ntdemo.xlsx
2025-03-06 18:34:11 [http-nio-8080-exec-3] WARN  c.y.r.config.JwtAuthenticationFilter - ❌ No valid JWT token found in cookies!
2025-03-06 18:34:11 [http-nio-8080-exec-3] INFO  c.y.r.n.w.rest.NtQuoteListController - Downloading Mold Manual file - filePath: /home/CPS/NtQuote/MoldMannual/4/ntdemo.xlsx
2025-03-06 18:34:11 [http-nio-8080-exec-3] INFO  c.y.r.n.w.rest.NtQuoteListController - Decoded filePath: /home/CPS/NtQuote/MoldMannual/4/ntdemo.xlsx
2025-03-06 18:34:11 [http-nio-8080-exec-3] INFO  c.y.r.n.w.rest.NtQuoteListController - Remote Mold Manual file path: /home/CPS/NtQuote/MoldMannual//4/ntdemo.xlsx
2025-03-06 18:34:11 [http-nio-8080-exec-3] INFO  c.y.r.n.w.rest.NtQuoteListController - Mold Manual file downloaded successfully: ntdemo.xlsx
2025-03-06 18:34:11 [http-nio-8080-exec-6] INFO  c.y.r.n.w.rest.NtQuoteListController - Mold Manual file downloaded successfully: ntdemo.xlsx
2025-03-06 18:35:12 [File Watcher] INFO  o.s.b.d.a.LocalDevToolsAutoConfiguration$RestartingClassPathChangeChangedEventListener - Restarting due to 1 class path change (0 additions, 0 deletions, 1 modification)
2025-03-06 18:35:12 [Thread-80] INFO  o.s.b.w.e.tomcat.GracefulShutdown - Commencing graceful shutdown. Waiting for active requests to complete
2025-03-06 18:35:12 [tomcat-shutdown] INFO  o.a.coyote.http11.Http11NioProtocol - Pausing ProtocolHandler ["http-nio-8080"]
2025-03-06 18:35:12 [tomcat-shutdown] INFO  o.s.b.w.e.tomcat.GracefulShutdown - Graceful shutdown complete
2025-03-06 18:35:12 [Thread-80] INFO  o.a.coyote.http11.Http11NioProtocol - Stopping ProtocolHandler ["http-nio-8080"]
2025-03-06 18:35:13 [Thread-80] INFO  o.s.o.j.LocalContainerEntityManagerFactoryBean - Closing JPA EntityManagerFactory for persistence unit 'default'
2025-03-06 18:35:13 [Thread-80] INFO  com.zaxxer.hikari.HikariDataSource - HikariPool-15 - Shutdown initiated...
2025-03-06 18:35:13 [Thread-80] INFO  com.zaxxer.hikari.HikariDataSource - HikariPool-15 - Shutdown completed.
2025-03-06 18:35:13 [restartedMain] INFO  com.yts.revaux.RevAuxApplication - Starting RevAuxApplication using Java 21.0.5 with PID 63896 (/home/yts125/Desktop/LatestNtQuote_March6/rev-aux/target/classes started by yts125 in /home/yts125/Desktop/LatestNtQuote_March6/rev-aux)
2025-03-06 18:35:13 [restartedMain] INFO  com.yts.revaux.RevAuxApplication - The following 1 profile is active: "dev"
2025-03-06 18:35:13 [restartedMain] INFO  o.s.d.r.c.RepositoryConfigurationDelegate - Multiple Spring Data modules found, entering strict repository configuration mode
2025-03-06 18:35:13 [restartedMain] INFO  o.s.d.r.c.RepositoryConfigurationDelegate - Bootstrapping Spring Data JDBC repositories in DEFAULT mode.
2025-03-06 18:35:13 [restartedMain] INFO  o.s.d.r.c.RepositoryConfigurationExtensionSupport - Spring Data JDBC - Could not safely identify store assignment for repository candidate interface com.yts.revaux.admin.repository.AdminRepository; If you want this repository to be a JDBC repository, consider annotating your entities with one of these annotations: org.springframework.data.relational.core.mapping.Table.
2025-03-06 18:35:13 [restartedMain] INFO  o.s.d.r.c.RepositoryConfigurationExtensionSupport - Spring Data JDBC - Could not safely identify store assignment for repository candidate interface com.yts.revaux.admin.repository.UserRepository; If you want this repository to be a JDBC repository, consider annotating your entities with one of these annotations: org.springframework.data.relational.core.mapping.Table.
2025-03-06 18:35:13 [restartedMain] INFO  o.s.d.r.c.RepositoryConfigurationExtensionSupport - Spring Data JDBC - Could not safely identify store assignment for repository candidate interface com.yts.revaux.ntQuote.repository.NTQuoteListRepository; If you want this repository to be a JDBC repository, consider annotating your entities with one of these annotations: org.springframework.data.relational.core.mapping.Table.
2025-03-06 18:35:13 [restartedMain] INFO  o.s.d.r.c.RepositoryConfigurationExtensionSupport - Spring Data JDBC - Could not safely identify store assignment for repository candidate interface com.yts.revaux.ntQuote.repository.NtQuoteComponentDetailRepository; If you want this repository to be a JDBC repository, consider annotating your entities with one of these annotations: org.springframework.data.relational.core.mapping.Table.
2025-03-06 18:35:13 [restartedMain] INFO  o.s.d.r.c.RepositoryConfigurationExtensionSupport - Spring Data JDBC - Could not safely identify store assignment for repository candidate interface com.yts.revaux.ntQuote.repository.NtQuoteContactReviewInformationRepository; If you want this repository to be a JDBC repository, consider annotating your entities with one of these annotations: org.springframework.data.relational.core.mapping.Table.
2025-03-06 18:35:13 [restartedMain] INFO  o.s.d.r.c.RepositoryConfigurationExtensionSupport - Spring Data JDBC - Could not safely identify store assignment for repository candidate interface com.yts.revaux.ntQuote.repository.NtQuoteCostOverviewCustomerInputOutputRepository; If you want this repository to be a JDBC repository, consider annotating your entities with one of these annotations: org.springframework.data.relational.core.mapping.Table.
2025-03-06 18:35:13 [restartedMain] INFO  o.s.d.r.c.RepositoryConfigurationExtensionSupport - Spring Data JDBC - Could not safely identify store assignment for repository candidate interface com.yts.revaux.ntQuote.repository.NtQuoteCustomerProjectRepository; If you want this repository to be a JDBC repository, consider annotating your entities with one of these annotations: org.springframework.data.relational.core.mapping.Table.
2025-03-06 18:35:13 [restartedMain] INFO  o.s.d.r.c.RepositoryConfigurationExtensionSupport - Spring Data JDBC - Could not safely identify store assignment for repository candidate interface com.yts.revaux.ntQuote.repository.NtQuoteProjectConsiderationRepository; If you want this repository to be a JDBC repository, consider annotating your entities with one of these annotations: org.springframework.data.relational.core.mapping.Table.
2025-03-06 18:35:13 [restartedMain] INFO  o.s.d.r.c.RepositoryConfigurationExtensionSupport - Spring Data JDBC - Could not safely identify store assignment for repository candidate interface com.yts.revaux.ntQuote.repository.NtQuoteProjectEstimatedTimingRepository; If you want this repository to be a JDBC repository, consider annotating your entities with one of these annotations: org.springframework.data.relational.core.mapping.Table.
2025-03-06 18:35:13 [restartedMain] INFO  o.s.d.r.c.RepositoryConfigurationExtensionSupport - Spring Data JDBC - Could not safely identify store assignment for repository candidate interface com.yts.revaux.ntQuote.repository.QuoteLabourRateRepository; If you want this repository to be a JDBC repository, consider annotating your entities with one of these annotations: org.springframework.data.relational.core.mapping.Table.
2025-03-06 18:35:13 [restartedMain] INFO  o.s.d.r.c.RepositoryConfigurationExtensionSupport - Spring Data JDBC - Could not safely identify store assignment for repository candidate interface com.yts.revaux.ntQuote.repository.QuoteMachineEfficiencyRepository; If you want this repository to be a JDBC repository, consider annotating your entities with one of these annotations: org.springframework.data.relational.core.mapping.Table.
2025-03-06 18:35:13 [restartedMain] INFO  o.s.d.r.c.RepositoryConfigurationExtensionSupport - Spring Data JDBC - Could not safely identify store assignment for repository candidate interface com.yts.revaux.ntQuote.repository.QuoteMachineSetupRepository; If you want this repository to be a JDBC repository, consider annotating your entities with one of these annotations: org.springframework.data.relational.core.mapping.Table.
2025-03-06 18:35:13 [restartedMain] INFO  o.s.d.r.c.RepositoryConfigurationExtensionSupport - Spring Data JDBC - Could not safely identify store assignment for repository candidate interface com.yts.revaux.ntQuote.repository.QuoteMaterialMarkupRepository; If you want this repository to be a JDBC repository, consider annotating your entities with one of these annotations: org.springframework.data.relational.core.mapping.Table.
2025-03-06 18:35:13 [restartedMain] INFO  o.s.d.r.c.RepositoryConfigurationExtensionSupport - Spring Data JDBC - Could not safely identify store assignment for repository candidate interface com.yts.revaux.ntQuote.repository.QuoteProfitRepository; If you want this repository to be a JDBC repository, consider annotating your entities with one of these annotations: org.springframework.data.relational.core.mapping.Table.
2025-03-06 18:35:13 [restartedMain] INFO  o.s.d.r.c.RepositoryConfigurationExtensionSupport - Spring Data JDBC - Could not safely identify store assignment for repository candidate interface com.yts.revaux.ntQuote.repository.QuoteScrapRateRepository; If you want this repository to be a JDBC repository, consider annotating your entities with one of these annotations: org.springframework.data.relational.core.mapping.Table.
2025-03-06 18:35:13 [restartedMain] INFO  o.s.d.r.c.RepositoryConfigurationExtensionSupport - Spring Data JDBC - Could not safely identify store assignment for repository candidate interface com.yts.revaux.ntQuote.repository.QuoteSgaRateRepository; If you want this repository to be a JDBC repository, consider annotating your entities with one of these annotations: org.springframework.data.relational.core.mapping.Table.
2025-03-06 18:35:13 [restartedMain] INFO  o.s.d.r.c.RepositoryConfigurationDelegate - Finished Spring Data repository scanning in 10 ms. Found 0 JDBC repository interfaces.
2025-03-06 18:35:13 [restartedMain] INFO  o.s.d.r.c.RepositoryConfigurationDelegate - Multiple Spring Data modules found, entering strict repository configuration mode
2025-03-06 18:35:13 [restartedMain] INFO  o.s.d.r.c.RepositoryConfigurationDelegate - Bootstrapping Spring Data JPA repositories in DEFAULT mode.
2025-03-06 18:35:13 [restartedMain] INFO  o.s.d.r.c.RepositoryConfigurationDelegate - Finished Spring Data repository scanning in 13 ms. Found 16 JPA repository interfaces.
2025-03-06 18:35:13 [restartedMain] INFO  o.s.d.r.c.RepositoryConfigurationDelegate - Multiple Spring Data modules found, entering strict repository configuration mode
2025-03-06 18:35:13 [restartedMain] INFO  o.s.d.r.c.RepositoryConfigurationDelegate - Bootstrapping Spring Data Redis repositories in DEFAULT mode.
2025-03-06 18:35:13 [restartedMain] INFO  o.s.d.r.c.RepositoryConfigurationExtensionSupport - Spring Data Redis - Could not safely identify store assignment for repository candidate interface com.yts.revaux.admin.repository.AdminRepository; If you want this repository to be a Redis repository, consider annotating your entities with one of these annotations: org.springframework.data.redis.core.RedisHash (preferred), or consider extending one of the following types with your repository: org.springframework.data.keyvalue.repository.KeyValueRepository
2025-03-06 18:35:13 [restartedMain] INFO  o.s.d.r.c.RepositoryConfigurationExtensionSupport - Spring Data Redis - Could not safely identify store assignment for repository candidate interface com.yts.revaux.admin.repository.UserRepository; If you want this repository to be a Redis repository, consider annotating your entities with one of these annotations: org.springframework.data.redis.core.RedisHash (preferred), or consider extending one of the following types with your repository: org.springframework.data.keyvalue.repository.KeyValueRepository
2025-03-06 18:35:13 [restartedMain] INFO  o.s.d.r.c.RepositoryConfigurationExtensionSupport - Spring Data Redis - Could not safely identify store assignment for repository candidate interface com.yts.revaux.ntQuote.repository.NTQuoteListRepository; If you want this repository to be a Redis repository, consider annotating your entities with one of these annotations: org.springframework.data.redis.core.RedisHash (preferred), or consider extending one of the following types with your repository: org.springframework.data.keyvalue.repository.KeyValueRepository
2025-03-06 18:35:13 [restartedMain] INFO  o.s.d.r.c.RepositoryConfigurationExtensionSupport - Spring Data Redis - Could not safely identify store assignment for repository candidate interface com.yts.revaux.ntQuote.repository.NtQuoteComponentDetailRepository; If you want this repository to be a Redis repository, consider annotating your entities with one of these annotations: org.springframework.data.redis.core.RedisHash (preferred), or consider extending one of the following types with your repository: org.springframework.data.keyvalue.repository.KeyValueRepository
2025-03-06 18:35:13 [restartedMain] INFO  o.s.d.r.c.RepositoryConfigurationExtensionSupport - Spring Data Redis - Could not safely identify store assignment for repository candidate interface com.yts.revaux.ntQuote.repository.NtQuoteContactReviewInformationRepository; If you want this repository to be a Redis repository, consider annotating your entities with one of these annotations: org.springframework.data.redis.core.RedisHash (preferred), or consider extending one of the following types with your repository: org.springframework.data.keyvalue.repository.KeyValueRepository
2025-03-06 18:35:13 [restartedMain] INFO  o.s.d.r.c.RepositoryConfigurationExtensionSupport - Spring Data Redis - Could not safely identify store assignment for repository candidate interface com.yts.revaux.ntQuote.repository.NtQuoteCostOverviewCustomerInputOutputRepository; If you want this repository to be a Redis repository, consider annotating your entities with one of these annotations: org.springframework.data.redis.core.RedisHash (preferred), or consider extending one of the following types with your repository: org.springframework.data.keyvalue.repository.KeyValueRepository
2025-03-06 18:35:13 [restartedMain] INFO  o.s.d.r.c.RepositoryConfigurationExtensionSupport - Spring Data Redis - Could not safely identify store assignment for repository candidate interface com.yts.revaux.ntQuote.repository.NtQuoteCustomerProjectRepository; If you want this repository to be a Redis repository, consider annotating your entities with one of these annotations: org.springframework.data.redis.core.RedisHash (preferred), or consider extending one of the following types with your repository: org.springframework.data.keyvalue.repository.KeyValueRepository
2025-03-06 18:35:13 [restartedMain] INFO  o.s.d.r.c.RepositoryConfigurationExtensionSupport - Spring Data Redis - Could not safely identify store assignment for repository candidate interface com.yts.revaux.ntQuote.repository.NtQuoteProjectConsiderationRepository; If you want this repository to be a Redis repository, consider annotating your entities with one of these annotations: org.springframework.data.redis.core.RedisHash (preferred), or consider extending one of the following types with your repository: org.springframework.data.keyvalue.repository.KeyValueRepository
2025-03-06 18:35:13 [restartedMain] INFO  o.s.d.r.c.RepositoryConfigurationExtensionSupport - Spring Data Redis - Could not safely identify store assignment for repository candidate interface com.yts.revaux.ntQuote.repository.NtQuoteProjectEstimatedTimingRepository; If you want this repository to be a Redis repository, consider annotating your entities with one of these annotations: org.springframework.data.redis.core.RedisHash (preferred), or consider extending one of the following types with your repository: org.springframework.data.keyvalue.repository.KeyValueRepository
2025-03-06 18:35:13 [restartedMain] INFO  o.s.d.r.c.RepositoryConfigurationExtensionSupport - Spring Data Redis - Could not safely identify store assignment for repository candidate interface com.yts.revaux.ntQuote.repository.QuoteLabourRateRepository; If you want this repository to be a Redis repository, consider annotating your entities with one of these annotations: org.springframework.data.redis.core.RedisHash (preferred), or consider extending one of the following types with your repository: org.springframework.data.keyvalue.repository.KeyValueRepository
2025-03-06 18:35:13 [restartedMain] INFO  o.s.d.r.c.RepositoryConfigurationExtensionSupport - Spring Data Redis - Could not safely identify store assignment for repository candidate interface com.yts.revaux.ntQuote.repository.QuoteMachineEfficiencyRepository; If you want this repository to be a Redis repository, consider annotating your entities with one of these annotations: org.springframework.data.redis.core.RedisHash (preferred), or consider extending one of the following types with your repository: org.springframework.data.keyvalue.repository.KeyValueRepository
2025-03-06 18:35:13 [restartedMain] INFO  o.s.d.r.c.RepositoryConfigurationExtensionSupport - Spring Data Redis - Could not safely identify store assignment for repository candidate interface com.yts.revaux.ntQuote.repository.QuoteMachineSetupRepository; If you want this repository to be a Redis repository, consider annotating your entities with one of these annotations: org.springframework.data.redis.core.RedisHash (preferred), or consider extending one of the following types with your repository: org.springframework.data.keyvalue.repository.KeyValueRepository
2025-03-06 18:35:13 [restartedMain] INFO  o.s.d.r.c.RepositoryConfigurationExtensionSupport - Spring Data Redis - Could not safely identify store assignment for repository candidate interface com.yts.revaux.ntQuote.repository.QuoteMaterialMarkupRepository; If you want this repository to be a Redis repository, consider annotating your entities with one of these annotations: org.springframework.data.redis.core.RedisHash (preferred), or consider extending one of the following types with your repository: org.springframework.data.keyvalue.repository.KeyValueRepository
2025-03-06 18:35:13 [restartedMain] INFO  o.s.d.r.c.RepositoryConfigurationExtensionSupport - Spring Data Redis - Could not safely identify store assignment for repository candidate interface com.yts.revaux.ntQuote.repository.QuoteProfitRepository; If you want this repository to be a Redis repository, consider annotating your entities with one of these annotations: org.springframework.data.redis.core.RedisHash (preferred), or consider extending one of the following types with your repository: org.springframework.data.keyvalue.repository.KeyValueRepository
2025-03-06 18:35:13 [restartedMain] INFO  o.s.d.r.c.RepositoryConfigurationExtensionSupport - Spring Data Redis - Could not safely identify store assignment for repository candidate interface com.yts.revaux.ntQuote.repository.QuoteScrapRateRepository; If you want this repository to be a Redis repository, consider annotating your entities with one of these annotations: org.springframework.data.redis.core.RedisHash (preferred), or consider extending one of the following types with your repository: org.springframework.data.keyvalue.repository.KeyValueRepository
2025-03-06 18:35:13 [restartedMain] INFO  o.s.d.r.c.RepositoryConfigurationExtensionSupport - Spring Data Redis - Could not safely identify store assignment for repository candidate interface com.yts.revaux.ntQuote.repository.QuoteSgaRateRepository; If you want this repository to be a Redis repository, consider annotating your entities with one of these annotations: org.springframework.data.redis.core.RedisHash (preferred), or consider extending one of the following types with your repository: org.springframework.data.keyvalue.repository.KeyValueRepository
2025-03-06 18:35:13 [restartedMain] INFO  o.s.d.r.c.RepositoryConfigurationDelegate - Finished Spring Data repository scanning in 2 ms. Found 0 Redis repository interfaces.
2025-03-06 18:35:13 [restartedMain] INFO  o.s.b.w.e.tomcat.TomcatWebServer - Tomcat initialized with port 8080 (http)
2025-03-06 18:35:13 [restartedMain] INFO  o.a.coyote.http11.Http11NioProtocol - Initializing ProtocolHandler ["http-nio-8080"]
2025-03-06 18:35:13 [restartedMain] INFO  o.a.catalina.core.StandardService - Starting service [Tomcat]
2025-03-06 18:35:13 [restartedMain] INFO  o.a.catalina.core.StandardEngine - Starting Servlet engine: [Apache Tomcat/10.1.36]
2025-03-06 18:35:13 [restartedMain] INFO  o.a.c.c.C.[.[localhost].[/rev-aux] - Initializing Spring embedded WebApplicationContext
2025-03-06 18:35:13 [restartedMain] INFO  o.s.b.w.s.c.ServletWebServerApplicationContext - Root WebApplicationContext: initialization completed in 256 ms
2025-03-06 18:35:13 [restartedMain] INFO  o.h.jpa.internal.util.LogHelper - HHH000204: Processing PersistenceUnitInfo [name: default]
2025-03-06 18:35:13 [restartedMain] INFO  o.h.c.i.RegionFactoryInitiator - HHH000026: Second-level cache disabled
2025-03-06 18:35:13 [restartedMain] INFO  o.s.o.j.p.SpringPersistenceUnitInfo - No LoadTimeWeaver setup: ignoring JPA class transformer
2025-03-06 18:35:13 [restartedMain] INFO  com.zaxxer.hikari.HikariDataSource - HikariPool-16 - Starting...
2025-03-06 18:35:13 [restartedMain] INFO  com.zaxxer.hikari.pool.HikariPool - HikariPool-16 - Added connection org.postgresql.jdbc.PgConnection@5f30bb78
2025-03-06 18:35:13 [restartedMain] INFO  com.zaxxer.hikari.HikariDataSource - HikariPool-16 - Start completed.
2025-03-06 18:35:13 [restartedMain] INFO  o.hibernate.orm.connections.pooling - HHH10001005: Database info:
	Database JDBC URL [Connecting through datasource 'HikariDataSource (HikariPool-16)']
	Database driver: undefined/unknown
	Database version: 14.17
	Autocommit mode: undefined/unknown
	Isolation level: undefined/unknown
	Minimum pool size: undefined/unknown
	Maximum pool size: undefined/unknown
2025-03-06 18:35:13 [restartedMain] INFO  o.h.e.t.j.p.i.JtaPlatformInitiator - HHH000489: No JTA platform available (set 'hibernate.transaction.jta.platform' to enable JTA platform integration)
2025-03-06 18:35:15 [restartedMain] INFO  o.s.o.j.LocalContainerEntityManagerFactoryBean - Initialized JPA EntityManagerFactory for persistence unit 'default'
2025-03-06 18:35:15 [restartedMain] WARN  o.s.b.a.o.j.JpaBaseConfiguration$JpaWebConfiguration - spring.jpa.open-in-view is enabled by default. Therefore, database queries may be performed during view rendering. Explicitly configure spring.jpa.open-in-view to disable this warning
2025-03-06 18:35:15 [restartedMain] INFO  o.s.s.c.a.a.c.InitializeUserDetailsBeanManagerConfigurer$InitializeUserDetailsManagerConfigurer - Global AuthenticationManager configured with UserDetailsService bean with name customUserDetailsService
2025-03-06 18:35:15 [restartedMain] INFO  o.s.b.d.a.OptionalLiveReloadServer - LiveReload server is running on port 35729
2025-03-06 18:35:15 [restartedMain] INFO  o.a.coyote.http11.Http11NioProtocol - Starting ProtocolHandler ["http-nio-8080"]
2025-03-06 18:35:15 [restartedMain] INFO  o.s.b.w.e.tomcat.TomcatWebServer - Tomcat started on port 8080 (http) with context path '/rev-aux'
2025-03-06 18:35:15 [restartedMain] INFO  com.yts.revaux.RevAuxApplication - Started RevAuxApplication in 2.446 seconds (process running for 4059.819)
2025-03-06 18:35:15 [restartedMain] INFO  o.s.b.d.a.ConditionEvaluationDeltaLoggingListener - Condition evaluation unchanged
2025-03-06 18:35:15 [http-nio-8080-exec-1] INFO  o.a.c.c.C.[.[localhost].[/rev-aux] - Initializing Spring DispatcherServlet 'dispatcherServlet'
2025-03-06 18:35:15 [http-nio-8080-exec-1] INFO  o.s.web.servlet.DispatcherServlet - Initializing Servlet 'dispatcherServlet'
2025-03-06 18:35:15 [http-nio-8080-exec-1] INFO  o.s.web.servlet.DispatcherServlet - Completed initialization in 2 ms
2025-03-06 18:35:15 [http-nio-8080-exec-1] WARN  c.y.r.config.JwtAuthenticationFilter - ❌ No valid JWT token found in cookies!
2025-03-06 18:35:15 [http-nio-8080-exec-2] WARN  c.y.r.config.JwtAuthenticationFilter - ❌ No valid JWT token found in cookies!
2025-03-06 18:35:15 [http-nio-8080-exec-3] WARN  c.y.r.config.JwtAuthenticationFilter - ❌ No valid JWT token found in cookies!
2025-03-06 18:35:15 [http-nio-8080-exec-4] WARN  c.y.r.config.JwtAuthenticationFilter - ❌ No valid JWT token found in cookies!
2025-03-06 18:35:15 [http-nio-8080-exec-5] WARN  c.y.r.config.JwtAuthenticationFilter - ❌ No valid JWT token found in cookies!
2025-03-06 18:35:15 [http-nio-8080-exec-6] WARN  c.y.r.config.JwtAuthenticationFilter - ❌ No valid JWT token found in cookies!
2025-03-06 18:35:15 [http-nio-8080-exec-7] WARN  c.y.r.config.JwtAuthenticationFilter - ❌ No valid JWT token found in cookies!
2025-03-06 18:35:15 [http-nio-8080-exec-9] WARN  c.y.r.config.JwtAuthenticationFilter - ❌ No valid JWT token found in cookies!
2025-03-06 18:35:15 [http-nio-8080-exec-8] WARN  c.y.r.config.JwtAuthenticationFilter - ❌ No valid JWT token found in cookies!
2025-03-06 18:35:15 [http-nio-8080-exec-10] WARN  c.y.r.config.JwtAuthenticationFilter - ❌ No valid JWT token found in cookies!
2025-03-06 18:35:55 [RMI TCP Connection(123)-127.0.0.1] INFO  o.s.b.a.SpringApplicationAdminMXBeanRegistrar$SpringApplicationAdmin - Application shutdown requested.
2025-03-06 18:35:55 [RMI TCP Connection(123)-127.0.0.1] INFO  o.s.b.w.e.tomcat.GracefulShutdown - Commencing graceful shutdown. Waiting for active requests to complete
2025-03-06 18:35:55 [tomcat-shutdown] INFO  o.a.coyote.http11.Http11NioProtocol - Pausing ProtocolHandler ["http-nio-8080"]
2025-03-06 18:35:55 [tomcat-shutdown] INFO  o.s.b.w.e.tomcat.GracefulShutdown - Graceful shutdown complete
2025-03-06 18:35:55 [RMI TCP Connection(123)-127.0.0.1] INFO  o.a.coyote.http11.Http11NioProtocol - Stopping ProtocolHandler ["http-nio-8080"]
2025-03-06 18:35:55 [RMI TCP Connection(123)-127.0.0.1] INFO  o.s.o.j.LocalContainerEntityManagerFactoryBean - Closing JPA EntityManagerFactory for persistence unit 'default'
2025-03-06 18:35:55 [RMI TCP Connection(123)-127.0.0.1] INFO  com.zaxxer.hikari.HikariDataSource - HikariPool-16 - Shutdown initiated...
2025-03-06 18:35:55 [RMI TCP Connection(123)-127.0.0.1] INFO  com.zaxxer.hikari.HikariDataSource - HikariPool-16 - Shutdown completed.
